{
  "features": [
    {
      "geometry": {
        "coordinates": [
          103.80098952191813,
          1.4403456612830383
        ],
        "type": "Point"
      },
      "id": "NODE_7C210228429B4D5D",
      "properties": {
        "anchor_method": "station_complex_representative_exit_medoid",
        "commercial_context_limitation": "A station is only an accessibility anchor. Zoning and any later building signal do not prove occupancy, availability or tuition-centre eligibility.",
        "commercial_evidence_status": "partial",
        "commercial_node_id": "NODE_7C210228429B4D5D",
        "commercial_signal_count": 1,
        "exit_count": 4,
        "missing_signal_keys_json": "[\"hdb_commercial_building\"]",
        "node_definition_version": "station-complex-commercial-evidence-v2-corrected",
        "node_name": "ADMIRALTY MRT STATION",
        "node_type": "rail_station_complex",
        "operational_status": "verified_operational",
        "operational_status_basis": "Base name matches the current dated System Map roster (S032, roster version 2026-09-13.1), whose legend was directly inspected and which marks under-construction stations distinctly; this station carries no such marker. S026 exact-name corroboration, where present, is identity corroboration only and plays no role in this determination.",
        "positive_signal_keys_json": "[\"official_land_use_zoning\"]",
        "qualification_rule": "At least 2 independent positive signal families at the 800 m evidence band.",
        "qualification_status": "provisional",
        "station_complex_id": "STC_B50D57C502166031"
      },
      "type": "Feature"
    },
    {
      "geometry": {
        "coordinates": [
          103.88247288778244,
          1.3164879303040784
        ],
        "type": "Point"
      },
      "id": "NODE_4F77B289D403BE33",
      "properties": {
        "anchor_method": "station_complex_representative_exit_medoid",
        "commercial_context_limitation": "A station is only an accessibility anchor. Zoning and any later building signal do not prove occupancy, availability or tuition-centre eligibility.",
        "commercial_evidence_status": "partial",
        "commercial_node_id": "NODE_4F77B289D403BE33",
        "commercial_signal_count": 1,
        "exit_count": 2,
        "missing_signal_keys_json": "[\"hdb_commercial_building\"]",
        "node_definition_version": "station-complex-commercial-evidence-v2-corrected",
        "node_name": "ALJUNIED MRT STATION",
        "node_type": "rail_station_complex",
        "operational_status": "verified_operational",
        "operational_status_basis": "Base name matches the current dated System Map roster (S032, roster version 2026-09-13.1), whose legend was directly inspected and which marks under-construction stations distinctly; this station carries no such marker. S026 exact-name corroboration, where present, is identity corroboration only and plays no role in this determination.",
        "positive_signal_keys_json": "[\"official_land_use_zoning\"]",
        "qualification_rule": "At least 2 independent positive signal families at the 800 m evidence band.",
        "qualification_status": "provisional",
        "station_complex_id": "STC_B788C2C43D281027"
      },
      "type": "Feature"
    },
    {
      "geometry": {
        "coordinates": [
          103.84959610065526,
          1.3696853221997212
        ],
        "type": "Point"
      },
      "id": "NODE_E0C109E03C86EF62",
      "properties": {
        "anchor_method": "station_complex_representative_exit_medoid",
        "commercial_context_limitation": "A station is only an accessibility anchor. Zoning and any later building signal do not prove occupancy, availability or tuition-centre eligibility.",
        "commercial_evidence_status": "partial",
        "commercial_node_id": "NODE_E0C109E03C86EF62",
        "commercial_signal_count": 1,
        "exit_count": 4,
        "missing_signal_keys_json": "[\"hdb_commercial_building\"]",
        "node_definition_version": "station-complex-commercial-evidence-v2-corrected",
        "node_name": "ANG MO KIO MRT STATION",
        "node_type": "rail_station_complex",
        "operational_status": "verified_operational",
        "operational_status_basis": "Base name matches the current dated System Map roster (S032, roster version 2026-09-13.1), whose legend was directly inspected and which marks under-construction stations distinctly; this station carries no such marker. S026 exact-name corroboration, where present, is identity corroboration only and plays no role in this determination.",
        "positive_signal_keys_json": "[\"official_land_use_zoning\"]",
        "qualification_rule": "At least 2 independent positive signal families at the 800 m evidence band.",
        "qualification_status": "provisional",
        "station_complex_id": "STC_DD6D730C7CACF498"
      },
      "type": "Feature"
    },
    {
      "geometry": {
        "coordinates": [
          103.8789086939245,
          1.3435010615293341
        ],
        "type": "Point"
      },
      "id": "NODE_06A7D2C76D443C97",
      "properties": {
        "anchor_method": "station_complex_representative_exit_medoid",
        "commercial_context_limitation": "A station is only an accessibility anchor. Zoning and any later building signal do not prove occupancy, availability or tuition-centre eligibility.",
        "commercial_evidence_status": "partial",
        "commercial_node_id": "NODE_06A7D2C76D443C97",
        "commercial_signal_count": 1,
        "exit_count": 2,
        "missing_signal_keys_json": "[\"hdb_commercial_building\"]",
        "node_definition_version": "station-complex-commercial-evidence-v2-corrected",
        "node_name": "BARTLEY MRT STATION",
        "node_type": "rail_station_complex",
        "operational_status": "verified_operational",
        "operational_status_basis": "Base name matches the current dated System Map roster (S032, roster version 2026-09-13.1), whose legend was directly inspected and which marks under-construction stations distinctly; this station carries no such marker. S026 exact-name corroboration, where present, is identity corroboration only and plays no role in this determination.",
        "positive_signal_keys_json": "[\"official_land_use_zoning\"]",
        "qualification_rule": "At least 2 independent positive signal families at the 800 m evidence band.",
        "qualification_status": "provisional",
        "station_complex_id": "STC_58244A40B709F799"
      },
      "type": "Feature"
    },
    {
      "geometry": {
        "coordinates": [
          103.85949384661112,
          1.2828343544709762
        ],
        "type": "Point"
      },
      "id": "NODE_A9481C2CB0BB8018",
      "properties": {
        "anchor_method": "station_complex_representative_exit_medoid",
        "commercial_context_limitation": "A station is only an accessibility anchor. Zoning and any later building signal do not prove occupancy, availability or tuition-centre eligibility.",
        "commercial_evidence_status": "partial",
        "commercial_node_id": "NODE_A9481C2CB0BB8018",
        "commercial_signal_count": 1,
        "exit_count": 5,
        "missing_signal_keys_json": "[\"hdb_commercial_building\"]",
        "node_definition_version": "station-complex-commercial-evidence-v2-corrected",
        "node_name": "BAYFRONT MRT STATION",
        "node_type": "rail_station_complex",
        "operational_status": "verified_operational",
        "operational_status_basis": "Base name matches the current dated System Map roster (S032, roster version 2026-09-13.1), whose legend was directly inspected and which marks under-construction stations distinctly; this station carries no such marker. S026 exact-name corroboration, where present, is identity corroboration only and plays no role in this determination.",
        "positive_signal_keys_json": "[\"official_land_use_zoning\"]",
        "qualification_rule": "At least 2 independent positive signal families at the 800 m evidence band.",
        "qualification_status": "provisional",
        "station_complex_id": "STC_8AB68D6BF0BC67E0"
      },
      "type": "Feature"
    },
    {
      "geometry": {
        "coordinates": [
          103.94126172566517,
          1.3118987186917346
        ],
        "type": "Point"
      },
      "id": "NODE_DDE2B058BC4C5A23",
      "properties": {
        "anchor_method": "station_complex_representative_exit_medoid",
        "commercial_context_limitation": "A station is only an accessibility anchor. Zoning and any later building signal do not prove occupancy, availability or tuition-centre eligibility.",
        "commercial_evidence_status": "partial",
        "commercial_node_id": "NODE_DDE2B058BC4C5A23",
        "commercial_signal_count": 1,
        "exit_count": 5,
        "missing_signal_keys_json": "[\"hdb_commercial_building\"]",
        "node_definition_version": "station-complex-commercial-evidence-v2-corrected",
        "node_name": "BAYSHORE MRT STATION",
        "node_type": "rail_station_complex",
        "operational_status": "verified_operational",
        "operational_status_basis": "Base name matches the current dated System Map roster (S032, roster version 2026-09-13.1), whose legend was directly inspected and which marks under-construction stations distinctly; this station carries no such marker. S026 exact-name corroboration, where present, is identity corroboration only and plays no role in this determination.",
        "positive_signal_keys_json": "[\"official_land_use_zoning\"]",
        "qualification_rule": "At least 2 independent positive signal families at the 800 m evidence band.",
        "qualification_status": "provisional",
        "station_complex_id": "STC_B6E8071224A75F4E"
      },
      "type": "Feature"
    },
    {
      "geometry": {
        "coordinates": [
          103.77545067944088,
          1.341582214549837
        ],
        "type": "Point"
      },
      "id": "NODE_EC2C7494B7539964",
      "properties": {
        "anchor_method": "station_complex_representative_exit_medoid",
        "commercial_context_limitation": "A station is only an accessibility anchor. Zoning and any later building signal do not prove occupancy, availability or tuition-centre eligibility.",
        "commercial_evidence_status": "partial",
        "commercial_node_id": "NODE_EC2C7494B7539964",
        "commercial_signal_count": 1,
        "exit_count": 3,
        "missing_signal_keys_json": "[\"hdb_commercial_building\"]",
        "node_definition_version": "station-complex-commercial-evidence-v2-corrected",
        "node_name": "BEAUTY WORLD MRT STATION",
        "node_type": "rail_station_complex",
        "operational_status": "verified_operational",
        "operational_status_basis": "Base name matches the current dated System Map roster (S032, roster version 2026-09-13.1), whose legend was directly inspected and which marks under-construction stations distinctly; this station carries no such marker. S026 exact-name corroboration, where present, is identity corroboration only and plays no role in this determination.",
        "positive_signal_keys_json": "[\"official_land_use_zoning\"]",
        "qualification_rule": "At least 2 independent positive signal families at the 800 m evidence band.",
        "qualification_status": "provisional",
        "station_complex_id": "STC_7A57F60AE16E1D86"
      },
      "type": "Feature"
    },
    {
      "geometry": {
        "coordinates": [
          103.92940427968887,
          1.3240746458654598
        ],
        "type": "Point"
      },
      "id": "NODE_88A40D6577952082",
      "properties": {
        "anchor_method": "station_complex_representative_exit_medoid",
        "commercial_context_limitation": "A station is only an accessibility anchor. Zoning and any later building signal do not prove occupancy, availability or tuition-centre eligibility.",
        "commercial_evidence_status": "partial",
        "commercial_node_id": "NODE_88A40D6577952082",
        "commercial_signal_count": 1,
        "exit_count": 3,
        "missing_signal_keys_json": "[\"hdb_commercial_building\"]",
        "node_definition_version": "station-complex-commercial-evidence-v2-corrected",
        "node_name": "BEDOK MRT STATION",
        "node_type": "rail_station_complex",
        "operational_status": "verified_operational",
        "operational_status_basis": "Base name matches the current dated System Map roster (S032, roster version 2026-09-13.1), whose legend was directly inspected and which marks under-construction stations distinctly; this station carries no such marker. S026 exact-name corroboration, where present, is identity corroboration only and plays no role in this determination.",
        "positive_signal_keys_json": "[\"official_land_use_zoning\"]",
        "qualification_rule": "At least 2 independent positive signal families at the 800 m evidence band.",
        "qualification_status": "provisional",
        "station_complex_id": "STC_CB7C501F12E26AA4"
      },
      "type": "Feature"
    },
    {
      "geometry": {
        "coordinates": [
          103.91913430266187,
          1.3343724902032656
        ],
        "type": "Point"
      },
      "id": "NODE_695A108E09CA8075",
      "properties": {
        "anchor_method": "station_complex_representative_exit_medoid",
        "commercial_context_limitation": "A station is only an accessibility anchor. Zoning and any later building signal do not prove occupancy, availability or tuition-centre eligibility.",
        "commercial_evidence_status": "partial",
        "commercial_node_id": "NODE_695A108E09CA8075",
        "commercial_signal_count": 1,
        "exit_count": 4,
        "missing_signal_keys_json": "[\"hdb_commercial_building\"]",
        "node_definition_version": "station-complex-commercial-evidence-v2-corrected",
        "node_name": "BEDOK NORTH MRT STATION",
        "node_type": "rail_station_complex",
        "operational_status": "verified_operational",
        "operational_status_basis": "Base name matches the current dated System Map roster (S032, roster version 2026-09-13.1), whose legend was directly inspected and which marks under-construction stations distinctly; this station carries no such marker. S026 exact-name corroboration, where present, is identity corroboration only and plays no role in this determination.",
        "positive_signal_keys_json": "[\"official_land_use_zoning\"]",
        "qualification_rule": "At least 2 independent positive signal families at the 800 m evidence band.",
        "qualification_status": "provisional",
        "station_complex_id": "STC_2230CDA6CC42ADCB"
      },
      "type": "Feature"
    },
    {
      "geometry": {
        "coordinates": [
          103.93348718985506,
          1.3365549033286315
        ],
        "type": "Point"
      },
      "id": "NODE_4AE54FCE1CF0DCB8",
      "properties": {
        "anchor_method": "station_complex_representative_exit_medoid",
        "commercial_context_limitation": "A station is only an accessibility anchor. Zoning and any later building signal do not prove occupancy, availability or tuition-centre eligibility.",
        "commercial_evidence_status": "partial",
        "commercial_node_id": "NODE_4AE54FCE1CF0DCB8",
        "commercial_signal_count": 1,
        "exit_count": 2,
        "missing_signal_keys_json": "[\"hdb_commercial_building\"]",
        "node_definition_version": "station-complex-commercial-evidence-v2-corrected",
        "node_name": "BEDOK RESERVOIR MRT STATION",
        "node_type": "rail_station_complex",
        "operational_status": "verified_operational",
        "operational_status_basis": "Base name matches the current dated System Map roster (S032, roster version 2026-09-13.1), whose legend was directly inspected and which marks under-construction stations distinctly; this station carries no such marker. S026 exact-name corroboration, where present, is identity corroboration only and plays no role in this determination.",
        "positive_signal_keys_json": "[\"official_land_use_zoning\"]",
        "qualification_rule": "At least 2 independent positive signal families at the 800 m evidence band.",
        "qualification_status": "provisional",
        "station_complex_id": "STC_5B8BFBDF44A00020"
      },
      "type": "Feature"
    },
    {
      "geometry": {
        "coordinates": [
          103.84956047759098,
          1.2981994004556694
        ],
        "type": "Point"
      },
      "id": "NODE_6972D751936E43AD",
      "properties": {
        "anchor_method": "station_complex_representative_exit_medoid",
        "commercial_context_limitation": "A station is only an accessibility anchor. Zoning and any later building signal do not prove occupancy, availability or tuition-centre eligibility.",
        "commercial_evidence_status": "partial",
        "commercial_node_id": "NODE_6972D751936E43AD",
        "commercial_signal_count": 1,
        "exit_count": 3,
        "missing_signal_keys_json": "[\"hdb_commercial_building\"]",
        "node_definition_version": "station-complex-commercial-evidence-v2-corrected",
        "node_name": "BENCOOLEN MRT STATION",
        "node_type": "rail_station_complex",
        "operational_status": "verified_operational",
        "operational_status_basis": "Base name matches the current dated System Map roster (S032, roster version 2026-09-13.1), whose legend was directly inspected and which marks under-construction stations distinctly; this station carries no such marker. S026 exact-name corroboration, where present, is identity corroboration only and plays no role in this determination.",
        "positive_signal_keys_json": "[\"official_land_use_zoning\"]",
        "qualification_rule": "At least 2 independent positive signal families at the 800 m evidence band.",
        "qualification_status": "provisional",
        "station_complex_id": "STC_66A296A46DF3061E"
      },
      "type": "Feature"
    },
    {
      "geometry": {
        "coordinates": [
          103.86307400593707,
          1.3138525056222503
        ],
        "type": "Point"
      },
      "id": "NODE_AAE79EF702E59084",
      "properties": {
        "anchor_method": "station_complex_representative_exit_medoid",
        "commercial_context_limitation": "A station is only an accessibility anchor. Zoning and any later building signal do not prove occupancy, availability or tuition-centre eligibility.",
        "commercial_evidence_status": "partial",
        "commercial_node_id": "NODE_AAE79EF702E59084",
        "commercial_signal_count": 1,
        "exit_count": 2,
        "missing_signal_keys_json": "[\"hdb_commercial_building\"]",
        "node_definition_version": "station-complex-commercial-evidence-v2-corrected",
        "node_name": "BENDEMEER MRT STATION",
        "node_type": "rail_station_complex",
        "operational_status": "verified_operational",
        "operational_status_basis": "Base name matches the current dated System Map roster (S032, roster version 2026-09-13.1), whose legend was directly inspected and which marks under-construction stations distinctly; this station carries no such marker. S026 exact-name corroboration, where present, is identity corroboration only and plays no role in this determination.",
        "positive_signal_keys_json": "[\"official_land_use_zoning\"]",
        "qualification_rule": "At least 2 independent positive signal families at the 800 m evidence band.",
        "qualification_status": "provisional",
        "station_complex_id": "STC_275EBBD7668747B1"
      },
      "type": "Feature"
    },
    {
      "geometry": {
        "coordinates": [
          103.84843292387485,
          1.3510348377710364
        ],
        "type": "Point"
      },
      "id": "NODE_8C9B296C3FE59EF1",
      "properties": {
        "anchor_method": "station_complex_representative_exit_medoid",
        "commercial_context_limitation": "A station is only an accessibility anchor. Zoning and any later building signal do not prove occupancy, availability or tuition-centre eligibility.",
        "commercial_evidence_status": "partial",
        "commercial_node_id": "NODE_8C9B296C3FE59EF1",
        "commercial_signal_count": 1,
        "exit_count": 5,
        "missing_signal_keys_json": "[\"hdb_commercial_building\"]",
        "node_definition_version": "station-complex-commercial-evidence-v2-corrected",
        "node_name": "BISHAN MRT STATION",
        "node_type": "rail_station_complex",
        "operational_status": "verified_operational",
        "operational_status_basis": "Base name matches the current dated System Map roster (S032, roster version 2026-09-13.1), whose legend was directly inspected and which marks under-construction stations distinctly; this station carries no such marker. S026 exact-name corroboration, where present, is identity corroboration only and plays no role in this determination.",
        "positive_signal_keys_json": "[\"official_land_use_zoning\"]",
        "qualification_rule": "At least 2 independent positive signal families at the 800 m evidence band.",
        "qualification_status": "provisional",
        "station_complex_id": "STC_813A38FE33FF28EC"
      },
      "type": "Feature"
    },
    {
      "geometry": {
        "coordinates": [
          103.86190367551879,
          1.3192351959974773
        ],
        "type": "Point"
      },
      "id": "NODE_C7B368530FF438A3",
      "properties": {
        "anchor_method": "station_complex_representative_exit_medoid",
        "commercial_context_limitation": "A station is only an accessibility anchor. Zoning and any later building signal do not prove occupancy, availability or tuition-centre eligibility.",
        "commercial_evidence_status": "partial",
        "commercial_node_id": "NODE_C7B368530FF438A3",
        "commercial_signal_count": 1,
        "exit_count": 3,
        "missing_signal_keys_json": "[\"hdb_commercial_building\"]",
        "node_definition_version": "station-complex-commercial-evidence-v2-corrected",
        "node_name": "BOON KENG MRT STATION",
        "node_type": "rail_station_complex",
        "operational_status": "verified_operational",
        "operational_status_basis": "Base name matches the current dated System Map roster (S032, roster version 2026-09-13.1), whose legend was directly inspected and which marks under-construction stations distinctly; this station carries no such marker. S026 exact-name corroboration, where present, is identity corroboration only and plays no role in this determination.",
        "positive_signal_keys_json": "[\"official_land_use_zoning\"]",
        "qualification_rule": "At least 2 independent positive signal families at the 800 m evidence band.",
        "qualification_status": "provisional",
        "station_complex_id": "STC_15AAA8331E366A31"
      },
      "type": "Feature"
    },
    {
      "geometry": {
        "coordinates": [
          103.70565003803485,
          1.3386295077959716
        ],
        "type": "Point"
      },
      "id": "NODE_7AF1F758D718FF8F",
      "properties": {
        "anchor_method": "station_complex_representative_exit_medoid",
        "commercial_context_limitation": "A station is only an accessibility anchor. Zoning and any later building signal do not prove occupancy, availability or tuition-centre eligibility.",
        "commercial_evidence_status": "partial",
        "commercial_node_id": "NODE_7AF1F758D718FF8F",
        "commercial_signal_count": 1,
        "exit_count": 6,
        "missing_signal_keys_json": "[\"hdb_commercial_building\"]",
        "node_definition_version": "station-complex-commercial-evidence-v2-corrected",
        "node_name": "BOON LAY MRT STATION",
        "node_type": "rail_station_complex",
        "operational_status": "verified_operational",
        "operational_status_basis": "Base name matches the current dated System Map roster (S032, roster version 2026-09-13.1), whose legend was directly inspected and which marks under-construction stations distinctly; this station carries no such marker. S026 exact-name corroboration, where present, is identity corroboration only and plays no role in this determination.",
        "positive_signal_keys_json": "[\"official_land_use_zoning\"]",
        "qualification_rule": "At least 2 independent positive signal families at the 800 m evidence band.",
        "qualification_status": "provisional",
        "station_complex_id": "STC_6F6EBCD7EFE249F9"
      },
      "type": "Feature"
    },
    {
      "geometry": {
        "coordinates": [
          103.81591414579154,
          1.3226846123363898
        ],
        "type": "Point"
      },
      "id": "NODE_682826D43573D3B1",
      "properties": {
        "anchor_method": "station_complex_representative_exit_medoid",
        "commercial_context_limitation": "A station is only an accessibility anchor. Zoning and any later building signal do not prove occupancy, availability or tuition-centre eligibility.",
        "commercial_evidence_status": "partial",
        "commercial_node_id": "NODE_682826D43573D3B1",
        "commercial_signal_count": 1,
        "exit_count": 2,
        "missing_signal_keys_json": "[\"hdb_commercial_building\"]",
        "node_definition_version": "station-complex-commercial-evidence-v2-corrected",
        "node_name": "BOTANIC GARDENS MRT STATION",
        "node_type": "rail_station_complex",
        "operational_status": "verified_operational",
        "operational_status_basis": "Base name matches the current dated System Map roster (S032, roster version 2026-09-13.1), whose legend was directly inspected and which marks under-construction stations distinctly; this station carries no such marker. S026 exact-name corroboration, where present, is identity corroboration only and plays no role in this determination.",
        "positive_signal_keys_json": "[\"official_land_use_zoning\"]",
        "qualification_rule": "At least 2 independent positive signal families at the 800 m evidence band.",
        "qualification_status": "provisional",
        "station_complex_id": "STC_AAAF60EAB1CCD554"
      },
      "type": "Feature"
    },
    {
      "geometry": {
        "coordinates": [
          103.84640649723127,
          1.3407443190144652
        ],
        "type": "Point"
      },
      "id": "NODE_FEB94D6F35655BFC",
      "properties": {
        "anchor_method": "station_complex_representative_exit_medoid",
        "commercial_context_limitation": "A station is only an accessibility anchor. Zoning and any later building signal do not prove occupancy, availability or tuition-centre eligibility.",
        "commercial_evidence_status": "partial",
        "commercial_node_id": "NODE_FEB94D6F35655BFC",
        "commercial_signal_count": 1,
        "exit_count": 3,
        "missing_signal_keys_json": "[\"hdb_commercial_building\"]",
        "node_definition_version": "station-complex-commercial-evidence-v2-corrected",
        "node_name": "BRADDELL MRT STATION",
        "node_type": "rail_station_complex",
        "operational_status": "verified_operational",
        "operational_status_basis": "Base name matches the current dated System Map roster (S032, roster version 2026-09-13.1), whose legend was directly inspected and which marks under-construction stations distinctly; this station carries no such marker. S026 exact-name corroboration, where present, is identity corroboration only and plays no role in this determination.",
        "positive_signal_keys_json": "[\"official_land_use_zoning\"]",
        "qualification_rule": "At least 2 independent positive signal families at the 800 m evidence band.",
        "qualification_status": "provisional",
        "station_complex_id": "STC_66D402A8CD08CA53"
      },
      "type": "Feature"
    },
    {
      "geometry": {
        "coordinates": [
          103.85024985270456,
          1.2970144329639453
        ],
        "type": "Point"
      },
      "id": "NODE_E38BFFE75BAA58C6",
      "properties": {
        "anchor_method": "station_complex_representative_exit_medoid",
        "commercial_context_limitation": "A station is only an accessibility anchor. Zoning and any later building signal do not prove occupancy, availability or tuition-centre eligibility.",
        "commercial_evidence_status": "partial",
        "commercial_node_id": "NODE_E38BFFE75BAA58C6",
        "commercial_signal_count": 1,
        "exit_count": 5,
        "missing_signal_keys_json": "[\"hdb_commercial_building\"]",
        "node_definition_version": "station-complex-commercial-evidence-v2-corrected",
        "node_name": "BRAS BASAH MRT STATION",
        "node_type": "rail_station_complex",
        "operational_status": "verified_operational",
        "operational_status_basis": "Base name matches the current dated System Map roster (S032, roster version 2026-09-13.1), whose legend was directly inspected and which marks under-construction stations distinctly; this station carries no such marker. S026 exact-name corroboration, where present, is identity corroboration only and plays no role in this determination.",
        "positive_signal_keys_json": "[\"official_land_use_zoning\"]",
        "qualification_rule": "At least 2 independent positive signal families at the 800 m evidence band.",
        "qualification_status": "provisional",
        "station_complex_id": "STC_891C7F25AE4E409A"
      },
      "type": "Feature"
    },
    {
      "geometry": {
        "coordinates": [
          103.83351063156859,
          1.3632827623551678
        ],
        "type": "Point"
      },
      "id": "NODE_E1D24242FA1871CF",
      "properties": {
        "anchor_method": "station_complex_representative_exit_medoid",
        "commercial_context_limitation": "A station is only an accessibility anchor. Zoning and any later building signal do not prove occupancy, availability or tuition-centre eligibility.",
        "commercial_evidence_status": "partial",
        "commercial_node_id": "NODE_E1D24242FA1871CF",
        "commercial_signal_count": 1,
        "exit_count": 4,
        "missing_signal_keys_json": "[\"hdb_commercial_building\"]",
        "node_definition_version": "station-complex-commercial-evidence-v2-corrected",
        "node_name": "BRIGHT HILL MRT STATION",
        "node_type": "rail_station_complex",
        "operational_status": "verified_operational",
        "operational_status_basis": "Base name matches the current dated System Map roster (S032, roster version 2026-09-13.1), whose legend was directly inspected and which marks under-construction stations distinctly; this station carries no such marker. S026 exact-name corroboration, where present, is identity corroboration only and plays no role in this determination.",
        "positive_signal_keys_json": "[\"official_land_use_zoning\"]",
        "qualification_rule": "At least 2 independent positive signal families at the 800 m evidence band.",
        "qualification_status": "provisional",
        "station_complex_id": "STC_D23E4F74F7F564D3"
      },
      "type": "Feature"
    },
    {
      "geometry": {
        "coordinates": [
          103.89288383673062,
          1.3834097909898952
        ],
        "type": "Point"
      },
      "id": "NODE_314BB47F311ED88C",
      "properties": {
        "anchor_method": "station_complex_representative_exit_medoid",
        "commercial_context_limitation": "A station is only an accessibility anchor. Zoning and any later building signal do not prove occupancy, availability or tuition-centre eligibility.",
        "commercial_evidence_status": "partial",
        "commercial_node_id": "NODE_314BB47F311ED88C",
        "commercial_signal_count": 1,
        "exit_count": 2,
        "missing_signal_keys_json": "[\"hdb_commercial_building\"]",
        "node_definition_version": "station-complex-commercial-evidence-v2-corrected",
        "node_name": "BUANGKOK MRT STATION",
        "node_type": "rail_station_complex",
        "operational_status": "verified_operational",
        "operational_status_basis": "Base name matches the current dated System Map roster (S032, roster version 2026-09-13.1), whose legend was directly inspected and which marks under-construction stations distinctly; this station carries no such marker. S026 exact-name corroboration, where present, is identity corroboration only and plays no role in this determination.",
        "positive_signal_keys_json": "[\"official_land_use_zoning\"]",
        "qualification_rule": "At least 2 independent positive signal families at the 800 m evidence band.",
        "qualification_status": "provisional",
        "station_complex_id": "STC_CBBFD58AE262B12D"
      },
      "type": "Feature"
    },
    {
      "geometry": {
        "coordinates": [
          103.85714752525624,
          1.299638234031808
        ],
        "type": "Point"
      },
      "id": "NODE_560D255D24002DF7",
      "properties": {
        "anchor_method": "station_complex_representative_exit_medoid",
        "commercial_context_limitation": "A station is only an accessibility anchor. Zoning and any later building signal do not prove occupancy, availability or tuition-centre eligibility.",
        "commercial_evidence_status": "partial",
        "commercial_node_id": "NODE_560D255D24002DF7",
        "commercial_signal_count": 1,
        "exit_count": 8,
        "missing_signal_keys_json": "[\"hdb_commercial_building\"]",
        "node_definition_version": "station-complex-commercial-evidence-v2-corrected",
        "node_name": "BUGIS MRT STATION",
        "node_type": "rail_station_complex",
        "operational_status": "verified_operational",
        "operational_status_basis": "Base name matches the current dated System Map roster (S032, roster version 2026-09-13.1), whose legend was directly inspected and which marks under-construction stations distinctly; this station carries no such marker. S026 exact-name corroboration, where present, is identity corroboration only and plays no role in this determination.",
        "positive_signal_keys_json": "[\"official_land_use_zoning\"]",
        "qualification_rule": "At least 2 independent positive signal families at the 800 m evidence band.",
        "qualification_status": "provisional",
        "station_complex_id": "STC_D583AB8DBB1F2ACE"
      },
      "type": "Feature"
    },
    {
      "geometry": {
        "coordinates": [
          103.7499369555793,
          1.349389587768077
        ],
        "type": "Point"
      },
      "id": "NODE_FEEA2CA592CBBD13",
      "properties": {
        "anchor_method": "station_complex_representative_exit_medoid",
        "commercial_context_limitation": "A station is only an accessibility anchor. Zoning and any later building signal do not prove occupancy, availability or tuition-centre eligibility.",
        "commercial_evidence_status": "partial",
        "commercial_node_id": "NODE_FEEA2CA592CBBD13",
        "commercial_signal_count": 1,
        "exit_count": 4,
        "missing_signal_keys_json": "[\"hdb_commercial_building\"]",
        "node_definition_version": "station-complex-commercial-evidence-v2-corrected",
        "node_name": "BUKIT BATOK MRT STATION",
        "node_type": "rail_station_complex",
        "operational_status": "verified_operational",
        "operational_status_basis": "Base name matches the current dated System Map roster (S032, roster version 2026-09-13.1), whose legend was directly inspected and which marks under-construction stations distinctly; this station carries no such marker. S026 exact-name corroboration, where present, is identity corroboration only and plays no role in this determination.",
        "positive_signal_keys_json": "[\"official_land_use_zoning\"]",
        "qualification_rule": "At least 2 independent positive signal families at the 800 m evidence band.",
        "qualification_status": "provisional",
        "station_complex_id": "STC_1ABA57DEFC68F88D"
      },
      "type": "Feature"
    },
    {
      "geometry": {
        "coordinates": [
          103.75207638937478,
          1.359069846241564
        ],
        "type": "Point"
      },
      "id": "NODE_3405568D50ED004C",
      "properties": {
        "anchor_method": "station_complex_representative_exit_medoid",
        "commercial_context_limitation": "A station is only an accessibility anchor. Zoning and any later building signal do not prove occupancy, availability or tuition-centre eligibility.",
        "commercial_evidence_status": "partial",
        "commercial_node_id": "NODE_3405568D50ED004C",
        "commercial_signal_count": 1,
        "exit_count": 4,
        "missing_signal_keys_json": "[\"hdb_commercial_building\"]",
        "node_definition_version": "station-complex-commercial-evidence-v2-corrected",
        "node_name": "BUKIT GOMBAK MRT STATION",
        "node_type": "rail_station_complex",
        "operational_status": "verified_operational",
        "operational_status_basis": "Base name matches the current dated System Map roster (S032, roster version 2026-09-13.1), whose legend was directly inspected and which marks under-construction stations distinctly; this station carries no such marker. S026 exact-name corroboration, where present, is identity corroboration only and plays no role in this determination.",
        "positive_signal_keys_json": "[\"official_land_use_zoning\"]",
        "qualification_rule": "At least 2 independent positive signal families at the 800 m evidence band.",
        "qualification_status": "provisional",
        "station_complex_id": "STC_B8A243ED320FA875"
      },
      "type": "Feature"
    },
    {
      "geometry": {
        "coordinates": [
          103.76192293420945,
          1.379007969740763
        ],
        "type": "Point"
      },
      "id": "NODE_E62A238EEFE24A0E",
      "properties": {
        "anchor_method": "station_complex_representative_exit_medoid",
        "commercial_context_limitation": "A station is only an accessibility anchor. Zoning and any later building signal do not prove occupancy, availability or tuition-centre eligibility.",
        "commercial_evidence_status": "partial",
        "commercial_node_id": "NODE_E62A238EEFE24A0E",
        "commercial_signal_count": 1,
        "exit_count": 4,
        "missing_signal_keys_json": "[\"hdb_commercial_building\"]",
        "node_definition_version": "station-complex-commercial-evidence-v2-corrected",
        "node_name": "BUKIT PANJANG MRT STATION",
        "node_type": "rail_station_complex",
        "operational_status": "verified_operational",
        "operational_status_basis": "Base name matches the current dated System Map roster (S032, roster version 2026-09-13.1), whose legend was directly inspected and which marks under-construction stations distinctly; this station carries no such marker. S026 exact-name corroboration, where present, is identity corroboration only and plays no role in this determination.",
        "positive_signal_keys_json": "[\"official_land_use_zoning\"]",
        "qualification_rule": "At least 2 independent positive signal families at the 800 m evidence band.",
        "qualification_status": "provisional",
        "station_complex_id": "STC_EDC24E3140F68CA3"
      },
      "type": "Feature"
    },
    {
      "geometry": {
        "coordinates": [
          103.79059939037006,
          1.3069128886104584
        ],
        "type": "Point"
      },
      "id": "NODE_8EF03DE379A2E0CA",
      "properties": {
        "anchor_method": "station_complex_representative_exit_medoid",
        "commercial_context_limitation": "A station is only an accessibility anchor. Zoning and any later building signal do not prove occupancy, availability or tuition-centre eligibility.",
        "commercial_evidence_status": "partial",
        "commercial_node_id": "NODE_8EF03DE379A2E0CA",
        "commercial_signal_count": 1,
        "exit_count": 4,
        "missing_signal_keys_json": "[\"hdb_commercial_building\"]",
        "node_definition_version": "station-complex-commercial-evidence-v2-corrected",
        "node_name": "BUONA VISTA MRT STATION",
        "node_type": "rail_station_complex",
        "operational_status": "verified_operational",
        "operational_status_basis": "Base name matches the current dated System Map roster (S032, roster version 2026-09-13.1), whose legend was directly inspected and which marks under-construction stations distinctly; this station carries no such marker. S026 exact-name corroboration, where present, is identity corroboration only and plays no role in this determination.",
        "positive_signal_keys_json": "[\"official_land_use_zoning\"]",
        "qualification_rule": "At least 2 independent positive signal families at the 800 m evidence band.",
        "qualification_status": "provisional",
        "station_complex_id": "STC_C617A66DE1877CFF"
      },
      "type": "Feature"
    },
    {
      "geometry": {
        "coordinates": [
          103.84046474529944,
          1.3378320231792558
        ],
        "type": "Point"
      },
      "id": "NODE_8E7540828D98BBC4",
      "properties": {
        "anchor_method": "station_complex_representative_exit_medoid",
        "commercial_context_limitation": "A station is only an accessibility anchor. Zoning and any later building signal do not prove occupancy, availability or tuition-centre eligibility.",
        "commercial_evidence_status": "partial",
        "commercial_node_id": "NODE_8E7540828D98BBC4",
        "commercial_signal_count": 1,
        "exit_count": 4,
        "missing_signal_keys_json": "[\"hdb_commercial_building\"]",
        "node_definition_version": "station-complex-commercial-evidence-v2-corrected",
        "node_name": "CALDECOTT MRT STATION",
        "node_type": "rail_station_complex",
        "operational_status": "verified_operational",
        "operational_status_basis": "Base name matches the current dated System Map roster (S032, roster version 2026-09-13.1), whose legend was directly inspected and which marks under-construction stations distinctly; this station carries no such marker. S026 exact-name corroboration, where present, is identity corroboration only and plays no role in this determination.",
        "positive_signal_keys_json": "[\"official_land_use_zoning\"]",
        "qualification_rule": "At least 2 independent positive signal families at the 800 m evidence band.",
        "qualification_status": "provisional",
        "station_complex_id": "STC_EFEEE0D7C9CDBC65"
      },
      "type": "Feature"
    },
    {
      "geometry": {
        "coordinates": [
          103.82996174120925,
          1.4429351481829502
        ],
        "type": "Point"
      },
      "id": "NODE_BBA37FD22F767087",
      "properties": {
        "anchor_method": "station_complex_representative_exit_medoid",
        "commercial_context_limitation": "A station is only an accessibility anchor. Zoning and any later building signal do not prove occupancy, availability or tuition-centre eligibility.",
        "commercial_evidence_status": "partial",
        "commercial_node_id": "NODE_BBA37FD22F767087",
        "commercial_signal_count": 1,
        "exit_count": 5,
        "missing_signal_keys_json": "[\"hdb_commercial_building\"]",
        "node_definition_version": "station-complex-commercial-evidence-v2-corrected",
        "node_name": "CANBERRA MRT STATION",
        "node_type": "rail_station_complex",
        "operational_status": "verified_operational",
        "operational_status_basis": "Base name matches the current dated System Map roster (S032, roster version 2026-09-13.1), whose legend was directly inspected and which marks under-construction stations distinctly; this station carries no such marker. S026 exact-name corroboration, where present, is identity corroboration only and plays no role in this determination.",
        "positive_signal_keys_json": "[\"official_land_use_zoning\"]",
        "qualification_rule": "At least 2 independent positive signal families at the 800 m evidence band.",
        "qualification_status": "provisional",
        "station_complex_id": "STC_D26D0B0DF45F8E78"
      },
      "type": "Feature"
    },
    {
      "geometry": {
        "coordinates": [
          103.8377136424707,
          1.2726821629250715
        ],
        "type": "Point"
      },
      "id": "NODE_DC81EF0E18C3E4AA",
      "properties": {
        "anchor_method": "station_complex_representative_exit_medoid",
        "commercial_context_limitation": "A station is only an accessibility anchor. Zoning and any later building signal do not prove occupancy, availability or tuition-centre eligibility.",
        "commercial_evidence_status": "partial",
        "commercial_node_id": "NODE_DC81EF0E18C3E4AA",
        "commercial_signal_count": 1,
        "exit_count": 4,
        "missing_signal_keys_json": "[\"hdb_commercial_building\"]",
        "node_definition_version": "station-complex-commercial-evidence-v2-corrected",
        "node_name": "CANTONMENT MRT STATION",
        "node_type": "rail_station_complex",
        "operational_status": "verified_operational",
        "operational_status_basis": "Official LTA news release confirms Circle Line Stage 6, including Cantonment station, opened for passenger service on 12 July 2026, before the 2026-09-12 analysis cutoff.",
        "positive_signal_keys_json": "[\"official_land_use_zoning\"]",
        "qualification_rule": "At least 2 independent positive signal families at the 800 m evidence band.",
        "qualification_status": "provisional",
        "station_complex_id": "STC_DC97B3FEE66D683C"
      },
      "type": "Feature"
    },
    {
      "geometry": {
        "coordinates": [
          103.76423448071098,
          1.3698333185962925
        ],
        "type": "Point"
      },
      "id": "NODE_9A9CEAAC0371080F",
      "properties": {
        "anchor_method": "station_complex_representative_exit_medoid",
        "commercial_context_limitation": "A station is only an accessibility anchor. Zoning and any later building signal do not prove occupancy, availability or tuition-centre eligibility.",
        "commercial_evidence_status": "partial",
        "commercial_node_id": "NODE_9A9CEAAC0371080F",
        "commercial_signal_count": 1,
        "exit_count": 1,
        "missing_signal_keys_json": "[\"hdb_commercial_building\"]",
        "node_definition_version": "station-complex-commercial-evidence-v2-corrected",
        "node_name": "CASHEW MRT STATION",
        "node_type": "rail_station_complex",
        "operational_status": "verified_operational",
        "operational_status_basis": "Base name matches the current dated System Map roster (S032, roster version 2026-09-13.1), whose legend was directly inspected and which marks under-construction stations distinctly; this station carries no such marker. S026 exact-name corroboration, where present, is identity corroboration only and plays no role in this determination.",
        "positive_signal_keys_json": "[\"official_land_use_zoning\"]",
        "qualification_rule": "At least 2 independent positive signal families at the 800 m evidence band.",
        "qualification_status": "provisional",
        "station_complex_id": "STC_AA2B8A1F695E5014"
      },
      "type": "Feature"
    },
    {
      "geometry": {
        "coordinates": [
          103.98927664241383,
          1.3563414210048035
        ],
        "type": "Point"
      },
      "id": "NODE_30032821ED3F14AA",
      "properties": {
        "anchor_method": "station_complex_representative_exit_medoid",
        "commercial_context_limitation": "A station is only an accessibility anchor. Zoning and any later building signal do not prove occupancy, availability or tuition-centre eligibility.",
        "commercial_evidence_status": "missing",
        "commercial_node_id": "NODE_30032821ED3F14AA",
        "commercial_signal_count": 0,
        "exit_count": 2,
        "missing_signal_keys_json": "[\"hdb_commercial_building\"]",
        "node_definition_version": "station-complex-commercial-evidence-v2-corrected",
        "node_name": "CHANGI AIRPORT MRT STATION",
        "node_type": "rail_station_complex",
        "operational_status": "verified_operational",
        "operational_status_basis": "Base name matches the current dated System Map roster (S032, roster version 2026-09-13.1), whose legend was directly inspected and which marks under-construction stations distinctly; this station carries no such marker. S026 exact-name corroboration, where present, is identity corroboration only and plays no role in this determination.",
        "positive_signal_keys_json": "[]",
        "qualification_rule": "At least 2 independent positive signal families at the 800 m evidence band.",
        "qualification_status": "needs_manual_review",
        "station_complex_id": "STC_DFBF0C15D203FC9F"
      },
      "type": "Feature"
    },
    {
      "geometry": {
        "coordinates": [
          103.8444585417297,
          1.284736083637029
        ],
        "type": "Point"
      },
      "id": "NODE_095FAB5264655E26",
      "properties": {
        "anchor_method": "station_complex_representative_exit_medoid",
        "commercial_context_limitation": "A station is only an accessibility anchor. Zoning and any later building signal do not prove occupancy, availability or tuition-centre eligibility.",
        "commercial_evidence_status": "partial",
        "commercial_node_id": "NODE_095FAB5264655E26",
        "commercial_signal_count": 1,
        "exit_count": 6,
        "missing_signal_keys_json": "[\"hdb_commercial_building\"]",
        "node_definition_version": "station-complex-commercial-evidence-v2-corrected",
        "node_name": "CHINATOWN MRT STATION",
        "node_type": "rail_station_complex",
        "operational_status": "verified_operational",
        "operational_status_basis": "Base name matches the current dated System Map roster (S032, roster version 2026-09-13.1), whose legend was directly inspected and which marks under-construction stations distinctly; this station carries no such marker. S026 exact-name corroboration, where present, is identity corroboration only and plays no role in this determination.",
        "positive_signal_keys_json": "[\"official_land_use_zoning\"]",
        "qualification_rule": "At least 2 independent positive signal families at the 800 m evidence band.",
        "qualification_status": "provisional",
        "station_complex_id": "STC_280A59869AD92940"
      },
      "type": "Feature"
    },
    {
      "geometry": {
        "coordinates": [
          103.73274182554528,
          1.3419820895649266
        ],
        "type": "Point"
      },
      "id": "NODE_71AA38A6F68679B2",
      "properties": {
        "anchor_method": "station_complex_representative_exit_medoid",
        "commercial_context_limitation": "A station is only an accessibility anchor. Zoning and any later building signal do not prove occupancy, availability or tuition-centre eligibility.",
        "commercial_evidence_status": "partial",
        "commercial_node_id": "NODE_71AA38A6F68679B2",
        "commercial_signal_count": 1,
        "exit_count": 3,
        "missing_signal_keys_json": "[\"hdb_commercial_building\"]",
        "node_definition_version": "station-complex-commercial-evidence-v2-corrected",
        "node_name": "CHINESE GARDEN MRT STATION",
        "node_type": "rail_station_complex",
        "operational_status": "verified_operational",
        "operational_status_basis": "Base name matches the current dated System Map roster (S032, roster version 2026-09-13.1), whose legend was directly inspected and which marks under-construction stations distinctly; this station carries no such marker. S026 exact-name corroboration, where present, is identity corroboration only and plays no role in this determination.",
        "positive_signal_keys_json": "[\"official_land_use_zoning\"]",
        "qualification_rule": "At least 2 independent positive signal families at the 800 m evidence band.",
        "qualification_status": "provisional",
        "station_complex_id": "STC_3CD5A83E2505781D"
      },
      "type": "Feature"
    },
    {
      "geometry": {
        "coordinates": [
          103.7445571353678,
          1.385431280875975
        ],
        "type": "Point"
      },
      "id": "NODE_C537F8120AAB5A48",
      "properties": {
        "anchor_method": "station_complex_representative_exit_medoid",
        "commercial_context_limitation": "A station is only an accessibility anchor. Zoning and any later building signal do not prove occupancy, availability or tuition-centre eligibility.",
        "commercial_evidence_status": "partial",
        "commercial_node_id": "NODE_C537F8120AAB5A48",
        "commercial_signal_count": 1,
        "exit_count": 7,
        "missing_signal_keys_json": "[\"hdb_commercial_building\"]",
        "node_definition_version": "station-complex-commercial-evidence-v2-corrected",
        "node_name": "CHOA CHU KANG MRT STATION",
        "node_type": "rail_station_complex",
        "operational_status": "verified_operational",
        "operational_status_basis": "Base name matches the current dated System Map roster (S032, roster version 2026-09-13.1), whose legend was directly inspected and which marks under-construction stations distinctly; this station carries no such marker. S026 exact-name corroboration, where present, is identity corroboration only and plays no role in this determination.",
        "positive_signal_keys_json": "[\"official_land_use_zoning\"]",
        "qualification_rule": "At least 2 independent positive signal families at the 800 m evidence band.",
        "qualification_status": "provisional",
        "station_complex_id": "STC_94ADD3AF9BB01C85"
      },
      "type": "Feature"
    },
    {
      "geometry": {
        "coordinates": [
          103.85298028770758,
          1.2930418479082573
        ],
        "type": "Point"
      },
      "id": "NODE_C5E383687CDDD396",
      "properties": {
        "anchor_method": "station_complex_representative_exit_medoid",
        "commercial_context_limitation": "A station is only an accessibility anchor. Zoning and any later building signal do not prove occupancy, availability or tuition-centre eligibility.",
        "commercial_evidence_status": "partial",
        "commercial_node_id": "NODE_C5E383687CDDD396",
        "commercial_signal_count": 1,
        "exit_count": 4,
        "missing_signal_keys_json": "[\"hdb_commercial_building\"]",
        "node_definition_version": "station-complex-commercial-evidence-v2-corrected",
        "node_name": "CITY HALL MRT STATION",
        "node_type": "rail_station_complex",
        "operational_status": "verified_operational",
        "operational_status_basis": "Base name matches the current dated System Map roster (S032, roster version 2026-09-13.1), whose legend was directly inspected and which marks under-construction stations distinctly; this station carries no such marker. S026 exact-name corroboration, where present, is identity corroboration only and plays no role in this determination.",
        "positive_signal_keys_json": "[\"official_land_use_zoning\"]",
        "qualification_rule": "At least 2 independent positive signal families at the 800 m evidence band.",
        "qualification_status": "provisional",
        "station_complex_id": "STC_BBFB03F1494CDF6C"
      },
      "type": "Feature"
    },
    {
      "geometry": {
        "coordinates": [
          103.84659390916543,
          1.2891992578180935
        ],
        "type": "Point"
      },
      "id": "NODE_5E7FBBC1232A94B3",
      "properties": {
        "anchor_method": "station_complex_representative_exit_medoid",
        "commercial_context_limitation": "A station is only an accessibility anchor. Zoning and any later building signal do not prove occupancy, availability or tuition-centre eligibility.",
        "commercial_evidence_status": "partial",
        "commercial_node_id": "NODE_5E7FBBC1232A94B3",
        "commercial_signal_count": 1,
        "exit_count": 6,
        "missing_signal_keys_json": "[\"hdb_commercial_building\"]",
        "node_definition_version": "station-complex-commercial-evidence-v2-corrected",
        "node_name": "CLARKE QUAY MRT STATION",
        "node_type": "rail_station_complex",
        "operational_status": "verified_operational",
        "operational_status_basis": "Base name matches the current dated System Map roster (S032, roster version 2026-09-13.1), whose legend was directly inspected and which marks under-construction stations distinctly; this station carries no such marker. S026 exact-name corroboration, where present, is identity corroboration only and plays no role in this determination.",
        "positive_signal_keys_json": "[\"official_land_use_zoning\"]",
        "qualification_rule": "At least 2 independent positive signal families at the 800 m evidence band.",
        "qualification_status": "provisional",
        "station_complex_id": "STC_930A00E714D2ED97"
      },
      "type": "Feature"
    },
    {
      "geometry": {
        "coordinates": [
          103.76574981571945,
          1.3141622981069079
        ],
        "type": "Point"
      },
      "id": "NODE_4906C58D7F369E4A",
      "properties": {
        "anchor_method": "station_complex_representative_exit_medoid",
        "commercial_context_limitation": "A station is only an accessibility anchor. Zoning and any later building signal do not prove occupancy, availability or tuition-centre eligibility.",
        "commercial_evidence_status": "partial",
        "commercial_node_id": "NODE_4906C58D7F369E4A",
        "commercial_signal_count": 1,
        "exit_count": 4,
        "missing_signal_keys_json": "[\"hdb_commercial_building\"]",
        "node_definition_version": "station-complex-commercial-evidence-v2-corrected",
        "node_name": "CLEMENTI MRT STATION",
        "node_type": "rail_station_complex",
        "operational_status": "verified_operational",
        "operational_status_basis": "Base name matches the current dated System Map roster (S032, roster version 2026-09-13.1), whose legend was directly inspected and which marks under-construction stations distinctly; this station carries no such marker. S026 exact-name corroboration, where present, is identity corroboration only and plays no role in this determination.",
        "positive_signal_keys_json": "[\"official_land_use_zoning\"]",
        "qualification_rule": "At least 2 independent positive signal families at the 800 m evidence band.",
        "qualification_status": "provisional",
        "station_complex_id": "STC_AFE4FE55950260FF"
      },
      "type": "Feature"
    },
    {
      "geometry": {
        "coordinates": [
          103.7987202587723,
          1.3020127193513336
        ],
        "type": "Point"
      },
      "id": "NODE_68F41DF8DBC33C43",
      "properties": {
        "anchor_method": "station_complex_representative_exit_medoid",
        "commercial_context_limitation": "A station is only an accessibility anchor. Zoning and any later building signal do not prove occupancy, availability or tuition-centre eligibility.",
        "commercial_evidence_status": "partial",
        "commercial_node_id": "NODE_68F41DF8DBC33C43",
        "commercial_signal_count": 1,
        "exit_count": 4,
        "missing_signal_keys_json": "[\"hdb_commercial_building\"]",
        "node_definition_version": "station-complex-commercial-evidence-v2-corrected",
        "node_name": "COMMONWEALTH MRT STATION",
        "node_type": "rail_station_complex",
        "operational_status": "verified_operational",
        "operational_status_basis": "Base name matches the current dated System Map roster (S032, roster version 2026-09-13.1), whose legend was directly inspected and which marks under-construction stations distinctly; this station carries no such marker. S026 exact-name corroboration, where present, is identity corroboration only and plays no role in this determination.",
        "positive_signal_keys_json": "[\"official_land_use_zoning\"]",
        "qualification_rule": "At least 2 independent positive signal families at the 800 m evidence band.",
        "qualification_status": "provisional",
        "station_complex_id": "STC_AE1CA295B08CCEF2"
      },
      "type": "Feature"
    },
    {
      "geometry": {
        "coordinates": [
          103.88930721534395,
          1.308814187524259
        ],
        "type": "Point"
      },
      "id": "NODE_6EC7885037F3689E",
      "properties": {
        "anchor_method": "station_complex_representative_exit_medoid",
        "commercial_context_limitation": "A station is only an accessibility anchor. Zoning and any later building signal do not prove occupancy, availability or tuition-centre eligibility.",
        "commercial_evidence_status": "partial",
        "commercial_node_id": "NODE_6EC7885037F3689E",
        "commercial_signal_count": 1,
        "exit_count": 2,
        "missing_signal_keys_json": "[\"hdb_commercial_building\"]",
        "node_definition_version": "station-complex-commercial-evidence-v2-corrected",
        "node_name": "DAKOTA MRT STATION",
        "node_type": "rail_station_complex",
        "operational_status": "verified_operational",
        "operational_status_basis": "Base name matches the current dated System Map roster (S032, roster version 2026-09-13.1), whose legend was directly inspected and which marks under-construction stations distinctly; this station carries no such marker. S026 exact-name corroboration, where present, is identity corroboration only and plays no role in this determination.",
        "positive_signal_keys_json": "[\"official_land_use_zoning\"]",
        "qualification_rule": "At least 2 independent positive signal families at the 800 m evidence band.",
        "qualification_status": "provisional",
        "station_complex_id": "STC_509205FC01B1131A"
      },
      "type": "Feature"
    },
    {
      "geometry": {
        "coordinates": [
          103.84537229423007,
          1.2997484706698177
        ],
        "type": "Point"
      },
      "id": "NODE_DF93DEF352AA0C20",
      "properties": {
        "anchor_method": "station_complex_representative_exit_medoid",
        "commercial_context_limitation": "A station is only an accessibility anchor. Zoning and any later building signal do not prove occupancy, availability or tuition-centre eligibility.",
        "commercial_evidence_status": "partial",
        "commercial_node_id": "NODE_DF93DEF352AA0C20",
        "commercial_signal_count": 1,
        "exit_count": 6,
        "missing_signal_keys_json": "[\"hdb_commercial_building\"]",
        "node_definition_version": "station-complex-commercial-evidence-v2-corrected",
        "node_name": "DHOBY GHAUT MRT STATION",
        "node_type": "rail_station_complex",
        "operational_status": "verified_operational",
        "operational_status_basis": "Base name matches the current dated System Map roster (S032, roster version 2026-09-13.1), whose legend was directly inspected and which marks under-construction stations distinctly; this station carries no such marker. S026 exact-name corroboration, where present, is identity corroboration only and plays no role in this determination.",
        "positive_signal_keys_json": "[\"official_land_use_zoning\"]",
        "qualification_rule": "At least 2 independent positive signal families at the 800 m evidence band.",
        "qualification_status": "provisional",
        "station_complex_id": "STC_F4A7F531B01F0A4B"
      },
      "type": "Feature"
    },
    {
      "geometry": {
        "coordinates": [
          103.7783047152878,
          1.3114154334487695
        ],
        "type": "Point"
      },
      "id": "NODE_0ED1747ACA0CBED4",
      "properties": {
        "anchor_method": "station_complex_representative_exit_medoid",
        "commercial_context_limitation": "A station is only an accessibility anchor. Zoning and any later building signal do not prove occupancy, availability or tuition-centre eligibility.",
        "commercial_evidence_status": "partial",
        "commercial_node_id": "NODE_0ED1747ACA0CBED4",
        "commercial_signal_count": 1,
        "exit_count": 2,
        "missing_signal_keys_json": "[\"hdb_commercial_building\"]",
        "node_definition_version": "station-complex-commercial-evidence-v2-corrected",
        "node_name": "DOVER MRT STATION",
        "node_type": "rail_station_complex",
        "operational_status": "verified_operational",
        "operational_status_basis": "Base name matches the current dated System Map roster (S032, roster version 2026-09-13.1), whose legend was directly inspected and which marks under-construction stations distinctly; this station carries no such marker. S026 exact-name corroboration, where present, is identity corroboration only and plays no role in this determination.",
        "positive_signal_keys_json": "[\"official_land_use_zoning\"]",
        "qualification_rule": "At least 2 independent positive signal families at the 800 m evidence band.",
        "qualification_status": "provisional",
        "station_complex_id": "STC_FBEEC15E6F85478F"
      },
      "type": "Feature"
    },
    {
      "geometry": {
        "coordinates": [
          103.85290812847026,
          1.2796013182822525
        ],
        "type": "Point"
      },
      "id": "NODE_460CC50E54272A6F",
      "properties": {
        "anchor_method": "station_complex_representative_exit_medoid",
        "commercial_context_limitation": "A station is only an accessibility anchor. Zoning and any later building signal do not prove occupancy, availability or tuition-centre eligibility.",
        "commercial_evidence_status": "partial",
        "commercial_node_id": "NODE_460CC50E54272A6F",
        "commercial_signal_count": 1,
        "exit_count": 6,
        "missing_signal_keys_json": "[\"hdb_commercial_building\"]",
        "node_definition_version": "station-complex-commercial-evidence-v2-corrected",
        "node_name": "DOWNTOWN MRT STATION",
        "node_type": "rail_station_complex",
        "operational_status": "verified_operational",
        "operational_status_basis": "Base name matches the current dated System Map roster (S032, roster version 2026-09-13.1), whose legend was directly inspected and which marks under-construction stations distinctly; this station carries no such marker. S026 exact-name corroboration, where present, is identity corroboration only and plays no role in this determination.",
        "positive_signal_keys_json": "[\"official_land_use_zoning\"]",
        "qualification_rule": "At least 2 independent positive signal families at the 800 m evidence band.",
        "qualification_status": "provisional",
        "station_complex_id": "STC_F86F461F578A7274"
      },
      "type": "Feature"
    },
    {
      "geometry": {
        "coordinates": [
          103.85585520377214,
          1.2929043369195197
        ],
        "type": "Point"
      },
      "id": "NODE_9907418DA96ADF8C",
      "properties": {
        "anchor_method": "station_complex_representative_exit_medoid",
        "commercial_context_limitation": "A station is only an accessibility anchor. Zoning and any later building signal do not prove occupancy, availability or tuition-centre eligibility.",
        "commercial_evidence_status": "partial",
        "commercial_node_id": "NODE_9907418DA96ADF8C",
        "commercial_signal_count": 1,
        "exit_count": 7,
        "missing_signal_keys_json": "[\"hdb_commercial_building\"]",
        "node_definition_version": "station-complex-commercial-evidence-v2-corrected",
        "node_name": "ESPLANADE MRT STATION",
        "node_type": "rail_station_complex",
        "operational_status": "verified_operational",
        "operational_status_basis": "Base name matches the current dated System Map roster (S032, roster version 2026-09-13.1), whose legend was directly inspected and which marks under-construction stations distinctly; this station carries no such marker. S026 exact-name corroboration, where present, is identity corroboration only and plays no role in this determination.",
        "positive_signal_keys_json": "[\"official_land_use_zoning\"]",
        "qualification_rule": "At least 2 independent positive signal families at the 800 m evidence band.",
        "qualification_status": "provisional",
        "station_complex_id": "STC_9BA36033BC138931"
      },
      "type": "Feature"
    },
    {
      "geometry": {
        "coordinates": [
          103.9028941378417,
          1.3195172748993538
        ],
        "type": "Point"
      },
      "id": "NODE_8AA587D6F81B4538",
      "properties": {
        "anchor_method": "station_complex_representative_exit_medoid",
        "commercial_context_limitation": "A station is only an accessibility anchor. Zoning and any later building signal do not prove occupancy, availability or tuition-centre eligibility.",
        "commercial_evidence_status": "partial",
        "commercial_node_id": "NODE_8AA587D6F81B4538",
        "commercial_signal_count": 1,
        "exit_count": 3,
        "missing_signal_keys_json": "[\"hdb_commercial_building\"]",
        "node_definition_version": "station-complex-commercial-evidence-v2-corrected",
        "node_name": "EUNOS MRT STATION",
        "node_type": "rail_station_complex",
        "operational_status": "verified_operational",
        "operational_status_basis": "Base name matches the current dated System Map roster (S032, roster version 2026-09-13.1), whose legend was directly inspected and which marks under-construction stations distinctly; this station carries no such marker. S026 exact-name corroboration, where present, is identity corroboration only and plays no role in this determination.",
        "positive_signal_keys_json": "[\"official_land_use_zoning\"]",
        "qualification_rule": "At least 2 independent positive signal families at the 800 m evidence band.",
        "qualification_status": "provisional",
        "station_complex_id": "STC_AB5D7A6360C69699"
      },
      "type": "Feature"
    },
    {
      "geometry": {
        "coordinates": [
          103.96207528759587,
          1.3352529442369512
        ],
        "type": "Point"
      },
      "id": "NODE_6C982691F828487E",
      "properties": {
        "anchor_method": "station_complex_representative_exit_medoid",
        "commercial_context_limitation": "A station is only an accessibility anchor. Zoning and any later building signal do not prove occupancy, availability or tuition-centre eligibility.",
        "commercial_evidence_status": "partial",
        "commercial_node_id": "NODE_6C982691F828487E",
        "commercial_signal_count": 1,
        "exit_count": 8,
        "missing_signal_keys_json": "[\"hdb_commercial_building\"]",
        "node_definition_version": "station-complex-commercial-evidence-v2-corrected",
        "node_name": "EXPO MRT STATION",
        "node_type": "rail_station_complex",
        "operational_status": "verified_operational",
        "operational_status_basis": "Base name matches the current dated System Map roster (S032, roster version 2026-09-13.1), whose legend was directly inspected and which marks under-construction stations distinctly; this station carries no such marker. S026 exact-name corroboration, where present, is identity corroboration only and plays no role in this determination.",
        "positive_signal_keys_json": "[\"official_land_use_zoning\"]",
        "qualification_rule": "At least 2 independent positive signal families at the 800 m evidence band.",
        "qualification_status": "provisional",
        "station_complex_id": "STC_FF20C4A24F4A3B84"
      },
      "type": "Feature"
    },
    {
      "geometry": {
        "coordinates": [
          103.85477274737836,
          1.312326909037027
        ],
        "type": "Point"
      },
      "id": "NODE_8F8AD9BDA5A118B4",
      "properties": {
        "anchor_method": "station_complex_representative_exit_medoid",
        "commercial_context_limitation": "A station is only an accessibility anchor. Zoning and any later building signal do not prove occupancy, availability or tuition-centre eligibility.",
        "commercial_evidence_status": "partial",
        "commercial_node_id": "NODE_8F8AD9BDA5A118B4",
        "commercial_signal_count": 1,
        "exit_count": 9,
        "missing_signal_keys_json": "[\"hdb_commercial_building\"]",
        "node_definition_version": "station-complex-commercial-evidence-v2-corrected",
        "node_name": "FARRER PARK MRT STATION",
        "node_type": "rail_station_complex",
        "operational_status": "verified_operational",
        "operational_status_basis": "Base name matches the current dated System Map roster (S032, roster version 2026-09-13.1), whose legend was directly inspected and which marks under-construction stations distinctly; this station carries no such marker. S026 exact-name corroboration, where present, is identity corroboration only and plays no role in this determination.",
        "positive_signal_keys_json": "[\"official_land_use_zoning\"]",
        "qualification_rule": "At least 2 independent positive signal families at the 800 m evidence band.",
        "qualification_status": "provisional",
        "station_complex_id": "STC_9E80E64D9FE57F4A"
      },
      "type": "Feature"
    },
    {
      "geometry": {
        "coordinates": [
          103.80796523070785,
          1.31749372589551
        ],
        "type": "Point"
      },
      "id": "NODE_5FA25ADDD3300E3E",
      "properties": {
        "anchor_method": "station_complex_representative_exit_medoid",
        "commercial_context_limitation": "A station is only an accessibility anchor. Zoning and any later building signal do not prove occupancy, availability or tuition-centre eligibility.",
        "commercial_evidence_status": "partial",
        "commercial_node_id": "NODE_5FA25ADDD3300E3E",
        "commercial_signal_count": 1,
        "exit_count": 2,
        "missing_signal_keys_json": "[\"hdb_commercial_building\"]",
        "node_definition_version": "station-complex-commercial-evidence-v2-corrected",
        "node_name": "FARRER ROAD MRT STATION",
        "node_type": "rail_station_complex",
        "operational_status": "verified_operational",
        "operational_status_basis": "Base name matches the current dated System Map roster (S032, roster version 2026-09-13.1), whose legend was directly inspected and which marks under-construction stations distinctly; this station carries no such marker. S026 exact-name corroboration, where present, is identity corroboration only and plays no role in this determination.",
        "positive_signal_keys_json": "[\"official_land_use_zoning\"]",
        "qualification_rule": "At least 2 independent positive signal families at the 800 m evidence band.",
        "qualification_status": "provisional",
        "station_complex_id": "STC_F5B1791C003AEA4A"
      },
      "type": "Feature"
    },
    {
      "geometry": {
        "coordinates": [
          103.84442503156531,
          1.2928302759457175
        ],
        "type": "Point"
      },
      "id": "NODE_7EB536EC1C3EBFD9",
      "properties": {
        "anchor_method": "station_complex_representative_exit_medoid",
        "commercial_context_limitation": "A station is only an accessibility anchor. Zoning and any later building signal do not prove occupancy, availability or tuition-centre eligibility.",
        "commercial_evidence_status": "partial",
        "commercial_node_id": "NODE_7EB536EC1C3EBFD9",
        "commercial_signal_count": 1,
        "exit_count": 2,
        "missing_signal_keys_json": "[\"hdb_commercial_building\"]",
        "node_definition_version": "station-complex-commercial-evidence-v2-corrected",
        "node_name": "FORT CANNING MRT STATION",
        "node_type": "rail_station_complex",
        "operational_status": "verified_operational",
        "operational_status_basis": "Base name matches the current dated System Map roster (S032, roster version 2026-09-13.1), whose legend was directly inspected and which marks under-construction stations distinctly; this station carries no such marker. S026 exact-name corroboration, where present, is identity corroboration only and plays no role in this determination.",
        "positive_signal_keys_json": "[\"official_land_use_zoning\"]",
        "qualification_rule": "At least 2 independent positive signal families at the 800 m evidence band.",
        "qualification_status": "provisional",
        "station_complex_id": "STC_A15DC5E65650920C"
      },
      "type": "Feature"
    },
    {
      "geometry": {
        "coordinates": [
          103.86796876727624,
          1.2788262233339731
        ],
        "type": "Point"
      },
      "id": "NODE_A92A6967C319951D",
      "properties": {
        "anchor_method": "station_complex_representative_exit_medoid",
        "commercial_context_limitation": "A station is only an accessibility anchor. Zoning and any later building signal do not prove occupancy, availability or tuition-centre eligibility.",
        "commercial_evidence_status": "partial",
        "commercial_node_id": "NODE_A92A6967C319951D",
        "commercial_signal_count": 1,
        "exit_count": 3,
        "missing_signal_keys_json": "[\"hdb_commercial_building\"]",
        "node_definition_version": "station-complex-commercial-evidence-v2-corrected",
        "node_name": "GARDENS BY THE BAY MRT STATION",
        "node_type": "rail_station_complex",
        "operational_status": "verified_operational",
        "operational_status_basis": "Base name matches the current dated System Map roster (S032, roster version 2026-09-13.1), whose legend was directly inspected and which marks under-construction stations distinctly; this station carries no such marker. S026 exact-name corroboration, where present, is identity corroboration only and plays no role in this determination.",
        "positive_signal_keys_json": "[\"official_land_use_zoning\"]",
        "qualification_rule": "At least 2 independent positive signal families at the 800 m evidence band.",
        "qualification_status": "provisional",
        "station_complex_id": "STC_8F8E174C8CE5749D"
      },
      "type": "Feature"
    },
    {
      "geometry": {
        "coordinates": [
          103.87155560756929,
          1.3215616987402512
        ],
        "type": "Point"
      },
      "id": "NODE_AFD3B8FF59D1D590",
      "properties": {
        "anchor_method": "station_complex_representative_exit_medoid",
        "commercial_context_limitation": "A station is only an accessibility anchor. Zoning and any later building signal do not prove occupancy, availability or tuition-centre eligibility.",
        "commercial_evidence_status": "partial",
        "commercial_node_id": "NODE_AFD3B8FF59D1D590",
        "commercial_signal_count": 1,
        "exit_count": 2,
        "missing_signal_keys_json": "[\"hdb_commercial_building\"]",
        "node_definition_version": "station-complex-commercial-evidence-v2-corrected",
        "node_name": "GEYLANG BAHRU MRT STATION",
        "node_type": "rail_station_complex",
        "operational_status": "verified_operational",
        "operational_status_basis": "Base name matches the current dated System Map roster (S032, roster version 2026-09-13.1), whose legend was directly inspected and which marks under-construction stations distinctly; this station carries no such marker. S026 exact-name corroboration, where present, is identity corroboration only and plays no role in this determination.",
        "positive_signal_keys_json": "[\"official_land_use_zoning\"]",
        "qualification_rule": "At least 2 independent positive signal families at the 800 m evidence band.",
        "qualification_status": "provisional",
        "station_complex_id": "STC_1AD85AE2B008870A"
      },
      "type": "Feature"
    },
    {
      "geometry": {
        "coordinates": [
          103.83273405917555,
          1.2938199765544345
        ],
        "type": "Point"
      },
      "id": "NODE_043AD678A36B379B",
      "properties": {
        "anchor_method": "station_complex_representative_exit_medoid",
        "commercial_context_limitation": "A station is only an accessibility anchor. Zoning and any later building signal do not prove occupancy, availability or tuition-centre eligibility.",
        "commercial_evidence_status": "partial",
        "commercial_node_id": "NODE_043AD678A36B379B",
        "commercial_signal_count": 1,
        "exit_count": 6,
        "missing_signal_keys_json": "[\"hdb_commercial_building\"]",
        "node_definition_version": "station-complex-commercial-evidence-v2-corrected",
        "node_name": "GREAT WORLD MRT STATION",
        "node_type": "rail_station_complex",
        "operational_status": "verified_operational",
        "operational_status_basis": "Base name matches the current dated System Map roster (S032, roster version 2026-09-13.1), whose legend was directly inspected and which marks under-construction stations distinctly; this station carries no such marker. S026 exact-name corroboration, where present, is identity corroboration only and plays no role in this determination.",
        "positive_signal_keys_json": "[\"official_land_use_zoning\"]",
        "qualification_rule": "At least 2 independent positive signal families at the 800 m evidence band.",
        "qualification_status": "provisional",
        "station_complex_id": "STC_B0F97F57DFB67B63"
      },
      "type": "Feature"
    },
    {
      "geometry": {
        "coordinates": [
          103.6604441438593,
          1.31903226656851
        ],
        "type": "Point"
      },
      "id": "NODE_342E1623DEF9EC6F",
      "properties": {
        "anchor_method": "station_complex_representative_exit_medoid",
        "commercial_context_limitation": "A station is only an accessibility anchor. Zoning and any later building signal do not prove occupancy, availability or tuition-centre eligibility.",
        "commercial_evidence_status": "partial",
        "commercial_node_id": "NODE_342E1623DEF9EC6F",
        "commercial_signal_count": 1,
        "exit_count": 2,
        "missing_signal_keys_json": "[\"hdb_commercial_building\"]",
        "node_definition_version": "station-complex-commercial-evidence-v2-corrected",
        "node_name": "GUL CIRCLE MRT STATION",
        "node_type": "rail_station_complex",
        "operational_status": "verified_operational",
        "operational_status_basis": "Base name matches the current dated System Map roster (S032, roster version 2026-09-13.1), whose legend was directly inspected and which marks under-construction stations distinctly; this station carries no such marker. S026 exact-name corroboration, where present, is identity corroboration only and plays no role in this determination.",
        "positive_signal_keys_json": "[\"official_land_use_zoning\"]",
        "qualification_rule": "At least 2 independent positive signal families at the 800 m evidence band.",
        "qualification_status": "provisional",
        "station_complex_id": "STC_B1151B983A3125AE"
      },
      "type": "Feature"
    },
    {
      "geometry": {
        "coordinates": [
          103.82158029169962,
          1.2649719595912232
        ],
        "type": "Point"
      },
      "id": "NODE_141F74BE5CF4576D",
      "properties": {
        "anchor_method": "station_complex_representative_exit_medoid",
        "commercial_context_limitation": "A station is only an accessibility anchor. Zoning and any later building signal do not prove occupancy, availability or tuition-centre eligibility.",
        "commercial_evidence_status": "partial",
        "commercial_node_id": "NODE_141F74BE5CF4576D",
        "commercial_signal_count": 1,
        "exit_count": 6,
        "missing_signal_keys_json": "[\"hdb_commercial_building\"]",
        "node_definition_version": "station-complex-commercial-evidence-v2-corrected",
        "node_name": "HARBOURFRONT MRT STATION",
        "node_type": "rail_station_complex",
        "operational_status": "verified_operational",
        "operational_status_basis": "Base name matches the current dated System Map roster (S032, roster version 2026-09-13.1), whose legend was directly inspected and which marks under-construction stations distinctly; this station carries no such marker. S026 exact-name corroboration, where present, is identity corroboration only and plays no role in this determination.",
        "positive_signal_keys_json": "[\"official_land_use_zoning\"]",
        "qualification_rule": "At least 2 independent positive signal families at the 800 m evidence band.",
        "qualification_status": "provisional",
        "station_complex_id": "STC_D400D451A4137370"
      },
      "type": "Feature"
    },
    {
      "geometry": {
        "coordinates": [
          103.83336952027848,
          1.2888435633535371
        ],
        "type": "Point"
      },
      "id": "NODE_8B563D9F6EE87039",
      "properties": {
        "anchor_method": "station_complex_representative_exit_medoid",
        "commercial_context_limitation": "A station is only an accessibility anchor. Zoning and any later building signal do not prove occupancy, availability or tuition-centre eligibility.",
        "commercial_evidence_status": "partial",
        "commercial_node_id": "NODE_8B563D9F6EE87039",
        "commercial_signal_count": 1,
        "exit_count": 5,
        "missing_signal_keys_json": "[\"hdb_commercial_building\"]",
        "node_definition_version": "station-complex-commercial-evidence-v2-corrected",
        "node_name": "HAVELOCK MRT STATION",
        "node_type": "rail_station_complex",
        "operational_status": "verified_operational",
        "operational_status_basis": "Base name matches the current dated System Map roster (S032, roster version 2026-09-13.1), whose legend was directly inspected and which marks under-construction stations distinctly; this station carries no such marker. S026 exact-name corroboration, where present, is identity corroboration only and plays no role in this determination.",
        "positive_signal_keys_json": "[\"official_land_use_zoning\"]",
        "qualification_rule": "At least 2 independent positive signal families at the 800 m evidence band.",
        "qualification_status": "provisional",
        "station_complex_id": "STC_E56C4B0349F49F90"
      },
      "type": "Feature"
    },
    {
      "geometry": {
        "coordinates": [
          103.7820063970724,
          1.2830552735417646
        ],
        "type": "Point"
      },
      "id": "NODE_7DA5BD20596ED3CC",
      "properties": {
        "anchor_method": "station_complex_representative_exit_medoid",
        "commercial_context_limitation": "A station is only an accessibility anchor. Zoning and any later building signal do not prove occupancy, availability or tuition-centre eligibility.",
        "commercial_evidence_status": "partial",
        "commercial_node_id": "NODE_7DA5BD20596ED3CC",
        "commercial_signal_count": 1,
        "exit_count": 1,
        "missing_signal_keys_json": "[\"hdb_commercial_building\"]",
        "node_definition_version": "station-complex-commercial-evidence-v2-corrected",
        "node_name": "HAW PAR VILLA MRT STATION",
        "node_type": "rail_station_complex",
        "operational_status": "verified_operational",
        "operational_status_basis": "Base name matches the current dated System Map roster (S032, roster version 2026-09-13.1), whose legend was directly inspected and which marks under-construction stations distinctly; this station carries no such marker. S026 exact-name corroboration, where present, is identity corroboration only and plays no role in this determination.",
        "positive_signal_keys_json": "[\"official_land_use_zoning\"]",
        "qualification_rule": "At least 2 independent positive signal families at the 800 m evidence band.",
        "qualification_status": "provisional",
        "station_complex_id": "STC_D527C23BD7CE78E8"
      },
      "type": "Feature"
    },
    {
      "geometry": {
        "coordinates": [
          103.76768829010308,
          1.3624742379450678
        ],
        "type": "Point"
      },
      "id": "NODE_CEEF4E1D26F51B48",
      "properties": {
        "anchor_method": "station_complex_representative_exit_medoid",
        "commercial_context_limitation": "A station is only an accessibility anchor. Zoning and any later building signal do not prove occupancy, availability or tuition-centre eligibility.",
        "commercial_evidence_status": "partial",
        "commercial_node_id": "NODE_CEEF4E1D26F51B48",
        "commercial_signal_count": 1,
        "exit_count": 2,
        "missing_signal_keys_json": "[\"hdb_commercial_building\"]",
        "node_definition_version": "station-complex-commercial-evidence-v2-corrected",
        "node_name": "HILLVIEW MRT STATION",
        "node_type": "rail_station_complex",
        "operational_status": "verified_operational",
        "operational_status_basis": "Base name matches the current dated System Map roster (S032, roster version 2026-09-13.1), whose legend was directly inspected and which marks under-construction stations distinctly; this station carries no such marker. S026 exact-name corroboration, where present, is identity corroboration only and plays no role in this determination.",
        "positive_signal_keys_json": "[\"official_land_use_zoning\"]",
        "qualification_rule": "At least 2 independent positive signal families at the 800 m evidence band.",
        "qualification_status": "provisional",
        "station_complex_id": "STC_CA0AFEB4220A9637"
      },
      "type": "Feature"
    },
    {
      "geometry": {
        "coordinates": [
          103.79576910839042,
          1.3110694836596164
        ],
        "type": "Point"
      },
      "id": "NODE_51D03A6872D8946C",
      "properties": {
        "anchor_method": "station_complex_representative_exit_medoid",
        "commercial_context_limitation": "A station is only an accessibility anchor. Zoning and any later building signal do not prove occupancy, availability or tuition-centre eligibility.",
        "commercial_evidence_status": "partial",
        "commercial_node_id": "NODE_51D03A6872D8946C",
        "commercial_signal_count": 1,
        "exit_count": 3,
        "missing_signal_keys_json": "[\"hdb_commercial_building\"]",
        "node_definition_version": "station-complex-commercial-evidence-v2-corrected",
        "node_name": "HOLLAND VILLAGE MRT STATION",
        "node_type": "rail_station_complex",
        "operational_status": "verified_operational",
        "operational_status_basis": "Base name matches the current dated System Map roster (S032, roster version 2026-09-13.1), whose legend was directly inspected and which marks under-construction stations distinctly; this station carries no such marker. S026 exact-name corroboration, where present, is identity corroboration only and plays no role in this determination.",
        "positive_signal_keys_json": "[\"official_land_use_zoning\"]",
        "qualification_rule": "At least 2 independent positive signal families at the 800 m evidence band.",
        "qualification_status": "provisional",
        "station_complex_id": "STC_54127CE38BDE96CC"
      },
      "type": "Feature"
    },
    {
      "geometry": {
        "coordinates": [
          103.89297240097162,
          1.3719461165527262
        ],
        "type": "Point"
      },
      "id": "NODE_FBD766C3735845AC",
      "properties": {
        "anchor_method": "station_complex_representative_exit_medoid",
        "commercial_context_limitation": "A station is only an accessibility anchor. Zoning and any later building signal do not prove occupancy, availability or tuition-centre eligibility.",
        "commercial_evidence_status": "partial",
        "commercial_node_id": "NODE_FBD766C3735845AC",
        "commercial_signal_count": 1,
        "exit_count": 3,
        "missing_signal_keys_json": "[\"hdb_commercial_building\"]",
        "node_definition_version": "station-complex-commercial-evidence-v2-corrected",
        "node_name": "HOUGANG MRT STATION",
        "node_type": "rail_station_complex",
        "operational_status": "verified_operational",
        "operational_status_basis": "Base name matches the current dated System Map roster (S032, roster version 2026-09-13.1), whose legend was directly inspected and which marks under-construction stations distinctly; this station carries no such marker. S026 exact-name corroboration, where present, is identity corroboration only and plays no role in this determination.",
        "positive_signal_keys_json": "[\"official_land_use_zoning\"]",
        "qualification_rule": "At least 2 independent positive signal families at the 800 m evidence band.",
        "qualification_status": "provisional",
        "station_complex_id": "STC_8D38CD4E7D859A05"
      },
      "type": "Feature"
    },
    {
      "geometry": {
        "coordinates": [
          103.7686516998054,
          1.3548287003188688
        ],
        "type": "Point"
      },
      "id": "NODE_300B1F56BA258FEA",
      "properties": {
        "anchor_method": "station_complex_representative_exit_medoid",
        "commercial_context_limitation": "A station is only an accessibility anchor. Zoning and any later building signal do not prove occupancy, availability or tuition-centre eligibility.",
        "commercial_evidence_status": "missing",
        "commercial_node_id": "NODE_300B1F56BA258FEA",
        "commercial_signal_count": 0,
        "exit_count": 2,
        "missing_signal_keys_json": "[\"hdb_commercial_building\"]",
        "node_definition_version": "station-complex-commercial-evidence-v2-corrected",
        "node_name": "HUME MRT STATION",
        "node_type": "rail_station_complex",
        "operational_status": "verified_operational",
        "operational_status_basis": "Official LTA news release confirms Hume station opened for passenger service at 3pm on 28 February 2025, before the 2026-09-12 analysis cutoff.",
        "positive_signal_keys_json": "[]",
        "qualification_rule": "At least 2 independent positive signal families at the 800 m evidence band.",
        "qualification_status": "needs_manual_review",
        "station_complex_id": "STC_28B6579C873901A9"
      },
      "type": "Feature"
    },
    {
      "geometry": {
        "coordinates": [
          103.8552961254143,
          1.304889894129293
        ],
        "type": "Point"
      },
      "id": "NODE_7C19E6A8B9ED491B",
      "properties": {
        "anchor_method": "station_complex_representative_exit_medoid",
        "commercial_context_limitation": "A station is only an accessibility anchor. Zoning and any later building signal do not prove occupancy, availability or tuition-centre eligibility.",
        "commercial_evidence_status": "partial",
        "commercial_node_id": "NODE_7C19E6A8B9ED491B",
        "commercial_signal_count": 1,
        "exit_count": 2,
        "missing_signal_keys_json": "[\"hdb_commercial_building\"]",
        "node_definition_version": "station-complex-commercial-evidence-v2-corrected",
        "node_name": "JALAN BESAR MRT STATION",
        "node_type": "rail_station_complex",
        "operational_status": "verified_operational",
        "operational_status_basis": "Base name matches the current dated System Map roster (S032, roster version 2026-09-13.1), whose legend was directly inspected and which marks under-construction stations distinctly; this station carries no such marker. S026 exact-name corroboration, where present, is identity corroboration only and plays no role in this determination.",
        "positive_signal_keys_json": "[\"official_land_use_zoning\"]",
        "qualification_rule": "At least 2 independent positive signal families at the 800 m evidence band.",
        "qualification_status": "provisional",
        "station_complex_id": "STC_E7E581808159DB28"
      },
      "type": "Feature"
    },
    {
      "geometry": {
        "coordinates": [
          103.67852070901132,
          1.3275020844586545
        ],
        "type": "Point"
      },
      "id": "NODE_3FAF620F7891F508",
      "properties": {
        "anchor_method": "station_complex_representative_exit_medoid",
        "commercial_context_limitation": "A station is only an accessibility anchor. Zoning and any later building signal do not prove occupancy, availability or tuition-centre eligibility.",
        "commercial_evidence_status": "missing",
        "commercial_node_id": "NODE_3FAF620F7891F508",
        "commercial_signal_count": 0,
        "exit_count": 2,
        "missing_signal_keys_json": "[\"hdb_commercial_building\"]",
        "node_definition_version": "station-complex-commercial-evidence-v2-corrected",
        "node_name": "JOO KOON MRT STATION",
        "node_type": "rail_station_complex",
        "operational_status": "verified_operational",
        "operational_status_basis": "Base name matches the current dated System Map roster (S032, roster version 2026-09-13.1), whose legend was directly inspected and which marks under-construction stations distinctly; this station carries no such marker. S026 exact-name corroboration, where present, is identity corroboration only and plays no role in this determination.",
        "positive_signal_keys_json": "[]",
        "qualification_rule": "At least 2 independent positive signal families at the 800 m evidence band.",
        "qualification_status": "needs_manual_review",
        "station_complex_id": "STC_1A4F5E20E982D40F"
      },
      "type": "Feature"
    },
    {
      "geometry": {
        "coordinates": [
          103.74229819330705,
          1.3335813310891886
        ],
        "type": "Point"
      },
      "id": "NODE_C0AB5C92F19A7661",
      "properties": {
        "anchor_method": "station_complex_representative_exit_medoid",
        "commercial_context_limitation": "A station is only an accessibility anchor. Zoning and any later building signal do not prove occupancy, availability or tuition-centre eligibility.",
        "commercial_evidence_status": "partial",
        "commercial_node_id": "NODE_C0AB5C92F19A7661",
        "commercial_signal_count": 1,
        "exit_count": 4,
        "missing_signal_keys_json": "[\"hdb_commercial_building\"]",
        "node_definition_version": "station-complex-commercial-evidence-v2-corrected",
        "node_name": "JURONG EAST MRT STATION",
        "node_type": "rail_station_complex",
        "operational_status": "verified_operational",
        "operational_status_basis": "Base name matches the current dated System Map roster (S032, roster version 2026-09-13.1), whose legend was directly inspected and which marks under-construction stations distinctly; this station carries no such marker. S026 exact-name corroboration, where present, is identity corroboration only and plays no role in this determination.",
        "positive_signal_keys_json": "[\"official_land_use_zoning\"]",
        "qualification_rule": "At least 2 independent positive signal families at the 800 m evidence band.",
        "qualification_status": "provisional",
        "station_complex_id": "STC_778030210EAE417E"
      },
      "type": "Feature"
    },
    {
      "geometry": {
        "coordinates": [
          103.90914627626276,
          1.3349218903427178
        ],
        "type": "Point"
      },
      "id": "NODE_712425661A606C76",
      "properties": {
        "anchor_method": "station_complex_representative_exit_medoid",
        "commercial_context_limitation": "A station is only an accessibility anchor. Zoning and any later building signal do not prove occupancy, availability or tuition-centre eligibility.",
        "commercial_evidence_status": "partial",
        "commercial_node_id": "NODE_712425661A606C76",
        "commercial_signal_count": 1,
        "exit_count": 2,
        "missing_signal_keys_json": "[\"hdb_commercial_building\"]",
        "node_definition_version": "station-complex-commercial-evidence-v2-corrected",
        "node_name": "KAKI BUKIT MRT STATION",
        "node_type": "rail_station_complex",
        "operational_status": "verified_operational",
        "operational_status_basis": "Base name matches the current dated System Map roster (S032, roster version 2026-09-13.1), whose legend was directly inspected and which marks under-construction stations distinctly; this station carries no such marker. S026 exact-name corroboration, where present, is identity corroboration only and plays no role in this determination.",
        "positive_signal_keys_json": "[\"official_land_use_zoning\"]",
        "qualification_rule": "At least 2 independent positive signal families at the 800 m evidence band.",
        "qualification_status": "provisional",
        "station_complex_id": "STC_6F0D2C4722CE4D53"
      },
      "type": "Feature"
    },
    {
      "geometry": {
        "coordinates": [
          103.87158707586144,
          1.311781770543804
        ],
        "type": "Point"
      },
      "id": "NODE_F49613AD264FE740",
      "properties": {
        "anchor_method": "station_complex_representative_exit_medoid",
        "commercial_context_limitation": "A station is only an accessibility anchor. Zoning and any later building signal do not prove occupancy, availability or tuition-centre eligibility.",
        "commercial_evidence_status": "partial",
        "commercial_node_id": "NODE_F49613AD264FE740",
        "commercial_signal_count": 1,
        "exit_count": 2,
        "missing_signal_keys_json": "[\"hdb_commercial_building\"]",
        "node_definition_version": "station-complex-commercial-evidence-v2-corrected",
        "node_name": "KALLANG MRT STATION",
        "node_type": "rail_station_complex",
        "operational_status": "verified_operational",
        "operational_status_basis": "Base name matches the current dated System Map roster (S032, roster version 2026-09-13.1), whose legend was directly inspected and which marks under-construction stations distinctly; this station carries no such marker. S026 exact-name corroboration, where present, is identity corroboration only and plays no role in this determination.",
        "positive_signal_keys_json": "[\"official_land_use_zoning\"]",
        "qualification_rule": "At least 2 independent positive signal families at the 800 m evidence band.",
        "qualification_status": "provisional",
        "station_complex_id": "STC_E1C9DBB999B21436"
      },
      "type": "Feature"
    },
    {
      "geometry": {
        "coordinates": [
          103.88506921760501,
          1.2983796827911394
        ],
        "type": "Point"
      },
      "id": "NODE_F0AC893B588B3B3B",
      "properties": {
        "anchor_method": "station_complex_representative_exit_medoid",
        "commercial_context_limitation": "A station is only an accessibility anchor. Zoning and any later building signal do not prove occupancy, availability or tuition-centre eligibility.",
        "commercial_evidence_status": "partial",
        "commercial_node_id": "NODE_F0AC893B588B3B3B",
        "commercial_signal_count": 1,
        "exit_count": 2,
        "missing_signal_keys_json": "[\"hdb_commercial_building\"]",
        "node_definition_version": "station-complex-commercial-evidence-v2-corrected",
        "node_name": "KATONG PARK MRT STATION",
        "node_type": "rail_station_complex",
        "operational_status": "verified_operational",
        "operational_status_basis": "Base name matches the current dated System Map roster (S032, roster version 2026-09-13.1), whose legend was directly inspected and which marks under-construction stations distinctly; this station carries no such marker. S026 exact-name corroboration, where present, is identity corroboration only and plays no role in this determination.",
        "positive_signal_keys_json": "[\"official_land_use_zoning\"]",
        "qualification_rule": "At least 2 independent positive signal families at the 800 m evidence band.",
        "qualification_status": "provisional",
        "station_complex_id": "STC_B1417E402C2418F4"
      },
      "type": "Feature"
    },
    {
      "geometry": {
        "coordinates": [
          103.91289928874629,
          1.3211521080554456
        ],
        "type": "Point"
      },
      "id": "NODE_508225A8012289DF",
      "properties": {
        "anchor_method": "station_complex_representative_exit_medoid",
        "commercial_context_limitation": "A station is only an accessibility anchor. Zoning and any later building signal do not prove occupancy, availability or tuition-centre eligibility.",
        "commercial_evidence_status": "partial",
        "commercial_node_id": "NODE_508225A8012289DF",
        "commercial_signal_count": 1,
        "exit_count": 2,
        "missing_signal_keys_json": "[\"hdb_commercial_building\"]",
        "node_definition_version": "station-complex-commercial-evidence-v2-corrected",
        "node_name": "KEMBANGAN MRT STATION",
        "node_type": "rail_station_complex",
        "operational_status": "verified_operational",
        "operational_status_basis": "Base name matches the current dated System Map roster (S032, roster version 2026-09-13.1), whose legend was directly inspected and which marks under-construction stations distinctly; this station carries no such marker. S026 exact-name corroboration, where present, is identity corroboration only and plays no role in this determination.",
        "positive_signal_keys_json": "[\"official_land_use_zoning\"]",
        "qualification_rule": "At least 2 independent positive signal families at the 800 m evidence band.",
        "qualification_status": "provisional",
        "station_complex_id": "STC_A7117C1C85FA202F"
      },
      "type": "Feature"
    },
    {
      "geometry": {
        "coordinates": [
          103.784490451682,
          1.2939847851670137
        ],
        "type": "Point"
      },
      "id": "NODE_F5CC7911FED0B37A",
      "properties": {
        "anchor_method": "station_complex_representative_exit_medoid",
        "commercial_context_limitation": "A station is only an accessibility anchor. Zoning and any later building signal do not prove occupancy, availability or tuition-centre eligibility.",
        "commercial_evidence_status": "partial",
        "commercial_node_id": "NODE_F5CC7911FED0B37A",
        "commercial_signal_count": 1,
        "exit_count": 4,
        "missing_signal_keys_json": "[\"hdb_commercial_building\"]",
        "node_definition_version": "station-complex-commercial-evidence-v2-corrected",
        "node_name": "KENT RIDGE MRT STATION",
        "node_type": "rail_station_complex",
        "operational_status": "verified_operational",
        "operational_status_basis": "Base name matches the current dated System Map roster (S032, roster version 2026-09-13.1), whose legend was directly inspected and which marks under-construction stations distinctly; this station carries no such marker. S026 exact-name corroboration, where present, is identity corroboration only and plays no role in this determination.",
        "positive_signal_keys_json": "[\"official_land_use_zoning\"]",
        "qualification_rule": "At least 2 independent positive signal families at the 800 m evidence band.",
        "qualification_status": "provisional",
        "station_complex_id": "STC_09BB046DABEF8643"
      },
      "type": "Feature"
    },
    {
      "geometry": {
        "coordinates": [
          103.82962481278612,
          1.2705454759594066
        ],
        "type": "Point"
      },
      "id": "NODE_8000C9A71C8BE65C",
      "properties": {
        "anchor_method": "station_complex_representative_exit_medoid",
        "commercial_context_limitation": "A station is only an accessibility anchor. Zoning and any later building signal do not prove occupancy, availability or tuition-centre eligibility.",
        "commercial_evidence_status": "partial",
        "commercial_node_id": "NODE_8000C9A71C8BE65C",
        "commercial_signal_count": 1,
        "exit_count": 3,
        "missing_signal_keys_json": "[\"hdb_commercial_building\"]",
        "node_definition_version": "station-complex-commercial-evidence-v2-corrected",
        "node_name": "KEPPEL MRT STATION",
        "node_type": "rail_station_complex",
        "operational_status": "verified_operational",
        "operational_status_basis": "Official LTA news release confirms Circle Line Stage 6, including Keppel, Cantonment and Prince Edward Road stations, opened for passenger service on 12 July 2026, before the 2026-09-12 analysis cutoff.",
        "positive_signal_keys_json": "[\"official_land_use_zoning\"]",
        "qualification_rule": "At least 2 independent positive signal families at the 800 m evidence band.",
        "qualification_status": "provisional",
        "station_complex_id": "STC_EED39143B2C1F15F"
      },
      "type": "Feature"
    },
    {
      "geometry": {
        "coordinates": [
          103.83288691369441,
          1.4175447068525804
        ],
        "type": "Point"
      },
      "id": "NODE_C3A8C9C6D085005D",
      "properties": {
        "anchor_method": "station_complex_representative_exit_medoid",
        "commercial_context_limitation": "A station is only an accessibility anchor. Zoning and any later building signal do not prove occupancy, availability or tuition-centre eligibility.",
        "commercial_evidence_status": "partial",
        "commercial_node_id": "NODE_C3A8C9C6D085005D",
        "commercial_signal_count": 1,
        "exit_count": 4,
        "missing_signal_keys_json": "[\"hdb_commercial_building\"]",
        "node_definition_version": "station-complex-commercial-evidence-v2-corrected",
        "node_name": "KHATIB MRT STATION",
        "node_type": "rail_station_complex",
        "operational_status": "verified_operational",
        "operational_status_basis": "Base name matches the current dated System Map roster (S032, roster version 2026-09-13.1), whose legend was directly inspected and which marks under-construction stations distinctly; this station carries no such marker. S026 exact-name corroboration, where present, is identity corroboration only and plays no role in this determination.",
        "positive_signal_keys_json": "[\"official_land_use_zoning\"]",
        "qualification_rule": "At least 2 independent positive signal families at the 800 m evidence band.",
        "qualification_status": "provisional",
        "station_complex_id": "STC_5BBBEA6AACE37B04"
      },
      "type": "Feature"
    },
    {
      "geometry": {
        "coordinates": [
          103.78456158478065,
          1.33597604551556
        ],
        "type": "Point"
      },
      "id": "NODE_B8A0F18B025E7123",
      "properties": {
        "anchor_method": "station_complex_representative_exit_medoid",
        "commercial_context_limitation": "A station is only an accessibility anchor. Zoning and any later building signal do not prove occupancy, availability or tuition-centre eligibility.",
        "commercial_evidence_status": "partial",
        "commercial_node_id": "NODE_B8A0F18B025E7123",
        "commercial_signal_count": 1,
        "exit_count": 2,
        "missing_signal_keys_json": "[\"hdb_commercial_building\"]",
        "node_definition_version": "station-complex-commercial-evidence-v2-corrected",
        "node_name": "KING ALBERT PARK MRT STATION",
        "node_type": "rail_station_complex",
        "operational_status": "verified_operational",
        "operational_status_basis": "Base name matches the current dated System Map roster (S032, roster version 2026-09-13.1), whose legend was directly inspected and which marks under-construction stations distinctly; this station carries no such marker. S026 exact-name corroboration, where present, is identity corroboration only and plays no role in this determination.",
        "positive_signal_keys_json": "[\"official_land_use_zoning\"]",
        "qualification_rule": "At least 2 independent positive signal families at the 800 m evidence band.",
        "qualification_status": "provisional",
        "station_complex_id": "STC_22F5C5D46F348B1B"
      },
      "type": "Feature"
    },
    {
      "geometry": {
        "coordinates": [
          103.88472173212224,
          1.3602056230632658
        ],
        "type": "Point"
      },
      "id": "NODE_47C3F502FCBF6D2F",
      "properties": {
        "anchor_method": "station_complex_representative_exit_medoid",
        "commercial_context_limitation": "A station is only an accessibility anchor. Zoning and any later building signal do not prove occupancy, availability or tuition-centre eligibility.",
        "commercial_evidence_status": "partial",
        "commercial_node_id": "NODE_47C3F502FCBF6D2F",
        "commercial_signal_count": 1,
        "exit_count": 3,
        "missing_signal_keys_json": "[\"hdb_commercial_building\"]",
        "node_definition_version": "station-complex-commercial-evidence-v2-corrected",
        "node_name": "KOVAN MRT STATION",
        "node_type": "rail_station_complex",
        "operational_status": "verified_operational",
        "operational_status_basis": "Base name matches the current dated System Map roster (S032, roster version 2026-09-13.1), whose legend was directly inspected and which marks under-construction stations distinctly; this station carries no such marker. S026 exact-name corroboration, where present, is identity corroboration only and plays no role in this determination.",
        "positive_signal_keys_json": "[\"official_land_use_zoning\"]",
        "qualification_rule": "At least 2 independent positive signal families at the 800 m evidence band.",
        "qualification_status": "provisional",
        "station_complex_id": "STC_F55880BA8FD61D42"
      },
      "type": "Feature"
    },
    {
      "geometry": {
        "coordinates": [
          103.76194060609642,
          1.4248526446610568
        ],
        "type": "Point"
      },
      "id": "NODE_D35F5F5B781094AD",
      "properties": {
        "anchor_method": "station_complex_representative_exit_medoid",
        "commercial_context_limitation": "A station is only an accessibility anchor. Zoning and any later building signal do not prove occupancy, availability or tuition-centre eligibility.",
        "commercial_evidence_status": "missing",
        "commercial_node_id": "NODE_D35F5F5B781094AD",
        "commercial_signal_count": 0,
        "exit_count": 4,
        "missing_signal_keys_json": "[\"hdb_commercial_building\"]",
        "node_definition_version": "station-complex-commercial-evidence-v2-corrected",
        "node_name": "KRANJI MRT STATION",
        "node_type": "rail_station_complex",
        "operational_status": "verified_operational",
        "operational_status_basis": "Base name matches the current dated System Map roster (S032, roster version 2026-09-13.1), whose legend was directly inspected and which marks under-construction stations distinctly; this station carries no such marker. S026 exact-name corroboration, where present, is identity corroboration only and plays no role in this determination.",
        "positive_signal_keys_json": "[]",
        "qualification_rule": "At least 2 independent positive signal families at the 800 m evidence band.",
        "qualification_status": "needs_manual_review",
        "station_complex_id": "STC_22BE8EFFD4979949"
      },
      "type": "Feature"
    },
    {
      "geometry": {
        "coordinates": [
          103.80235555366292,
          1.2721069580543352
        ],
        "type": "Point"
      },
      "id": "NODE_DE42F66BB02CB336",
      "properties": {
        "anchor_method": "station_complex_representative_exit_medoid",
        "commercial_context_limitation": "A station is only an accessibility anchor. Zoning and any later building signal do not prove occupancy, availability or tuition-centre eligibility.",
        "commercial_evidence_status": "partial",
        "commercial_node_id": "NODE_DE42F66BB02CB336",
        "commercial_signal_count": 1,
        "exit_count": 1,
        "missing_signal_keys_json": "[\"hdb_commercial_building\"]",
        "node_definition_version": "station-complex-commercial-evidence-v2-corrected",
        "node_name": "LABRADOR PARK MRT STATION",
        "node_type": "rail_station_complex",
        "operational_status": "verified_operational",
        "operational_status_basis": "Base name matches the current dated System Map roster (S032, roster version 2026-09-13.1), whose legend was directly inspected and which marks under-construction stations distinctly; this station carries no such marker. S026 exact-name corroboration, where present, is identity corroboration only and plays no role in this determination.",
        "positive_signal_keys_json": "[\"official_land_use_zoning\"]",
        "qualification_rule": "At least 2 independent positive signal families at the 800 m evidence band.",
        "qualification_status": "provisional",
        "station_complex_id": "STC_6A969F8D16F4F8A6"
      },
      "type": "Feature"
    },
    {
      "geometry": {
        "coordinates": [
          103.72107541274288,
          1.344081457519484
        ],
        "type": "Point"
      },
      "id": "NODE_B8F210180D005C64",
      "properties": {
        "anchor_method": "station_complex_representative_exit_medoid",
        "commercial_context_limitation": "A station is only an accessibility anchor. Zoning and any later building signal do not prove occupancy, availability or tuition-centre eligibility.",
        "commercial_evidence_status": "partial",
        "commercial_node_id": "NODE_B8F210180D005C64",
        "commercial_signal_count": 1,
        "exit_count": 3,
        "missing_signal_keys_json": "[\"hdb_commercial_building\"]",
        "node_definition_version": "station-complex-commercial-evidence-v2-corrected",
        "node_name": "LAKESIDE MRT STATION",
        "node_type": "rail_station_complex",
        "operational_status": "verified_operational",
        "operational_status_basis": "Base name matches the current dated System Map roster (S032, roster version 2026-09-13.1), whose legend was directly inspected and which marks under-construction stations distinctly; this station carries no such marker. S026 exact-name corroboration, where present, is identity corroboration only and plays no role in this determination.",
        "positive_signal_keys_json": "[\"official_land_use_zoning\"]",
        "qualification_rule": "At least 2 independent positive signal families at the 800 m evidence band.",
        "qualification_status": "provisional",
        "station_complex_id": "STC_AF4FD27888E2A57C"
      },
      "type": "Feature"
    },
    {
      "geometry": {
        "coordinates": [
          103.86304306290333,
          1.307169460472736
        ],
        "type": "Point"
      },
      "id": "NODE_96B8559671B5A65F",
      "properties": {
        "anchor_method": "station_complex_representative_exit_medoid",
        "commercial_context_limitation": "A station is only an accessibility anchor. Zoning and any later building signal do not prove occupancy, availability or tuition-centre eligibility.",
        "commercial_evidence_status": "partial",
        "commercial_node_id": "NODE_96B8559671B5A65F",
        "commercial_signal_count": 1,
        "exit_count": 2,
        "missing_signal_keys_json": "[\"hdb_commercial_building\"]",
        "node_definition_version": "station-complex-commercial-evidence-v2-corrected",
        "node_name": "LAVENDER MRT STATION",
        "node_type": "rail_station_complex",
        "operational_status": "verified_operational",
        "operational_status_basis": "Base name matches the current dated System Map roster (S032, roster version 2026-09-13.1), whose legend was directly inspected and which marks under-construction stations distinctly; this station carries no such marker. S026 exact-name corroboration, where present, is identity corroboration only and plays no role in this determination.",
        "positive_signal_keys_json": "[\"official_land_use_zoning\"]",
        "qualification_rule": "At least 2 independent positive signal families at the 800 m evidence band.",
        "qualification_status": "provisional",
        "station_complex_id": "STC_61B9030BFE9DF934"
      },
      "type": "Feature"
    },
    {
      "geometry": {
        "coordinates": [
          103.83683953269572,
          1.384162375361772
        ],
        "type": "Point"
      },
      "id": "NODE_038D6E216A990844",
      "properties": {
        "anchor_method": "station_complex_representative_exit_medoid",
        "commercial_context_limitation": "A station is only an accessibility anchor. Zoning and any later building signal do not prove occupancy, availability or tuition-centre eligibility.",
        "commercial_evidence_status": "partial",
        "commercial_node_id": "NODE_038D6E216A990844",
        "commercial_signal_count": 1,
        "exit_count": 5,
        "missing_signal_keys_json": "[\"hdb_commercial_building\"]",
        "node_definition_version": "station-complex-commercial-evidence-v2-corrected",
        "node_name": "LENTOR MRT STATION",
        "node_type": "rail_station_complex",
        "operational_status": "verified_operational",
        "operational_status_basis": "Base name matches the current dated System Map roster (S032, roster version 2026-09-13.1), whose legend was directly inspected and which marks under-construction stations distinctly; this station carries no such marker. S026 exact-name corroboration, where present, is identity corroboration only and plays no role in this determination.",
        "positive_signal_keys_json": "[\"official_land_use_zoning\"]",
        "qualification_rule": "At least 2 independent positive signal families at the 800 m evidence band.",
        "qualification_status": "provisional",
        "station_complex_id": "STC_AFD15F74F4525E94"
      },
      "type": "Feature"
    },
    {
      "geometry": {
        "coordinates": [
          103.84898508971142,
          1.306563555357783
        ],
        "type": "Point"
      },
      "id": "NODE_CFFC3AC353F855DE",
      "properties": {
        "anchor_method": "station_complex_representative_exit_medoid",
        "commercial_context_limitation": "A station is only an accessibility anchor. Zoning and any later building signal do not prove occupancy, availability or tuition-centre eligibility.",
        "commercial_evidence_status": "partial",
        "commercial_node_id": "NODE_CFFC3AC353F855DE",
        "commercial_signal_count": 1,
        "exit_count": 6,
        "missing_signal_keys_json": "[\"hdb_commercial_building\"]",
        "node_definition_version": "station-complex-commercial-evidence-v2-corrected",
        "node_name": "LITTLE INDIA MRT STATION",
        "node_type": "rail_station_complex",
        "operational_status": "verified_operational",
        "operational_status_basis": "Base name matches the current dated System Map roster (S032, roster version 2026-09-13.1), whose legend was directly inspected and which marks under-construction stations distinctly; this station carries no such marker. S026 exact-name corroboration, where present, is identity corroboration only and plays no role in this determination.",
        "positive_signal_keys_json": "[\"official_land_use_zoning\"]",
        "qualification_rule": "At least 2 independent positive signal families at the 800 m evidence band.",
        "qualification_status": "provisional",
        "station_complex_id": "STC_7872C01A9101DFB0"
      },
      "type": "Feature"
    },
    {
      "geometry": {
        "coordinates": [
          103.86291829995642,
          1.3517385379127682
        ],
        "type": "Point"
      },
      "id": "NODE_9B9F1BA40A1694BF",
      "properties": {
        "anchor_method": "station_complex_representative_exit_medoid",
        "commercial_context_limitation": "A station is only an accessibility anchor. Zoning and any later building signal do not prove occupancy, availability or tuition-centre eligibility.",
        "commercial_evidence_status": "partial",
        "commercial_node_id": "NODE_9B9F1BA40A1694BF",
        "commercial_signal_count": 1,
        "exit_count": 2,
        "missing_signal_keys_json": "[\"hdb_commercial_building\"]",
        "node_definition_version": "station-complex-commercial-evidence-v2-corrected",
        "node_name": "LORONG CHUAN MRT STATION",
        "node_type": "rail_station_complex",
        "operational_status": "verified_operational",
        "operational_status_basis": "Base name matches the current dated System Map roster (S032, roster version 2026-09-13.1), whose legend was directly inspected and which marks under-construction stations distinctly; this station carries no such marker. S026 exact-name corroboration, where present, is identity corroboration only and plays no role in this determination.",
        "positive_signal_keys_json": "[\"official_land_use_zoning\"]",
        "qualification_rule": "At least 2 independent positive signal families at the 800 m evidence band.",
        "qualification_status": "provisional",
        "station_complex_id": "STC_FD72AFEB738E39CB"
      },
      "type": "Feature"
    },
    {
      "geometry": {
        "coordinates": [
          103.89026256557356,
          1.32548152990651
        ],
        "type": "Point"
      },
      "id": "NODE_E30E66328EE90491",
      "properties": {
        "anchor_method": "station_complex_representative_exit_medoid",
        "commercial_context_limitation": "A station is only an accessibility anchor. Zoning and any later building signal do not prove occupancy, availability or tuition-centre eligibility.",
        "commercial_evidence_status": "partial",
        "commercial_node_id": "NODE_E30E66328EE90491",
        "commercial_signal_count": 1,
        "exit_count": 5,
        "missing_signal_keys_json": "[\"hdb_commercial_building\"]",
        "node_definition_version": "station-complex-commercial-evidence-v2-corrected",
        "node_name": "MACPHERSON MRT STATION",
        "node_type": "rail_station_complex",
        "operational_status": "verified_operational",
        "operational_status_basis": "Base name matches the current dated System Map roster (S032, roster version 2026-09-13.1), whose legend was directly inspected and which marks under-construction stations distinctly; this station carries no such marker. S026 exact-name corroboration, where present, is identity corroboration only and plays no role in this determination.",
        "positive_signal_keys_json": "[\"official_land_use_zoning\"]",
        "qualification_rule": "At least 2 independent positive signal families at the 800 m evidence band.",
        "qualification_status": "provisional",
        "station_complex_id": "STC_23EB052ABD98312D"
      },
      "type": "Feature"
    },
    {
      "geometry": {
        "coordinates": [
          103.85537174149034,
          1.2754163658971882
        ],
        "type": "Point"
      },
      "id": "NODE_2FD56C45E8AA669F",
      "properties": {
        "anchor_method": "station_complex_representative_exit_medoid",
        "commercial_context_limitation": "A station is only an accessibility anchor. Zoning and any later building signal do not prove occupancy, availability or tuition-centre eligibility.",
        "commercial_evidence_status": "partial",
        "commercial_node_id": "NODE_2FD56C45E8AA669F",
        "commercial_signal_count": 1,
        "exit_count": 5,
        "missing_signal_keys_json": "[\"hdb_commercial_building\"]",
        "node_definition_version": "station-complex-commercial-evidence-v2-corrected",
        "node_name": "MARINA BAY MRT STATION",
        "node_type": "rail_station_complex",
        "operational_status": "verified_operational",
        "operational_status_basis": "Base name matches the current dated System Map roster (S032, roster version 2026-09-13.1), whose legend was directly inspected and which marks under-construction stations distinctly; this station carries no such marker. S026 exact-name corroboration, where present, is identity corroboration only and plays no role in this determination.",
        "positive_signal_keys_json": "[\"official_land_use_zoning\"]",
        "qualification_rule": "At least 2 independent positive signal families at the 800 m evidence band.",
        "qualification_status": "provisional",
        "station_complex_id": "STC_5D98A31D2D35BEB3"
      },
      "type": "Feature"
    },
    {
      "geometry": {
        "coordinates": [
          103.86233005096989,
          1.2705299895186322
        ],
        "type": "Point"
      },
      "id": "NODE_480291568346B07C",
      "properties": {
        "anchor_method": "station_complex_representative_exit_medoid",
        "commercial_context_limitation": "A station is only an accessibility anchor. Zoning and any later building signal do not prove occupancy, availability or tuition-centre eligibility.",
        "commercial_evidence_status": "partial",
        "commercial_node_id": "NODE_480291568346B07C",
        "commercial_signal_count": 1,
        "exit_count": 2,
        "missing_signal_keys_json": "[\"hdb_commercial_building\"]",
        "node_definition_version": "station-complex-commercial-evidence-v2-corrected",
        "node_name": "MARINA SOUTH PIER MRT STATION",
        "node_type": "rail_station_complex",
        "operational_status": "verified_operational",
        "operational_status_basis": "Base name matches the current dated System Map roster (S032, roster version 2026-09-13.1), whose legend was directly inspected and which marks under-construction stations distinctly; this station carries no such marker. S026 exact-name corroboration, where present, is identity corroboration only and plays no role in this determination.",
        "positive_signal_keys_json": "[\"official_land_use_zoning\"]",
        "qualification_rule": "At least 2 independent positive signal families at the 800 m evidence band.",
        "qualification_status": "provisional",
        "station_complex_id": "STC_7BB8D5B0E1B80496"
      },
      "type": "Feature"
    },
    {
      "geometry": {
        "coordinates": [
          103.90778792411058,
          1.3042985347100633
        ],
        "type": "Point"
      },
      "id": "NODE_5DB9489B1E8CC1A1",
      "properties": {
        "anchor_method": "station_complex_representative_exit_medoid",
        "commercial_context_limitation": "A station is only an accessibility anchor. Zoning and any later building signal do not prove occupancy, availability or tuition-centre eligibility.",
        "commercial_evidence_status": "partial",
        "commercial_node_id": "NODE_5DB9489B1E8CC1A1",
        "commercial_signal_count": 1,
        "exit_count": 6,
        "missing_signal_keys_json": "[\"hdb_commercial_building\"]",
        "node_definition_version": "station-complex-commercial-evidence-v2-corrected",
        "node_name": "MARINE PARADE MRT STATION",
        "node_type": "rail_station_complex",
        "operational_status": "verified_operational",
        "operational_status_basis": "Base name matches the current dated System Map roster (S032, roster version 2026-09-13.1), whose legend was directly inspected and which marks under-construction stations distinctly; this station carries no such marker. S026 exact-name corroboration, where present, is identity corroboration only and plays no role in this determination.",
        "positive_signal_keys_json": "[\"official_land_use_zoning\"]",
        "qualification_rule": "At least 2 independent positive signal families at the 800 m evidence band.",
        "qualification_status": "provisional",
        "station_complex_id": "STC_530DAFFFE06DF125"
      },
      "type": "Feature"
    },
    {
      "geometry": {
        "coordinates": [
          103.91502013985657,
          1.3068953217431258
        ],
        "type": "Point"
      },
      "id": "NODE_23E1F1B3CAF5448D",
      "properties": {
        "anchor_method": "station_complex_representative_exit_medoid",
        "commercial_context_limitation": "A station is only an accessibility anchor. Zoning and any later building signal do not prove occupancy, availability or tuition-centre eligibility.",
        "commercial_evidence_status": "partial",
        "commercial_node_id": "NODE_23E1F1B3CAF5448D",
        "commercial_signal_count": 1,
        "exit_count": 6,
        "missing_signal_keys_json": "[\"hdb_commercial_building\"]",
        "node_definition_version": "station-complex-commercial-evidence-v2-corrected",
        "node_name": "MARINE TERRACE MRT STATION",
        "node_type": "rail_station_complex",
        "operational_status": "verified_operational",
        "operational_status_basis": "Base name matches the current dated System Map roster (S032, roster version 2026-09-13.1), whose legend was directly inspected and which marks under-construction stations distinctly; this station carries no such marker. S026 exact-name corroboration, where present, is identity corroboration only and plays no role in this determination.",
        "positive_signal_keys_json": "[\"official_land_use_zoning\"]",
        "qualification_rule": "At least 2 independent positive signal families at the 800 m evidence band.",
        "qualification_status": "provisional",
        "station_complex_id": "STC_82A3919242124285"
      },
      "type": "Feature"
    },
    {
      "geometry": {
        "coordinates": [
          103.77421049331159,
          1.4328016943533108
        ],
        "type": "Point"
      },
      "id": "NODE_5A8A2367299FC45A",
      "properties": {
        "anchor_method": "station_complex_representative_exit_medoid",
        "commercial_context_limitation": "A station is only an accessibility anchor. Zoning and any later building signal do not prove occupancy, availability or tuition-centre eligibility.",
        "commercial_evidence_status": "partial",
        "commercial_node_id": "NODE_5A8A2367299FC45A",
        "commercial_signal_count": 1,
        "exit_count": 4,
        "missing_signal_keys_json": "[\"hdb_commercial_building\"]",
        "node_definition_version": "station-complex-commercial-evidence-v2-corrected",
        "node_name": "MARSILING MRT STATION",
        "node_type": "rail_station_complex",
        "operational_status": "verified_operational",
        "operational_status_basis": "Base name matches the current dated System Map roster (S032, roster version 2026-09-13.1), whose legend was directly inspected and which marks under-construction stations distinctly; this station carries no such marker. S026 exact-name corroboration, where present, is identity corroboration only and plays no role in this determination.",
        "positive_signal_keys_json": "[\"official_land_use_zoning\"]",
        "qualification_rule": "At least 2 independent positive signal families at the 800 m evidence band.",
        "qualification_status": "provisional",
        "station_complex_id": "STC_26A0C33CAD64DAAD"
      },
      "type": "Feature"
    },
    {
      "geometry": {
        "coordinates": [
          103.84005891807723,
          1.3478660721730777
        ],
        "type": "Point"
      },
      "id": "NODE_6A1D9A6B156450A8",
      "properties": {
        "anchor_method": "station_complex_representative_exit_medoid",
        "commercial_context_limitation": "A station is only an accessibility anchor. Zoning and any later building signal do not prove occupancy, availability or tuition-centre eligibility.",
        "commercial_evidence_status": "partial",
        "commercial_node_id": "NODE_6A1D9A6B156450A8",
        "commercial_signal_count": 1,
        "exit_count": 2,
        "missing_signal_keys_json": "[\"hdb_commercial_building\"]",
        "node_definition_version": "station-complex-commercial-evidence-v2-corrected",
        "node_name": "MARYMOUNT MRT STATION",
        "node_type": "rail_station_complex",
        "operational_status": "verified_operational",
        "operational_status_basis": "Base name matches the current dated System Map roster (S032, roster version 2026-09-13.1), whose legend was directly inspected and which marks under-construction stations distinctly; this station carries no such marker. S026 exact-name corroboration, where present, is identity corroboration only and plays no role in this determination.",
        "positive_signal_keys_json": "[\"official_land_use_zoning\"]",
        "qualification_rule": "At least 2 independent positive signal families at the 800 m evidence band.",
        "qualification_status": "provisional",
        "station_complex_id": "STC_9CC04073F76618E0"
      },
      "type": "Feature"
    },
    {
      "geometry": {
        "coordinates": [
          103.88273206724486,
          1.327251414091795
        ],
        "type": "Point"
      },
      "id": "NODE_851910964CFB2F80",
      "properties": {
        "anchor_method": "station_complex_representative_exit_medoid",
        "commercial_context_limitation": "A station is only an accessibility anchor. Zoning and any later building signal do not prove occupancy, availability or tuition-centre eligibility.",
        "commercial_evidence_status": "partial",
        "commercial_node_id": "NODE_851910964CFB2F80",
        "commercial_signal_count": 1,
        "exit_count": 2,
        "missing_signal_keys_json": "[\"hdb_commercial_building\"]",
        "node_definition_version": "station-complex-commercial-evidence-v2-corrected",
        "node_name": "MATTAR MRT STATION",
        "node_type": "rail_station_complex",
        "operational_status": "verified_operational",
        "operational_status_basis": "Base name matches the current dated System Map roster (S032, roster version 2026-09-13.1), whose legend was directly inspected and which marks under-construction stations distinctly; this station carries no such marker. S026 exact-name corroboration, where present, is identity corroboration only and plays no role in this determination.",
        "positive_signal_keys_json": "[\"official_land_use_zoning\"]",
        "qualification_rule": "At least 2 independent positive signal families at the 800 m evidence band.",
        "qualification_status": "provisional",
        "station_complex_id": "STC_6F9A5180C5AA0F17"
      },
      "type": "Feature"
    },
    {
      "geometry": {
        "coordinates": [
          103.84416441347508,
          1.2810342552625935
        ],
        "type": "Point"
      },
      "id": "NODE_800942F75137DCFA",
      "properties": {
        "anchor_method": "station_complex_representative_exit_medoid",
        "commercial_context_limitation": "A station is only an accessibility anchor. Zoning and any later building signal do not prove occupancy, availability or tuition-centre eligibility.",
        "commercial_evidence_status": "partial",
        "commercial_node_id": "NODE_800942F75137DCFA",
        "commercial_signal_count": 1,
        "exit_count": 3,
        "missing_signal_keys_json": "[\"hdb_commercial_building\"]",
        "node_definition_version": "station-complex-commercial-evidence-v2-corrected",
        "node_name": "MAXWELL MRT STATION",
        "node_type": "rail_station_complex",
        "operational_status": "verified_operational",
        "operational_status_basis": "Base name matches the current dated System Map roster (S032, roster version 2026-09-13.1), whose legend was directly inspected and which marks under-construction stations distinctly; this station carries no such marker. S026 exact-name corroboration, where present, is identity corroboration only and plays no role in this determination.",
        "positive_signal_keys_json": "[\"official_land_use_zoning\"]",
        "qualification_rule": "At least 2 independent positive signal families at the 800 m evidence band.",
        "qualification_status": "provisional",
        "station_complex_id": "STC_16074BD17C091EBA"
      },
      "type": "Feature"
    },
    {
      "geometry": {
        "coordinates": [
          103.83679597809743,
          1.3712763229015377
        ],
        "type": "Point"
      },
      "id": "NODE_E3C08F6DA6C5BF9E",
      "properties": {
        "anchor_method": "station_complex_representative_exit_medoid",
        "commercial_context_limitation": "A station is only an accessibility anchor. Zoning and any later building signal do not prove occupancy, availability or tuition-centre eligibility.",
        "commercial_evidence_status": "partial",
        "commercial_node_id": "NODE_E3C08F6DA6C5BF9E",
        "commercial_signal_count": 1,
        "exit_count": 7,
        "missing_signal_keys_json": "[\"hdb_commercial_building\"]",
        "node_definition_version": "station-complex-commercial-evidence-v2-corrected",
        "node_name": "MAYFLOWER MRT STATION",
        "node_type": "rail_station_complex",
        "operational_status": "verified_operational",
        "operational_status_basis": "Base name matches the current dated System Map roster (S032, roster version 2026-09-13.1), whose legend was directly inspected and which marks under-construction stations distinctly; this station carries no such marker. S026 exact-name corroboration, where present, is identity corroboration only and plays no role in this determination.",
        "positive_signal_keys_json": "[\"official_land_use_zoning\"]",
        "qualification_rule": "At least 2 independent positive signal families at the 800 m evidence band.",
        "qualification_status": "provisional",
        "station_complex_id": "STC_5DB47689708C74DA"
      },
      "type": "Feature"
    },
    {
      "geometry": {
        "coordinates": [
          103.88324829270354,
          1.3060459256607546
        ],
        "type": "Point"
      },
      "id": "NODE_AD32EA29BACC67AC",
      "properties": {
        "anchor_method": "station_complex_representative_exit_medoid",
        "commercial_context_limitation": "A station is only an accessibility anchor. Zoning and any later building signal do not prove occupancy, availability or tuition-centre eligibility.",
        "commercial_evidence_status": "partial",
        "commercial_node_id": "NODE_AD32EA29BACC67AC",
        "commercial_signal_count": 1,
        "exit_count": 2,
        "missing_signal_keys_json": "[\"hdb_commercial_building\"]",
        "node_definition_version": "station-complex-commercial-evidence-v2-corrected",
        "node_name": "MOUNTBATTEN MRT STATION",
        "node_type": "rail_station_complex",
        "operational_status": "verified_operational",
        "operational_status_basis": "Base name matches the current dated System Map roster (S032, roster version 2026-09-13.1), whose legend was directly inspected and which marks under-construction stations distinctly; this station carries no such marker. S026 exact-name corroboration, where present, is identity corroboration only and plays no role in this determination.",
        "positive_signal_keys_json": "[\"official_land_use_zoning\"]",
        "qualification_rule": "At least 2 independent positive signal families at the 800 m evidence band.",
        "qualification_status": "provisional",
        "station_complex_id": "STC_259E36418B8DED70"
      },
      "type": "Feature"
    },
    {
      "geometry": {
        "coordinates": [
          103.81948377777624,
          1.3069359879223381
        ],
        "type": "Point"
      },
      "id": "NODE_B72375B484CBB08C",
      "properties": {
        "anchor_method": "station_complex_representative_exit_medoid",
        "commercial_context_limitation": "A station is only an accessibility anchor. Zoning and any later building signal do not prove occupancy, availability or tuition-centre eligibility.",
        "commercial_evidence_status": "partial",
        "commercial_node_id": "NODE_B72375B484CBB08C",
        "commercial_signal_count": 1,
        "exit_count": 2,
        "missing_signal_keys_json": "[\"hdb_commercial_building\"]",
        "node_definition_version": "station-complex-commercial-evidence-v2-corrected",
        "node_name": "NAPIER MRT STATION",
        "node_type": "rail_station_complex",
        "operational_status": "verified_operational",
        "operational_status_basis": "Base name matches the current dated System Map roster (S032, roster version 2026-09-13.1), whose legend was directly inspected and which marks under-construction stations distinctly; this station carries no such marker. S026 exact-name corroboration, where present, is identity corroboration only and plays no role in this determination.",
        "positive_signal_keys_json": "[\"official_land_use_zoning\"]",
        "qualification_rule": "At least 2 independent positive signal families at the 800 m evidence band.",
        "qualification_status": "provisional",
        "station_complex_id": "STC_FC52907D72577768"
      },
      "type": "Feature"
    },
    {
      "geometry": {
        "coordinates": [
          103.83788132539095,
          1.312597796688079
        ],
        "type": "Point"
      },
      "id": "NODE_04CE11E762437C88",
      "properties": {
        "anchor_method": "station_complex_representative_exit_medoid",
        "commercial_context_limitation": "A station is only an accessibility anchor. Zoning and any later building signal do not prove occupancy, availability or tuition-centre eligibility.",
        "commercial_evidence_status": "partial",
        "commercial_node_id": "NODE_04CE11E762437C88",
        "commercial_signal_count": 1,
        "exit_count": 3,
        "missing_signal_keys_json": "[\"hdb_commercial_building\"]",
        "node_definition_version": "station-complex-commercial-evidence-v2-corrected",
        "node_name": "NEWTON MRT STATION",
        "node_type": "rail_station_complex",
        "operational_status": "verified_operational",
        "operational_status_basis": "Base name matches the current dated System Map roster (S032, roster version 2026-09-13.1), whose legend was directly inspected and which marks under-construction stations distinctly; this station carries no such marker. S026 exact-name corroboration, where present, is identity corroboration only and plays no role in this determination.",
        "positive_signal_keys_json": "[\"official_land_use_zoning\"]",
        "qualification_rule": "At least 2 independent positive signal families at the 800 m evidence band.",
        "qualification_status": "provisional",
        "station_complex_id": "STC_B259F315D8B853AD"
      },
      "type": "Feature"
    },
    {
      "geometry": {
        "coordinates": [
          103.8635059552432,
          1.3001696897088442
        ],
        "type": "Point"
      },
      "id": "NODE_65CD6C5E7DFB4285",
      "properties": {
        "anchor_method": "station_complex_representative_exit_medoid",
        "commercial_context_limitation": "A station is only an accessibility anchor. Zoning and any later building signal do not prove occupancy, availability or tuition-centre eligibility.",
        "commercial_evidence_status": "partial",
        "commercial_node_id": "NODE_65CD6C5E7DFB4285",
        "commercial_signal_count": 1,
        "exit_count": 2,
        "missing_signal_keys_json": "[\"hdb_commercial_building\"]",
        "node_definition_version": "station-complex-commercial-evidence-v2-corrected",
        "node_name": "NICOLL HIGHWAY MRT STATION",
        "node_type": "rail_station_complex",
        "operational_status": "verified_operational",
        "operational_status_basis": "Base name matches the current dated System Map roster (S032, roster version 2026-09-13.1), whose legend was directly inspected and which marks under-construction stations distinctly; this station carries no such marker. S026 exact-name corroboration, where present, is identity corroboration only and plays no role in this determination.",
        "positive_signal_keys_json": "[\"official_land_use_zoning\"]",
        "qualification_rule": "At least 2 independent positive signal families at the 800 m evidence band.",
        "qualification_status": "provisional",
        "station_complex_id": "STC_F5449E58C2669F05"
      },
      "type": "Feature"
    },
    {
      "geometry": {
        "coordinates": [
          103.84333973347628,
          1.3198958860347805
        ],
        "type": "Point"
      },
      "id": "NODE_35FD160CB50F3928",
      "properties": {
        "anchor_method": "station_complex_representative_exit_medoid",
        "commercial_context_limitation": "A station is only an accessibility anchor. Zoning and any later building signal do not prove occupancy, availability or tuition-centre eligibility.",
        "commercial_evidence_status": "partial",
        "commercial_node_id": "NODE_35FD160CB50F3928",
        "commercial_signal_count": 1,
        "exit_count": 2,
        "missing_signal_keys_json": "[\"hdb_commercial_building\"]",
        "node_definition_version": "station-complex-commercial-evidence-v2-corrected",
        "node_name": "NOVENA MRT STATION",
        "node_type": "rail_station_complex",
        "operational_status": "verified_operational",
        "operational_status_basis": "Base name matches the current dated System Map roster (S032, roster version 2026-09-13.1), whose legend was directly inspected and which marks under-construction stations distinctly; this station carries no such marker. S026 exact-name corroboration, where present, is identity corroboration only and plays no role in this determination.",
        "positive_signal_keys_json": "[\"official_land_use_zoning\"]",
        "qualification_rule": "At least 2 independent positive signal families at the 800 m evidence band.",
        "qualification_status": "provisional",
        "station_complex_id": "STC_CA48F6F3C1BE496A"
      },
      "type": "Feature"
    },
    {
      "geometry": {
        "coordinates": [
          103.78778481055383,
          1.3000747028842092
        ],
        "type": "Point"
      },
      "id": "NODE_8C25A4CDA31580DF",
      "properties": {
        "anchor_method": "station_complex_representative_exit_medoid",
        "commercial_context_limitation": "A station is only an accessibility anchor. Zoning and any later building signal do not prove occupancy, availability or tuition-centre eligibility.",
        "commercial_evidence_status": "partial",
        "commercial_node_id": "NODE_8C25A4CDA31580DF",
        "commercial_signal_count": 1,
        "exit_count": 4,
        "missing_signal_keys_json": "[\"hdb_commercial_building\"]",
        "node_definition_version": "station-complex-commercial-evidence-v2-corrected",
        "node_name": "ONE-NORTH MRT STATION",
        "node_type": "rail_station_complex",
        "operational_status": "verified_operational",
        "operational_status_basis": "Base name matches the current dated System Map roster (S032, roster version 2026-09-13.1), whose legend was directly inspected and which marks under-construction stations distinctly; this station carries no such marker. S026 exact-name corroboration, where present, is identity corroboration only and plays no role in this determination.",
        "positive_signal_keys_json": "[\"official_land_use_zoning\"]",
        "qualification_rule": "At least 2 independent positive signal families at the 800 m evidence band.",
        "qualification_status": "provisional",
        "station_complex_id": "STC_897660696A6D98CA"
      },
      "type": "Feature"
    },
    {
      "geometry": {
        "coordinates": [
          103.82363789843602,
          1.3036239533903895
        ],
        "type": "Point"
      },
      "id": "NODE_8EC6DD271F4C6B99",
      "properties": {
        "anchor_method": "station_complex_representative_exit_medoid",
        "commercial_context_limitation": "A station is only an accessibility anchor. Zoning and any later building signal do not prove occupancy, availability or tuition-centre eligibility.",
        "commercial_evidence_status": "partial",
        "commercial_node_id": "NODE_8EC6DD271F4C6B99",
        "commercial_signal_count": 1,
        "exit_count": 2,
        "missing_signal_keys_json": "[\"hdb_commercial_building\"]",
        "node_definition_version": "station-complex-commercial-evidence-v2-corrected",
        "node_name": "ORCHARD BOULEVARD MRT STATION",
        "node_type": "rail_station_complex",
        "operational_status": "verified_operational",
        "operational_status_basis": "Base name matches the current dated System Map roster (S032, roster version 2026-09-13.1), whose legend was directly inspected and which marks under-construction stations distinctly; this station carries no such marker. S026 exact-name corroboration, where present, is identity corroboration only and plays no role in this determination.",
        "positive_signal_keys_json": "[\"official_land_use_zoning\"]",
        "qualification_rule": "At least 2 independent positive signal families at the 800 m evidence band.",
        "qualification_status": "provisional",
        "station_complex_id": "STC_0BBD3DF1AEA74425"
      },
      "type": "Feature"
    },
    {
      "geometry": {
        "coordinates": [
          103.83202381515746,
          1.303944717459933
        ],
        "type": "Point"
      },
      "id": "NODE_D94D95456EA90449",
      "properties": {
        "anchor_method": "station_complex_representative_exit_medoid",
        "commercial_context_limitation": "A station is only an accessibility anchor. Zoning and any later building signal do not prove occupancy, availability or tuition-centre eligibility.",
        "commercial_evidence_status": "partial",
        "commercial_node_id": "NODE_D94D95456EA90449",
        "commercial_signal_count": 1,
        "exit_count": 13,
        "missing_signal_keys_json": "[\"hdb_commercial_building\"]",
        "node_definition_version": "station-complex-commercial-evidence-v2-corrected",
        "node_name": "ORCHARD MRT STATION",
        "node_type": "rail_station_complex",
        "operational_status": "verified_operational",
        "operational_status_basis": "Base name matches the current dated System Map roster (S032, roster version 2026-09-13.1), whose legend was directly inspected and which marks under-construction stations distinctly; this station carries no such marker. S026 exact-name corroboration, where present, is identity corroboration only and plays no role in this determination.",
        "positive_signal_keys_json": "[\"official_land_use_zoning\"]",
        "qualification_rule": "At least 2 independent positive signal families at the 800 m evidence band.",
        "qualification_status": "provisional",
        "station_complex_id": "STC_D823ECE76539C62B"
      },
      "type": "Feature"
    },
    {
      "geometry": {
        "coordinates": [
          103.83864019518941,
          1.2810220177189033
        ],
        "type": "Point"
      },
      "id": "NODE_FA54448135D62F7A",
      "properties": {
        "anchor_method": "station_complex_representative_exit_medoid",
        "commercial_context_limitation": "A station is only an accessibility anchor. Zoning and any later building signal do not prove occupancy, availability or tuition-centre eligibility.",
        "commercial_evidence_status": "partial",
        "commercial_node_id": "NODE_FA54448135D62F7A",
        "commercial_signal_count": 1,
        "exit_count": 8,
        "missing_signal_keys_json": "[\"hdb_commercial_building\"]",
        "node_definition_version": "station-complex-commercial-evidence-v2-corrected",
        "node_name": "OUTRAM PARK MRT STATION",
        "node_type": "rail_station_complex",
        "operational_status": "verified_operational",
        "operational_status_basis": "Base name matches the current dated System Map roster (S032, roster version 2026-09-13.1), whose legend was directly inspected and which marks under-construction stations distinctly; this station carries no such marker. S026 exact-name corroboration, where present, is identity corroboration only and plays no role in this determination.",
        "positive_signal_keys_json": "[\"official_land_use_zoning\"]",
        "qualification_rule": "At least 2 independent positive signal families at the 800 m evidence band.",
        "qualification_status": "provisional",
        "station_complex_id": "STC_851FDDEF5C93D688"
      },
      "type": "Feature"
    },
    {
      "geometry": {
        "coordinates": [
          103.79203018692041,
          1.276003232785054
        ],
        "type": "Point"
      },
      "id": "NODE_92938F07E358380B",
      "properties": {
        "anchor_method": "station_complex_representative_exit_medoid",
        "commercial_context_limitation": "A station is only an accessibility anchor. Zoning and any later building signal do not prove occupancy, availability or tuition-centre eligibility.",
        "commercial_evidence_status": "partial",
        "commercial_node_id": "NODE_92938F07E358380B",
        "commercial_signal_count": 1,
        "exit_count": 1,
        "missing_signal_keys_json": "[\"hdb_commercial_building\"]",
        "node_definition_version": "station-complex-commercial-evidence-v2-corrected",
        "node_name": "PASIR PANJANG MRT STATION",
        "node_type": "rail_station_complex",
        "operational_status": "verified_operational",
        "operational_status_basis": "Base name matches the current dated System Map roster (S032, roster version 2026-09-13.1), whose legend was directly inspected and which marks under-construction stations distinctly; this station carries no such marker. S026 exact-name corroboration, where present, is identity corroboration only and plays no role in this determination.",
        "positive_signal_keys_json": "[\"official_land_use_zoning\"]",
        "qualification_rule": "At least 2 independent positive signal families at the 800 m evidence band.",
        "qualification_status": "provisional",
        "station_complex_id": "STC_B8F6079B112F64B3"
      },
      "type": "Feature"
    },
    {
      "geometry": {
        "coordinates": [
          103.94913694034909,
          1.372886236352008
        ],
        "type": "Point"
      },
      "id": "NODE_5D83E5FE99347632",
      "properties": {
        "anchor_method": "station_complex_representative_exit_medoid",
        "commercial_context_limitation": "A station is only an accessibility anchor. Zoning and any later building signal do not prove occupancy, availability or tuition-centre eligibility.",
        "commercial_evidence_status": "partial",
        "commercial_node_id": "NODE_5D83E5FE99347632",
        "commercial_signal_count": 1,
        "exit_count": 2,
        "missing_signal_keys_json": "[\"hdb_commercial_building\"]",
        "node_definition_version": "station-complex-commercial-evidence-v2-corrected",
        "node_name": "PASIR RIS MRT STATION",
        "node_type": "rail_station_complex",
        "operational_status": "verified_operational",
        "operational_status_basis": "Base name matches the current dated System Map roster (S032, roster version 2026-09-13.1), whose legend was directly inspected and which marks under-construction stations distinctly; this station carries no such marker. S026 exact-name corroboration, where present, is identity corroboration only and plays no role in this determination.",
        "positive_signal_keys_json": "[\"official_land_use_zoning\"]",
        "qualification_rule": "At least 2 independent positive signal families at the 800 m evidence band.",
        "qualification_status": "provisional",
        "station_complex_id": "STC_9D57F37467794015"
      },
      "type": "Feature"
    },
    {
      "geometry": {
        "coordinates": [
          103.89278832410525,
          1.3182159921500778
        ],
        "type": "Point"
      },
      "id": "NODE_1F84239E47E93DA1",
      "properties": {
        "anchor_method": "station_complex_representative_exit_medoid",
        "commercial_context_limitation": "A station is only an accessibility anchor. Zoning and any later building signal do not prove occupancy, availability or tuition-centre eligibility.",
        "commercial_evidence_status": "partial",
        "commercial_node_id": "NODE_1F84239E47E93DA1",
        "commercial_signal_count": 1,
        "exit_count": 6,
        "missing_signal_keys_json": "[\"hdb_commercial_building\"]",
        "node_definition_version": "station-complex-commercial-evidence-v2-corrected",
        "node_name": "PAYA LEBAR MRT STATION",
        "node_type": "rail_station_complex",
        "operational_status": "verified_operational",
        "operational_status_basis": "Long-operating Circle Line interchange station; current official LTA Circle Line page lists Paya Lebar as station CC9 between Dakota (CC8) and MacPherson (CC10).",
        "positive_signal_keys_json": "[\"official_land_use_zoning\"]",
        "qualification_rule": "At least 2 independent positive signal families at the 800 m evidence band.",
        "qualification_status": "provisional",
        "station_complex_id": "STC_4ABC3968FE0952BD"
      },
      "type": "Feature"
    },
    {
      "geometry": {
        "coordinates": [
          103.69715537341133,
          1.3373446269204403
        ],
        "type": "Point"
      },
      "id": "NODE_43220C9A8C78747C",
      "properties": {
        "anchor_method": "station_complex_representative_exit_medoid",
        "commercial_context_limitation": "A station is only an accessibility anchor. Zoning and any later building signal do not prove occupancy, availability or tuition-centre eligibility.",
        "commercial_evidence_status": "partial",
        "commercial_node_id": "NODE_43220C9A8C78747C",
        "commercial_signal_count": 1,
        "exit_count": 2,
        "missing_signal_keys_json": "[\"hdb_commercial_building\"]",
        "node_definition_version": "station-complex-commercial-evidence-v2-corrected",
        "node_name": "PIONEER MRT STATION",
        "node_type": "rail_station_complex",
        "operational_status": "verified_operational",
        "operational_status_basis": "Base name matches the current dated System Map roster (S032, roster version 2026-09-13.1), whose legend was directly inspected and which marks under-construction stations distinctly; this station carries no such marker. S026 exact-name corroboration, where present, is identity corroboration only and plays no role in this determination.",
        "positive_signal_keys_json": "[\"official_land_use_zoning\"]",
        "qualification_rule": "At least 2 independent positive signal families at the 800 m evidence band.",
        "qualification_status": "provisional",
        "station_complex_id": "STC_065B6F704732C2D3"
      },
      "type": "Feature"
    },
    {
      "geometry": {
        "coordinates": [
          103.86933323936297,
          1.3311481407339933
        ],
        "type": "Point"
      },
      "id": "NODE_C83BEA2CAFFD97E8",
      "properties": {
        "anchor_method": "station_complex_representative_exit_medoid",
        "commercial_context_limitation": "A station is only an accessibility anchor. Zoning and any later building signal do not prove occupancy, availability or tuition-centre eligibility.",
        "commercial_evidence_status": "partial",
        "commercial_node_id": "NODE_C83BEA2CAFFD97E8",
        "commercial_signal_count": 1,
        "exit_count": 3,
        "missing_signal_keys_json": "[\"hdb_commercial_building\"]",
        "node_definition_version": "station-complex-commercial-evidence-v2-corrected",
        "node_name": "POTONG PASIR MRT STATION",
        "node_type": "rail_station_complex",
        "operational_status": "verified_operational",
        "operational_status_basis": "Base name matches the current dated System Map roster (S032, roster version 2026-09-13.1), whose legend was directly inspected and which marks under-construction stations distinctly; this station carries no such marker. S026 exact-name corroboration, where present, is identity corroboration only and plays no role in this determination.",
        "positive_signal_keys_json": "[\"official_land_use_zoning\"]",
        "qualification_rule": "At least 2 independent positive signal families at the 800 m evidence band.",
        "qualification_status": "provisional",
        "station_complex_id": "STC_16B6625D6A44DB57"
      },
      "type": "Feature"
    },
    {
      "geometry": {
        "coordinates": [
          103.84557526142366,
          1.27303384497102
        ],
        "type": "Point"
      },
      "id": "NODE_E8C3D19E47931715",
      "properties": {
        "anchor_method": "station_complex_representative_exit_medoid",
        "commercial_context_limitation": "A station is only an accessibility anchor. Zoning and any later building signal do not prove occupancy, availability or tuition-centre eligibility.",
        "commercial_evidence_status": "partial",
        "commercial_node_id": "NODE_E8C3D19E47931715",
        "commercial_signal_count": 1,
        "exit_count": 2,
        "missing_signal_keys_json": "[\"hdb_commercial_building\"]",
        "node_definition_version": "station-complex-commercial-evidence-v2-corrected",
        "node_name": "PRINCE EDWARD ROAD MRT STATION",
        "node_type": "rail_station_complex",
        "operational_status": "verified_operational",
        "operational_status_basis": "Official LTA news release confirms Circle Line Stage 6, including Prince Edward Road station, opened for passenger service on 12 July 2026, before the 2026-09-12 analysis cutoff.",
        "positive_signal_keys_json": "[\"official_land_use_zoning\"]",
        "qualification_rule": "At least 2 independent positive signal families at the 800 m evidence band.",
        "qualification_status": "provisional",
        "station_complex_id": "STC_9E7B3475E29B8CA9"
      },
      "type": "Feature"
    },
    {
      "geometry": {
        "coordinates": [
          103.86013688440227,
          1.2938620878762646
        ],
        "type": "Point"
      },
      "id": "NODE_B33BD861BCFC8C90",
      "properties": {
        "anchor_method": "station_complex_representative_exit_medoid",
        "commercial_context_limitation": "A station is only an accessibility anchor. Zoning and any later building signal do not prove occupancy, availability or tuition-centre eligibility.",
        "commercial_evidence_status": "partial",
        "commercial_node_id": "NODE_B33BD861BCFC8C90",
        "commercial_signal_count": 1,
        "exit_count": 3,
        "missing_signal_keys_json": "[\"hdb_commercial_building\"]",
        "node_definition_version": "station-complex-commercial-evidence-v2-corrected",
        "node_name": "PROMENADE MRT STATION",
        "node_type": "rail_station_complex",
        "operational_status": "verified_operational",
        "operational_status_basis": "Base name matches the current dated System Map roster (S032, roster version 2026-09-13.1), whose legend was directly inspected and which marks under-construction stations distinctly; this station carries no such marker. S026 exact-name corroboration, where present, is identity corroboration only and plays no role in this determination.",
        "positive_signal_keys_json": "[\"official_land_use_zoning\"]",
        "qualification_rule": "At least 2 independent positive signal families at the 800 m evidence band.",
        "qualification_status": "provisional",
        "station_complex_id": "STC_7D13075D7FA02959"
      },
      "type": "Feature"
    },
    {
      "geometry": {
        "coordinates": [
          103.90953285042141,
          1.414836116762752
        ],
        "type": "Point"
      },
      "id": "NODE_8CB3FF6160F6D312",
      "properties": {
        "anchor_method": "station_complex_representative_exit_medoid",
        "commercial_context_limitation": "A station is only an accessibility anchor. Zoning and any later building signal do not prove occupancy, availability or tuition-centre eligibility.",
        "commercial_evidence_status": "partial",
        "commercial_node_id": "NODE_8CB3FF6160F6D312",
        "commercial_signal_count": 1,
        "exit_count": 2,
        "missing_signal_keys_json": "[\"hdb_commercial_building\"]",
        "node_definition_version": "station-complex-commercial-evidence-v2-corrected",
        "node_name": "PUNGGOL COAST MRT STATION",
        "node_type": "rail_station_complex",
        "operational_status": "verified_operational",
        "operational_status_basis": "Official LTA news releases confirm Punggol Coast station opened for passenger service at 3pm on 10 December 2024, before the 2026-09-12 analysis cutoff.",
        "positive_signal_keys_json": "[\"official_land_use_zoning\"]",
        "qualification_rule": "At least 2 independent positive signal families at the 800 m evidence band.",
        "qualification_status": "provisional",
        "station_complex_id": "STC_A0664BB74646EC10"
      },
      "type": "Feature"
    },
    {
      "geometry": {
        "coordinates": [
          103.90230599665618,
          1.405339576226845
        ],
        "type": "Point"
      },
      "id": "NODE_14A5C750CFCA69F9",
      "properties": {
        "anchor_method": "station_complex_representative_exit_medoid",
        "commercial_context_limitation": "A station is only an accessibility anchor. Zoning and any later building signal do not prove occupancy, availability or tuition-centre eligibility.",
        "commercial_evidence_status": "partial",
        "commercial_node_id": "NODE_14A5C750CFCA69F9",
        "commercial_signal_count": 1,
        "exit_count": 2,
        "missing_signal_keys_json": "[\"hdb_commercial_building\"]",
        "node_definition_version": "station-complex-commercial-evidence-v2-corrected",
        "node_name": "PUNGGOL MRT STATION",
        "node_type": "rail_station_complex",
        "operational_status": "verified_operational",
        "operational_status_basis": "Base name matches the current dated System Map roster (S032, roster version 2026-09-13.1), whose legend was directly inspected and which marks under-construction stations distinctly; this station carries no such marker. S026 exact-name corroboration, where present, is identity corroboration only and plays no role in this determination.",
        "positive_signal_keys_json": "[\"official_land_use_zoning\"]",
        "qualification_rule": "At least 2 independent positive signal families at the 800 m evidence band.",
        "qualification_status": "provisional",
        "station_complex_id": "STC_67AB2544461AAB25"
      },
      "type": "Feature"
    },
    {
      "geometry": {
        "coordinates": [
          103.80549220488795,
          1.2953829305261282
        ],
        "type": "Point"
      },
      "id": "NODE_7F25B27A3F5118AA",
      "properties": {
        "anchor_method": "station_complex_representative_exit_medoid",
        "commercial_context_limitation": "A station is only an accessibility anchor. Zoning and any later building signal do not prove occupancy, availability or tuition-centre eligibility.",
        "commercial_evidence_status": "partial",
        "commercial_node_id": "NODE_7F25B27A3F5118AA",
        "commercial_signal_count": 1,
        "exit_count": 4,
        "missing_signal_keys_json": "[\"hdb_commercial_building\"]",
        "node_definition_version": "station-complex-commercial-evidence-v2-corrected",
        "node_name": "QUEENSTOWN MRT STATION",
        "node_type": "rail_station_complex",
        "operational_status": "verified_operational",
        "operational_status_basis": "Base name matches the current dated System Map roster (S032, roster version 2026-09-13.1), whose legend was directly inspected and which marks under-construction stations distinctly; this station carries no such marker. S026 exact-name corroboration, where present, is identity corroboration only and plays no role in this determination.",
        "positive_signal_keys_json": "[\"official_land_use_zoning\"]",
        "qualification_rule": "At least 2 independent positive signal families at the 800 m evidence band.",
        "qualification_status": "provisional",
        "station_complex_id": "STC_83F82B97ADC0377E"
      },
      "type": "Feature"
    },
    {
      "geometry": {
        "coordinates": [
          103.85135321456237,
          1.283641390877421
        ],
        "type": "Point"
      },
      "id": "NODE_3E6E7C14FFCD82CA",
      "properties": {
        "anchor_method": "station_complex_representative_exit_medoid",
        "commercial_context_limitation": "A station is only an accessibility anchor. Zoning and any later building signal do not prove occupancy, availability or tuition-centre eligibility.",
        "commercial_evidence_status": "partial",
        "commercial_node_id": "NODE_3E6E7C14FFCD82CA",
        "commercial_signal_count": 1,
        "exit_count": 10,
        "missing_signal_keys_json": "[\"hdb_commercial_building\"]",
        "node_definition_version": "station-complex-commercial-evidence-v2-corrected",
        "node_name": "RAFFLES PLACE MRT STATION",
        "node_type": "rail_station_complex",
        "operational_status": "verified_operational",
        "operational_status_basis": "Base name matches the current dated System Map roster (S032, roster version 2026-09-13.1), whose legend was directly inspected and which marks under-construction stations distinctly; this station carries no such marker. S026 exact-name corroboration, where present, is identity corroboration only and plays no role in this determination.",
        "positive_signal_keys_json": "[\"official_land_use_zoning\"]",
        "qualification_rule": "At least 2 independent positive signal families at the 800 m evidence band.",
        "qualification_status": "provisional",
        "station_complex_id": "STC_794FE36EAD8072DB"
      },
      "type": "Feature"
    },
    {
      "geometry": {
        "coordinates": [
          103.81699445855267,
          1.2893707046735148
        ],
        "type": "Point"
      },
      "id": "NODE_80B55383A8E530D6",
      "properties": {
        "anchor_method": "station_complex_representative_exit_medoid",
        "commercial_context_limitation": "A station is only an accessibility anchor. Zoning and any later building signal do not prove occupancy, availability or tuition-centre eligibility.",
        "commercial_evidence_status": "partial",
        "commercial_node_id": "NODE_80B55383A8E530D6",
        "commercial_signal_count": 1,
        "exit_count": 2,
        "missing_signal_keys_json": "[\"hdb_commercial_building\"]",
        "node_definition_version": "station-complex-commercial-evidence-v2-corrected",
        "node_name": "REDHILL MRT STATION",
        "node_type": "rail_station_complex",
        "operational_status": "verified_operational",
        "operational_status_basis": "Base name matches the current dated System Map roster (S032, roster version 2026-09-13.1), whose legend was directly inspected and which marks under-construction stations distinctly; this station carries no such marker. S026 exact-name corroboration, where present, is identity corroboration only and plays no role in this determination.",
        "positive_signal_keys_json": "[\"official_land_use_zoning\"]",
        "qualification_rule": "At least 2 independent positive signal families at the 800 m evidence band.",
        "qualification_status": "provisional",
        "station_complex_id": "STC_C4B91FCEF5E5DD36"
      },
      "type": "Feature"
    },
    {
      "geometry": {
        "coordinates": [
          103.85310433564943,
          1.304214777033743
        ],
        "type": "Point"
      },
      "id": "NODE_2F91438C7A25816F",
      "properties": {
        "anchor_method": "station_complex_representative_exit_medoid",
        "commercial_context_limitation": "A station is only an accessibility anchor. Zoning and any later building signal do not prove occupancy, availability or tuition-centre eligibility.",
        "commercial_evidence_status": "partial",
        "commercial_node_id": "NODE_2F91438C7A25816F",
        "commercial_signal_count": 1,
        "exit_count": 2,
        "missing_signal_keys_json": "[\"hdb_commercial_building\"]",
        "node_definition_version": "station-complex-commercial-evidence-v2-corrected",
        "node_name": "ROCHOR MRT STATION",
        "node_type": "rail_station_complex",
        "operational_status": "verified_operational",
        "operational_status_basis": "Base name matches the current dated System Map roster (S032, roster version 2026-09-13.1), whose legend was directly inspected and which marks under-construction stations distinctly; this station carries no such marker. S026 exact-name corroboration, where present, is identity corroboration only and plays no role in this determination.",
        "positive_signal_keys_json": "[\"official_land_use_zoning\"]",
        "qualification_rule": "At least 2 independent positive signal families at the 800 m evidence band.",
        "qualification_status": "provisional",
        "station_complex_id": "STC_9D9BAEBDEC347769"
      },
      "type": "Feature"
    },
    {
      "geometry": {
        "coordinates": [
          103.82010973575841,
          1.4488373194331288
        ],
        "type": "Point"
      },
      "id": "NODE_D7E890F74C189D62",
      "properties": {
        "anchor_method": "station_complex_representative_exit_medoid",
        "commercial_context_limitation": "A station is only an accessibility anchor. Zoning and any later building signal do not prove occupancy, availability or tuition-centre eligibility.",
        "commercial_evidence_status": "partial",
        "commercial_node_id": "NODE_D7E890F74C189D62",
        "commercial_signal_count": 1,
        "exit_count": 4,
        "missing_signal_keys_json": "[\"hdb_commercial_building\"]",
        "node_definition_version": "station-complex-commercial-evidence-v2-corrected",
        "node_name": "SEMBAWANG MRT STATION",
        "node_type": "rail_station_complex",
        "operational_status": "verified_operational",
        "operational_status_basis": "Base name matches the current dated System Map roster (S032, roster version 2026-09-13.1), whose legend was directly inspected and which marks under-construction stations distinctly; this station carries no such marker. S026 exact-name corroboration, where present, is identity corroboration only and plays no role in this determination.",
        "positive_signal_keys_json": "[\"official_land_use_zoning\"]",
        "qualification_rule": "At least 2 independent positive signal families at the 800 m evidence band.",
        "qualification_status": "provisional",
        "station_complex_id": "STC_C5AE04B79B26672D"
      },
      "type": "Feature"
    },
    {
      "geometry": {
        "coordinates": [
          103.89540572075428,
          1.3918291197182173
        ],
        "type": "Point"
      },
      "id": "NODE_060EFCFFF0678F62",
      "properties": {
        "anchor_method": "station_complex_representative_exit_medoid",
        "commercial_context_limitation": "A station is only an accessibility anchor. Zoning and any later building signal do not prove occupancy, availability or tuition-centre eligibility.",
        "commercial_evidence_status": "partial",
        "commercial_node_id": "NODE_060EFCFFF0678F62",
        "commercial_signal_count": 1,
        "exit_count": 4,
        "missing_signal_keys_json": "[\"hdb_commercial_building\"]",
        "node_definition_version": "station-complex-commercial-evidence-v2-corrected",
        "node_name": "SENGKANG MRT STATION",
        "node_type": "rail_station_complex",
        "operational_status": "verified_operational",
        "operational_status_basis": "Base name matches the current dated System Map roster (S032, roster version 2026-09-13.1), whose legend was directly inspected and which marks under-construction stations distinctly; this station carries no such marker. S026 exact-name corroboration, where present, is identity corroboration only and plays no role in this determination.",
        "positive_signal_keys_json": "[\"official_land_use_zoning\"]",
        "qualification_rule": "At least 2 independent positive signal families at the 800 m evidence band.",
        "qualification_status": "provisional",
        "station_complex_id": "STC_034EA497407E1F64"
      },
      "type": "Feature"
    },
    {
      "geometry": {
        "coordinates": [
          103.87364132190379,
          1.3498337382561254
        ],
        "type": "Point"
      },
      "id": "NODE_BE3506E4DDD906F9",
      "properties": {
        "anchor_method": "station_complex_representative_exit_medoid",
        "commercial_context_limitation": "A station is only an accessibility anchor. Zoning and any later building signal do not prove occupancy, availability or tuition-centre eligibility.",
        "commercial_evidence_status": "partial",
        "commercial_node_id": "NODE_BE3506E4DDD906F9",
        "commercial_signal_count": 1,
        "exit_count": 8,
        "missing_signal_keys_json": "[\"hdb_commercial_building\"]",
        "node_definition_version": "station-complex-commercial-evidence-v2-corrected",
        "node_name": "SERANGOON MRT STATION",
        "node_type": "rail_station_complex",
        "operational_status": "verified_operational",
        "operational_status_basis": "Base name matches the current dated System Map roster (S032, roster version 2026-09-13.1), whose legend was directly inspected and which marks under-construction stations distinctly; this station carries no such marker. S026 exact-name corroboration, where present, is identity corroboration only and plays no role in this determination.",
        "positive_signal_keys_json": "[\"official_land_use_zoning\"]",
        "qualification_rule": "At least 2 independent positive signal families at the 800 m evidence band.",
        "qualification_status": "provisional",
        "station_complex_id": "STC_4DE178102BCD8631"
      },
      "type": "Feature"
    },
    {
      "geometry": {
        "coordinates": [
          103.85103408604942,
          1.2776559417698303
        ],
        "type": "Point"
      },
      "id": "NODE_DA86AC9D1118FC22",
      "properties": {
        "anchor_method": "station_complex_representative_exit_medoid",
        "commercial_context_limitation": "A station is only an accessibility anchor. Zoning and any later building signal do not prove occupancy, availability or tuition-centre eligibility.",
        "commercial_evidence_status": "partial",
        "commercial_node_id": "NODE_DA86AC9D1118FC22",
        "commercial_signal_count": 1,
        "exit_count": 6,
        "missing_signal_keys_json": "[\"hdb_commercial_building\"]",
        "node_definition_version": "station-complex-commercial-evidence-v2-corrected",
        "node_name": "SHENTON WAY MRT STATION",
        "node_type": "rail_station_complex",
        "operational_status": "verified_operational",
        "operational_status_basis": "Base name matches the current dated System Map roster (S032, roster version 2026-09-13.1), whose legend was directly inspected and which marks under-construction stations distinctly; this station carries no such marker. S026 exact-name corroboration, where present, is identity corroboration only and plays no role in this determination.",
        "positive_signal_keys_json": "[\"official_land_use_zoning\"]",
        "qualification_rule": "At least 2 independent positive signal families at the 800 m evidence band.",
        "qualification_status": "provisional",
        "station_complex_id": "STC_7B74F140726FE88C"
      },
      "type": "Feature"
    },
    {
      "geometry": {
        "coordinates": [
          103.9312910608542,
          1.3102017218908424
        ],
        "type": "Point"
      },
      "id": "NODE_E0A33B44C0237FBC",
      "properties": {
        "anchor_method": "station_complex_representative_exit_medoid",
        "commercial_context_limitation": "A station is only an accessibility anchor. Zoning and any later building signal do not prove occupancy, availability or tuition-centre eligibility.",
        "commercial_evidence_status": "partial",
        "commercial_node_id": "NODE_E0A33B44C0237FBC",
        "commercial_signal_count": 1,
        "exit_count": 4,
        "missing_signal_keys_json": "[\"hdb_commercial_building\"]",
        "node_definition_version": "station-complex-commercial-evidence-v2-corrected",
        "node_name": "SIGLAP MRT STATION",
        "node_type": "rail_station_complex",
        "operational_status": "verified_operational",
        "operational_status_basis": "Base name matches the current dated System Map roster (S032, roster version 2026-09-13.1), whose legend was directly inspected and which marks under-construction stations distinctly; this station carries no such marker. S026 exact-name corroboration, where present, is identity corroboration only and plays no role in this determination.",
        "positive_signal_keys_json": "[\"official_land_use_zoning\"]",
        "qualification_rule": "At least 2 independent positive signal families at the 800 m evidence band.",
        "qualification_status": "provisional",
        "station_complex_id": "STC_DFE033131CD54E38"
      },
      "type": "Feature"
    },
    {
      "geometry": {
        "coordinates": [
          103.953818676297,
          1.3426617945337078
        ],
        "type": "Point"
      },
      "id": "NODE_69A5823A5F4CBB39",
      "properties": {
        "anchor_method": "station_complex_representative_exit_medoid",
        "commercial_context_limitation": "A station is only an accessibility anchor. Zoning and any later building signal do not prove occupancy, availability or tuition-centre eligibility.",
        "commercial_evidence_status": "partial",
        "commercial_node_id": "NODE_69A5823A5F4CBB39",
        "commercial_signal_count": 1,
        "exit_count": 1,
        "missing_signal_keys_json": "[\"hdb_commercial_building\"]",
        "node_definition_version": "station-complex-commercial-evidence-v2-corrected",
        "node_name": "SIMEI MRT STATION",
        "node_type": "rail_station_complex",
        "operational_status": "verified_operational",
        "operational_status_basis": "Base name matches the current dated System Map roster (S032, roster version 2026-09-13.1), whose legend was directly inspected and which marks under-construction stations distinctly; this station carries no such marker. S026 exact-name corroboration, where present, is identity corroboration only and plays no role in this determination.",
        "positive_signal_keys_json": "[\"official_land_use_zoning\"]",
        "qualification_rule": "At least 2 independent positive signal families at the 800 m evidence band.",
        "qualification_status": "provisional",
        "station_complex_id": "STC_A210F1394944A704"
      },
      "type": "Feature"
    },
    {
      "geometry": {
        "coordinates": [
          103.7968481782287,
          1.3315213014357175
        ],
        "type": "Point"
      },
      "id": "NODE_65FC512C0845199C",
      "properties": {
        "anchor_method": "station_complex_representative_exit_medoid",
        "commercial_context_limitation": "A station is only an accessibility anchor. Zoning and any later building signal do not prove occupancy, availability or tuition-centre eligibility.",
        "commercial_evidence_status": "partial",
        "commercial_node_id": "NODE_65FC512C0845199C",
        "commercial_signal_count": 1,
        "exit_count": 2,
        "missing_signal_keys_json": "[\"hdb_commercial_building\"]",
        "node_definition_version": "station-complex-commercial-evidence-v2-corrected",
        "node_name": "SIXTH AVENUE MRT STATION",
        "node_type": "rail_station_complex",
        "operational_status": "verified_operational",
        "operational_status_basis": "Base name matches the current dated System Map roster (S032, roster version 2026-09-13.1), whose legend was directly inspected and which marks under-construction stations distinctly; this station carries no such marker. S026 exact-name corroboration, where present, is identity corroboration only and plays no role in this determination.",
        "positive_signal_keys_json": "[\"official_land_use_zoning\"]",
        "qualification_rule": "At least 2 independent positive signal families at the 800 m evidence band.",
        "qualification_status": "provisional",
        "station_complex_id": "STC_3A2BE336ADE58BBB"
      },
      "type": "Feature"
    },
    {
      "geometry": {
        "coordinates": [
          103.83876558428138,
          1.3004362205899318
        ],
        "type": "Point"
      },
      "id": "NODE_8F776BF389C3F165",
      "properties": {
        "anchor_method": "station_complex_representative_exit_medoid",
        "commercial_context_limitation": "A station is only an accessibility anchor. Zoning and any later building signal do not prove occupancy, availability or tuition-centre eligibility.",
        "commercial_evidence_status": "partial",
        "commercial_node_id": "NODE_8F776BF389C3F165",
        "commercial_signal_count": 1,
        "exit_count": 4,
        "missing_signal_keys_json": "[\"hdb_commercial_building\"]",
        "node_definition_version": "station-complex-commercial-evidence-v2-corrected",
        "node_name": "SOMERSET MRT STATION",
        "node_type": "rail_station_complex",
        "operational_status": "verified_operational",
        "operational_status_basis": "Base name matches the current dated System Map roster (S032, roster version 2026-09-13.1), whose legend was directly inspected and which marks under-construction stations distinctly; this station carries no such marker. S026 exact-name corroboration, where present, is identity corroboration only and plays no role in this determination.",
        "positive_signal_keys_json": "[\"official_land_use_zoning\"]",
        "qualification_rule": "At least 2 independent positive signal families at the 800 m evidence band.",
        "qualification_status": "provisional",
        "station_complex_id": "STC_560E328E1B971494"
      },
      "type": "Feature"
    },
    {
      "geometry": {
        "coordinates": [
          103.81839060713808,
          1.3978208040575055
        ],
        "type": "Point"
      },
      "id": "NODE_6A91B045404519EB",
      "properties": {
        "anchor_method": "station_complex_representative_exit_medoid",
        "commercial_context_limitation": "A station is only an accessibility anchor. Zoning and any later building signal do not prove occupancy, availability or tuition-centre eligibility.",
        "commercial_evidence_status": "partial",
        "commercial_node_id": "NODE_6A91B045404519EB",
        "commercial_signal_count": 1,
        "exit_count": 3,
        "missing_signal_keys_json": "[\"hdb_commercial_building\"]",
        "node_definition_version": "station-complex-commercial-evidence-v2-corrected",
        "node_name": "SPRINGLEAF MRT STATION",
        "node_type": "rail_station_complex",
        "operational_status": "verified_operational",
        "operational_status_basis": "Base name matches the current dated System Map roster (S032, roster version 2026-09-13.1), whose legend was directly inspected and which marks under-construction stations distinctly; this station carries no such marker. S026 exact-name corroboration, where present, is identity corroboration only and plays no role in this determination.",
        "positive_signal_keys_json": "[\"official_land_use_zoning\"]",
        "qualification_rule": "At least 2 independent positive signal families at the 800 m evidence band.",
        "qualification_status": "provisional",
        "station_complex_id": "STC_BDD6847DAD300B61"
      },
      "type": "Feature"
    },
    {
      "geometry": {
        "coordinates": [
          103.87622623397485,
          1.3033702260202458
        ],
        "type": "Point"
      },
      "id": "NODE_72F0C15A992380FF",
      "properties": {
        "anchor_method": "station_complex_representative_exit_medoid",
        "commercial_context_limitation": "A station is only an accessibility anchor. Zoning and any later building signal do not prove occupancy, availability or tuition-centre eligibility.",
        "commercial_evidence_status": "partial",
        "commercial_node_id": "NODE_72F0C15A992380FF",
        "commercial_signal_count": 1,
        "exit_count": 2,
        "missing_signal_keys_json": "[\"hdb_commercial_building\"]",
        "node_definition_version": "station-complex-commercial-evidence-v2-corrected",
        "node_name": "STADIUM MRT STATION",
        "node_type": "rail_station_complex",
        "operational_status": "verified_operational",
        "operational_status_basis": "Base name matches the current dated System Map roster (S032, roster version 2026-09-13.1), whose legend was directly inspected and which marks under-construction stations distinctly; this station carries no such marker. S026 exact-name corroboration, where present, is identity corroboration only and plays no role in this determination.",
        "positive_signal_keys_json": "[\"official_land_use_zoning\"]",
        "qualification_rule": "At least 2 independent positive signal families at the 800 m evidence band.",
        "qualification_status": "provisional",
        "station_complex_id": "STC_9CC6FB666497F23B"
      },
      "type": "Feature"
    },
    {
      "geometry": {
        "coordinates": [
          103.82572837817727,
          1.319951635106423
        ],
        "type": "Point"
      },
      "id": "NODE_ED21DDFBF178B6FB",
      "properties": {
        "anchor_method": "station_complex_representative_exit_medoid",
        "commercial_context_limitation": "A station is only an accessibility anchor. Zoning and any later building signal do not prove occupancy, availability or tuition-centre eligibility.",
        "commercial_evidence_status": "partial",
        "commercial_node_id": "NODE_ED21DDFBF178B6FB",
        "commercial_signal_count": 1,
        "exit_count": 5,
        "missing_signal_keys_json": "[\"hdb_commercial_building\"]",
        "node_definition_version": "station-complex-commercial-evidence-v2-corrected",
        "node_name": "STEVENS MRT STATION",
        "node_type": "rail_station_complex",
        "operational_status": "verified_operational",
        "operational_status_basis": "Base name matches the current dated System Map roster (S032, roster version 2026-09-13.1), whose legend was directly inspected and which marks under-construction stations distinctly; this station carries no such marker. S026 exact-name corroboration, where present, is identity corroboration only and plays no role in this determination.",
        "positive_signal_keys_json": "[\"official_land_use_zoning\"]",
        "qualification_rule": "At least 2 independent positive signal families at the 800 m evidence band.",
        "qualification_status": "provisional",
        "station_complex_id": "STC_B2F04FD0228012C1"
      },
      "type": "Feature"
    },
    {
      "geometry": {
        "coordinates": [
          103.88826122803613,
          1.3357723930680265
        ],
        "type": "Point"
      },
      "id": "NODE_D1C3F5E84F09A2A7",
      "properties": {
        "anchor_method": "station_complex_representative_exit_medoid",
        "commercial_context_limitation": "A station is only an accessibility anchor. Zoning and any later building signal do not prove occupancy, availability or tuition-centre eligibility.",
        "commercial_evidence_status": "partial",
        "commercial_node_id": "NODE_D1C3F5E84F09A2A7",
        "commercial_signal_count": 1,
        "exit_count": 3,
        "missing_signal_keys_json": "[\"hdb_commercial_building\"]",
        "node_definition_version": "station-complex-commercial-evidence-v2-corrected",
        "node_name": "TAI SENG MRT STATION",
        "node_type": "rail_station_complex",
        "operational_status": "verified_operational",
        "operational_status_basis": "Base name matches the current dated System Map roster (S032, roster version 2026-09-13.1), whose legend was directly inspected and which marks under-construction stations distinctly; this station carries no such marker. S026 exact-name corroboration, where present, is identity corroboration only and plays no role in this determination.",
        "positive_signal_keys_json": "[\"official_land_use_zoning\"]",
        "qualification_rule": "At least 2 independent positive signal families at the 800 m evidence band.",
        "qualification_status": "provisional",
        "station_complex_id": "STC_BFB70C17B839C08C"
      },
      "type": "Feature"
    },
    {
      "geometry": {
        "coordinates": [
          103.95517001422066,
          1.3555882263947188
        ],
        "type": "Point"
      },
      "id": "NODE_7EA46B95BAA54D78",
      "properties": {
        "anchor_method": "station_complex_representative_exit_medoid",
        "commercial_context_limitation": "A station is only an accessibility anchor. Zoning and any later building signal do not prove occupancy, availability or tuition-centre eligibility.",
        "commercial_evidence_status": "partial",
        "commercial_node_id": "NODE_7EA46B95BAA54D78",
        "commercial_signal_count": 1,
        "exit_count": 4,
        "missing_signal_keys_json": "[\"hdb_commercial_building\"]",
        "node_definition_version": "station-complex-commercial-evidence-v2-corrected",
        "node_name": "TAMPINES EAST MRT STATION",
        "node_type": "rail_station_complex",
        "operational_status": "verified_operational",
        "operational_status_basis": "Base name matches the current dated System Map roster (S032, roster version 2026-09-13.1), whose legend was directly inspected and which marks under-construction stations distinctly; this station carries no such marker. S026 exact-name corroboration, where present, is identity corroboration only and plays no role in this determination.",
        "positive_signal_keys_json": "[\"official_land_use_zoning\"]",
        "qualification_rule": "At least 2 independent positive signal families at the 800 m evidence band.",
        "qualification_status": "provisional",
        "station_complex_id": "STC_7CF920BECB11CA65"
      },
      "type": "Feature"
    },
    {
      "geometry": {
        "coordinates": [
          103.94367818203155,
          1.354870574817919
        ],
        "type": "Point"
      },
      "id": "NODE_5C9F27F182EC04E0",
      "properties": {
        "anchor_method": "station_complex_representative_exit_medoid",
        "commercial_context_limitation": "A station is only an accessibility anchor. Zoning and any later building signal do not prove occupancy, availability or tuition-centre eligibility.",
        "commercial_evidence_status": "partial",
        "commercial_node_id": "NODE_5C9F27F182EC04E0",
        "commercial_signal_count": 1,
        "exit_count": 7,
        "missing_signal_keys_json": "[\"hdb_commercial_building\"]",
        "node_definition_version": "station-complex-commercial-evidence-v2-corrected",
        "node_name": "TAMPINES MRT STATION",
        "node_type": "rail_station_complex",
        "operational_status": "verified_operational",
        "operational_status_basis": "Base name matches the current dated System Map roster (S032, roster version 2026-09-13.1), whose legend was directly inspected and which marks under-construction stations distinctly; this station carries no such marker. S026 exact-name corroboration, where present, is identity corroboration only and plays no role in this determination.",
        "positive_signal_keys_json": "[\"official_land_use_zoning\"]",
        "qualification_rule": "At least 2 independent positive signal families at the 800 m evidence band.",
        "qualification_status": "provisional",
        "station_complex_id": "STC_690140C32C6F9124"
      },
      "type": "Feature"
    },
    {
      "geometry": {
        "coordinates": [
          103.93894850378165,
          1.3449991975144835
        ],
        "type": "Point"
      },
      "id": "NODE_5854AF0602E8F3D8",
      "properties": {
        "anchor_method": "station_complex_representative_exit_medoid",
        "commercial_context_limitation": "A station is only an accessibility anchor. Zoning and any later building signal do not prove occupancy, availability or tuition-centre eligibility.",
        "commercial_evidence_status": "partial",
        "commercial_node_id": "NODE_5854AF0602E8F3D8",
        "commercial_signal_count": 1,
        "exit_count": 2,
        "missing_signal_keys_json": "[\"hdb_commercial_building\"]",
        "node_definition_version": "station-complex-commercial-evidence-v2-corrected",
        "node_name": "TAMPINES WEST MRT STATION",
        "node_type": "rail_station_complex",
        "operational_status": "verified_operational",
        "operational_status_basis": "Base name matches the current dated System Map roster (S032, roster version 2026-09-13.1), whose legend was directly inspected and which marks under-construction stations distinctly; this station carries no such marker. S026 exact-name corroboration, where present, is identity corroboration only and plays no role in this determination.",
        "positive_signal_keys_json": "[\"official_land_use_zoning\"]",
        "qualification_rule": "At least 2 independent positive signal families at the 800 m evidence band.",
        "qualification_status": "provisional",
        "station_complex_id": "STC_B7B6A781BF8924D5"
      },
      "type": "Feature"
    },
    {
      "geometry": {
        "coordinates": [
          103.80780087370651,
          1.3261461588254935
        ],
        "type": "Point"
      },
      "id": "NODE_50607F57D4B30841",
      "properties": {
        "anchor_method": "station_complex_representative_exit_medoid",
        "commercial_context_limitation": "A station is only an accessibility anchor. Zoning and any later building signal do not prove occupancy, availability or tuition-centre eligibility.",
        "commercial_evidence_status": "partial",
        "commercial_node_id": "NODE_50607F57D4B30841",
        "commercial_signal_count": 1,
        "exit_count": 2,
        "missing_signal_keys_json": "[\"hdb_commercial_building\"]",
        "node_definition_version": "station-complex-commercial-evidence-v2-corrected",
        "node_name": "TAN KAH KEE MRT STATION",
        "node_type": "rail_station_complex",
        "operational_status": "verified_operational",
        "operational_status_basis": "Base name matches the current dated System Map roster (S032, roster version 2026-09-13.1), whose legend was directly inspected and which marks under-construction stations distinctly; this station carries no such marker. S026 exact-name corroboration, where present, is identity corroboration only and plays no role in this determination.",
        "positive_signal_keys_json": "[\"official_land_use_zoning\"]",
        "qualification_rule": "At least 2 independent positive signal families at the 800 m evidence band.",
        "qualification_status": "provisional",
        "station_complex_id": "STC_70BF85ADB2D0B580"
      },
      "type": "Feature"
    },
    {
      "geometry": {
        "coordinates": [
          103.9457230415822,
          1.3270612758143558
        ],
        "type": "Point"
      },
      "id": "NODE_609865274B8F0980",
      "properties": {
        "anchor_method": "station_complex_representative_exit_medoid",
        "commercial_context_limitation": "A station is only an accessibility anchor. Zoning and any later building signal do not prove occupancy, availability or tuition-centre eligibility.",
        "commercial_evidence_status": "partial",
        "commercial_node_id": "NODE_609865274B8F0980",
        "commercial_signal_count": 1,
        "exit_count": 2,
        "missing_signal_keys_json": "[\"hdb_commercial_building\"]",
        "node_definition_version": "station-complex-commercial-evidence-v2-corrected",
        "node_name": "TANAH MERAH MRT STATION",
        "node_type": "rail_station_complex",
        "operational_status": "verified_operational",
        "operational_status_basis": "Base name matches the current dated System Map roster (S032, roster version 2026-09-13.1), whose legend was directly inspected and which marks under-construction stations distinctly; this station carries no such marker. S026 exact-name corroboration, where present, is identity corroboration only and plays no role in this determination.",
        "positive_signal_keys_json": "[\"official_land_use_zoning\"]",
        "qualification_rule": "At least 2 independent positive signal families at the 800 m evidence band.",
        "qualification_status": "provisional",
        "station_complex_id": "STC_1FE500026C00175B"
      },
      "type": "Feature"
    },
    {
      "geometry": {
        "coordinates": [
          103.89769313140535,
          1.2990161196075827
        ],
        "type": "Point"
      },
      "id": "NODE_DBF2754E4CA2136E",
      "properties": {
        "anchor_method": "station_complex_representative_exit_medoid",
        "commercial_context_limitation": "A station is only an accessibility anchor. Zoning and any later building signal do not prove occupancy, availability or tuition-centre eligibility.",
        "commercial_evidence_status": "partial",
        "commercial_node_id": "NODE_DBF2754E4CA2136E",
        "commercial_signal_count": 1,
        "exit_count": 3,
        "missing_signal_keys_json": "[\"hdb_commercial_building\"]",
        "node_definition_version": "station-complex-commercial-evidence-v2-corrected",
        "node_name": "TANJONG KATONG MRT STATION",
        "node_type": "rail_station_complex",
        "operational_status": "verified_operational",
        "operational_status_basis": "Base name matches the current dated System Map roster (S032, roster version 2026-09-13.1), whose legend was directly inspected and which marks under-construction stations distinctly; this station carries no such marker. S026 exact-name corroboration, where present, is identity corroboration only and plays no role in this determination.",
        "positive_signal_keys_json": "[\"official_land_use_zoning\"]",
        "qualification_rule": "At least 2 independent positive signal families at the 800 m evidence band.",
        "qualification_status": "provisional",
        "station_complex_id": "STC_46D80BFE1C879A62"
      },
      "type": "Feature"
    },
    {
      "geometry": {
        "coordinates": [
          103.8465445904738,
          1.2766717422526974
        ],
        "type": "Point"
      },
      "id": "NODE_8B6C8B651F78538A",
      "properties": {
        "anchor_method": "station_complex_representative_exit_medoid",
        "commercial_context_limitation": "A station is only an accessibility anchor. Zoning and any later building signal do not prove occupancy, availability or tuition-centre eligibility.",
        "commercial_evidence_status": "partial",
        "commercial_node_id": "NODE_8B6C8B651F78538A",
        "commercial_signal_count": 1,
        "exit_count": 9,
        "missing_signal_keys_json": "[\"hdb_commercial_building\"]",
        "node_definition_version": "station-complex-commercial-evidence-v2-corrected",
        "node_name": "TANJONG PAGAR MRT STATION",
        "node_type": "rail_station_complex",
        "operational_status": "verified_operational",
        "operational_status_basis": "Base name matches the current dated System Map roster (S032, roster version 2026-09-13.1), whose legend was directly inspected and which marks under-construction stations distinctly; this station carries no such marker. S026 exact-name corroboration, where present, is identity corroboration only and plays no role in this determination.",
        "positive_signal_keys_json": "[\"official_land_use_zoning\"]",
        "qualification_rule": "At least 2 independent positive signal families at the 800 m evidence band.",
        "qualification_status": "provisional",
        "station_complex_id": "STC_313D2412BE212648"
      },
      "type": "Feature"
    },
    {
      "geometry": {
        "coordinates": [
          103.87347790491667,
          1.296459488281608
        ],
        "type": "Point"
      },
      "id": "NODE_364748939C0E17F5",
      "properties": {
        "anchor_method": "station_complex_representative_exit_medoid",
        "commercial_context_limitation": "A station is only an accessibility anchor. Zoning and any later building signal do not prove occupancy, availability or tuition-centre eligibility.",
        "commercial_evidence_status": "partial",
        "commercial_node_id": "NODE_364748939C0E17F5",
        "commercial_signal_count": 1,
        "exit_count": 2,
        "missing_signal_keys_json": "[\"hdb_commercial_building\"]",
        "node_definition_version": "station-complex-commercial-evidence-v2-corrected",
        "node_name": "TANJONG RHU MRT STATION",
        "node_type": "rail_station_complex",
        "operational_status": "verified_operational",
        "operational_status_basis": "Base name matches the current dated System Map roster (S032, roster version 2026-09-13.1), whose legend was directly inspected and which marks under-construction stations distinctly; this station carries no such marker. S026 exact-name corroboration, where present, is identity corroboration only and plays no role in this determination.",
        "positive_signal_keys_json": "[\"official_land_use_zoning\"]",
        "qualification_rule": "At least 2 independent positive signal families at the 800 m evidence band.",
        "qualification_status": "provisional",
        "station_complex_id": "STC_C62BF5A4AFEE3B10"
      },
      "type": "Feature"
    },
    {
      "geometry": {
        "coordinates": [
          103.84877332815995,
          1.2824972750387271
        ],
        "type": "Point"
      },
      "id": "NODE_5D5726CA78298088",
      "properties": {
        "anchor_method": "station_complex_representative_exit_medoid",
        "commercial_context_limitation": "A station is only an accessibility anchor. Zoning and any later building signal do not prove occupancy, availability or tuition-centre eligibility.",
        "commercial_evidence_status": "partial",
        "commercial_node_id": "NODE_5D5726CA78298088",
        "commercial_signal_count": 1,
        "exit_count": 5,
        "missing_signal_keys_json": "[\"hdb_commercial_building\"]",
        "node_definition_version": "station-complex-commercial-evidence-v2-corrected",
        "node_name": "TELOK AYER MRT STATION",
        "node_type": "rail_station_complex",
        "operational_status": "verified_operational",
        "operational_status_basis": "Official LTA news release confirms Downtown Line Stage 1, including Telok Ayer, commenced service on 22 December 2013, long before the 2026-09-12 analysis cutoff.",
        "positive_signal_keys_json": "[\"official_land_use_zoning\"]",
        "qualification_rule": "At least 2 independent positive signal families at the 800 m evidence band.",
        "qualification_status": "provisional",
        "station_complex_id": "STC_A18DD95E5E5056FA"
      },
      "type": "Feature"
    },
    {
      "geometry": {
        "coordinates": [
          103.80988373092025,
          1.2707212262114045
        ],
        "type": "Point"
      },
      "id": "NODE_78D9924BFB85448C",
      "properties": {
        "anchor_method": "station_complex_representative_exit_medoid",
        "commercial_context_limitation": "A station is only an accessibility anchor. Zoning and any later building signal do not prove occupancy, availability or tuition-centre eligibility.",
        "commercial_evidence_status": "partial",
        "commercial_node_id": "NODE_78D9924BFB85448C",
        "commercial_signal_count": 1,
        "exit_count": 1,
        "missing_signal_keys_json": "[\"hdb_commercial_building\"]",
        "node_definition_version": "station-complex-commercial-evidence-v2-corrected",
        "node_name": "TELOK BLANGAH MRT STATION",
        "node_type": "rail_station_complex",
        "operational_status": "verified_operational",
        "operational_status_basis": "Base name matches the current dated System Map roster (S032, roster version 2026-09-13.1), whose legend was directly inspected and which marks under-construction stations distinctly; this station carries no such marker. S026 exact-name corroboration, where present, is identity corroboration only and plays no role in this determination.",
        "positive_signal_keys_json": "[\"official_land_use_zoning\"]",
        "qualification_rule": "At least 2 independent positive signal families at the 800 m evidence band.",
        "qualification_status": "provisional",
        "station_complex_id": "STC_32532080F8635512"
      },
      "type": "Feature"
    },
    {
      "geometry": {
        "coordinates": [
          103.82699059514609,
          1.285759455898818
        ],
        "type": "Point"
      },
      "id": "NODE_AF50EA7BD5A9B213",
      "properties": {
        "anchor_method": "station_complex_representative_exit_medoid",
        "commercial_context_limitation": "A station is only an accessibility anchor. Zoning and any later building signal do not prove occupancy, availability or tuition-centre eligibility.",
        "commercial_evidence_status": "partial",
        "commercial_node_id": "NODE_AF50EA7BD5A9B213",
        "commercial_signal_count": 1,
        "exit_count": 2,
        "missing_signal_keys_json": "[\"hdb_commercial_building\"]",
        "node_definition_version": "station-complex-commercial-evidence-v2-corrected",
        "node_name": "TIONG BAHRU MRT STATION",
        "node_type": "rail_station_complex",
        "operational_status": "verified_operational",
        "operational_status_basis": "Base name matches the current dated System Map roster (S032, roster version 2026-09-13.1), whose legend was directly inspected and which marks under-construction stations distinctly; this station carries no such marker. S026 exact-name corroboration, where present, is identity corroboration only and plays no role in this determination.",
        "positive_signal_keys_json": "[\"official_land_use_zoning\"]",
        "qualification_rule": "At least 2 independent positive signal families at the 800 m evidence band.",
        "qualification_status": "provisional",
        "station_complex_id": "STC_FAEB1ADF3C4EFA89"
      },
      "type": "Feature"
    },
    {
      "geometry": {
        "coordinates": [
          103.84731977363178,
          1.3329941018374794
        ],
        "type": "Point"
      },
      "id": "NODE_8274E1550C9D50B0",
      "properties": {
        "anchor_method": "station_complex_representative_exit_medoid",
        "commercial_context_limitation": "A station is only an accessibility anchor. Zoning and any later building signal do not prove occupancy, availability or tuition-centre eligibility.",
        "commercial_evidence_status": "partial",
        "commercial_node_id": "NODE_8274E1550C9D50B0",
        "commercial_signal_count": 1,
        "exit_count": 4,
        "missing_signal_keys_json": "[\"hdb_commercial_building\"]",
        "node_definition_version": "station-complex-commercial-evidence-v2-corrected",
        "node_name": "TOA PAYOH MRT STATION",
        "node_type": "rail_station_complex",
        "operational_status": "verified_operational",
        "operational_status_basis": "Base name matches the current dated System Map roster (S032, roster version 2026-09-13.1), whose legend was directly inspected and which marks under-construction stations distinctly; this station carries no such marker. S026 exact-name corroboration, where present, is identity corroboration only and plays no role in this determination.",
        "positive_signal_keys_json": "[\"official_land_use_zoning\"]",
        "qualification_rule": "At least 2 independent positive signal families at the 800 m evidence band.",
        "qualification_status": "provisional",
        "station_complex_id": "STC_A74E948524D93AB4"
      },
      "type": "Feature"
    },
    {
      "geometry": {
        "coordinates": [
          103.64895874126714,
          1.3207638171122238
        ],
        "type": "Point"
      },
      "id": "NODE_27A90D435FF15CE1",
      "properties": {
        "anchor_method": "station_complex_representative_exit_medoid",
        "commercial_context_limitation": "A station is only an accessibility anchor. Zoning and any later building signal do not prove occupancy, availability or tuition-centre eligibility.",
        "commercial_evidence_status": "partial",
        "commercial_node_id": "NODE_27A90D435FF15CE1",
        "commercial_signal_count": 1,
        "exit_count": 2,
        "missing_signal_keys_json": "[\"hdb_commercial_building\"]",
        "node_definition_version": "station-complex-commercial-evidence-v2-corrected",
        "node_name": "TUAS CRESCENT MRT STATION",
        "node_type": "rail_station_complex",
        "operational_status": "verified_operational",
        "operational_status_basis": "Base name matches the current dated System Map roster (S032, roster version 2026-09-13.1), whose legend was directly inspected and which marks under-construction stations distinctly; this station carries no such marker. S026 exact-name corroboration, where present, is identity corroboration only and plays no role in this determination.",
        "positive_signal_keys_json": "[\"official_land_use_zoning\"]",
        "qualification_rule": "At least 2 independent positive signal families at the 800 m evidence band.",
        "qualification_status": "provisional",
        "station_complex_id": "STC_378B762D32B743DF"
      },
      "type": "Feature"
    },
    {
      "geometry": {
        "coordinates": [
          103.63724572002151,
          1.3404268992051425
        ],
        "type": "Point"
      },
      "id": "NODE_156CB3AA934B3B2E",
      "properties": {
        "anchor_method": "station_complex_representative_exit_medoid",
        "commercial_context_limitation": "A station is only an accessibility anchor. Zoning and any later building signal do not prove occupancy, availability or tuition-centre eligibility.",
        "commercial_evidence_status": "missing",
        "commercial_node_id": "NODE_156CB3AA934B3B2E",
        "commercial_signal_count": 0,
        "exit_count": 2,
        "missing_signal_keys_json": "[\"hdb_commercial_building\"]",
        "node_definition_version": "station-complex-commercial-evidence-v2-corrected",
        "node_name": "TUAS LINK MRT STATION",
        "node_type": "rail_station_complex",
        "operational_status": "verified_operational",
        "operational_status_basis": "Base name matches the current dated System Map roster (S032, roster version 2026-09-13.1), whose legend was directly inspected and which marks under-construction stations distinctly; this station carries no such marker. S026 exact-name corroboration, where present, is identity corroboration only and plays no role in this determination.",
        "positive_signal_keys_json": "[]",
        "qualification_rule": "At least 2 independent positive signal families at the 800 m evidence band.",
        "qualification_status": "needs_manual_review",
        "station_complex_id": "STC_0D2E6DE32DD30A7D"
      },
      "type": "Feature"
    },
    {
      "geometry": {
        "coordinates": [
          103.63928434470874,
          1.3298724241392643
        ],
        "type": "Point"
      },
      "id": "NODE_8F1ED11672151516",
      "properties": {
        "anchor_method": "station_complex_representative_exit_medoid",
        "commercial_context_limitation": "A station is only an accessibility anchor. Zoning and any later building signal do not prove occupancy, availability or tuition-centre eligibility.",
        "commercial_evidence_status": "partial",
        "commercial_node_id": "NODE_8F1ED11672151516",
        "commercial_signal_count": 1,
        "exit_count": 2,
        "missing_signal_keys_json": "[\"hdb_commercial_building\"]",
        "node_definition_version": "station-complex-commercial-evidence-v2-corrected",
        "node_name": "TUAS WEST ROAD MRT STATION",
        "node_type": "rail_station_complex",
        "operational_status": "verified_operational",
        "operational_status_basis": "Base name matches the current dated System Map roster (S032, roster version 2026-09-13.1), whose legend was directly inspected and which marks under-construction stations distinctly; this station carries no such marker. S026 exact-name corroboration, where present, is identity corroboration only and plays no role in this determination.",
        "positive_signal_keys_json": "[\"official_land_use_zoning\"]",
        "qualification_rule": "At least 2 independent positive signal families at the 800 m evidence band.",
        "qualification_status": "provisional",
        "station_complex_id": "STC_561B8867772A50B9"
      },
      "type": "Feature"
    },
    {
      "geometry": {
        "coordinates": [
          103.89858557091625,
          1.329830770674731
        ],
        "type": "Point"
      },
      "id": "NODE_4B74C77E43061AF5",
      "properties": {
        "anchor_method": "station_complex_representative_exit_medoid",
        "commercial_context_limitation": "A station is only an accessibility anchor. Zoning and any later building signal do not prove occupancy, availability or tuition-centre eligibility.",
        "commercial_evidence_status": "partial",
        "commercial_node_id": "NODE_4B74C77E43061AF5",
        "commercial_signal_count": 1,
        "exit_count": 2,
        "missing_signal_keys_json": "[\"hdb_commercial_building\"]",
        "node_definition_version": "station-complex-commercial-evidence-v2-corrected",
        "node_name": "UBI MRT STATION",
        "node_type": "rail_station_complex",
        "operational_status": "verified_operational",
        "operational_status_basis": "Base name matches the current dated System Map roster (S032, roster version 2026-09-13.1), whose legend was directly inspected and which marks under-construction stations distinctly; this station carries no such marker. S026 exact-name corroboration, where present, is identity corroboration only and plays no role in this determination.",
        "positive_signal_keys_json": "[\"official_land_use_zoning\"]",
        "qualification_rule": "At least 2 independent positive signal families at the 800 m evidence band.",
        "qualification_status": "provisional",
        "station_complex_id": "STC_64946156D1337E05"
      },
      "type": "Feature"
    },
    {
      "geometry": {
        "coordinates": [
          103.9613284805394,
          1.3418611973421342
        ],
        "type": "Point"
      },
      "id": "NODE_46676A863ED35EA5",
      "properties": {
        "anchor_method": "station_complex_representative_exit_medoid",
        "commercial_context_limitation": "A station is only an accessibility anchor. Zoning and any later building signal do not prove occupancy, availability or tuition-centre eligibility.",
        "commercial_evidence_status": "partial",
        "commercial_node_id": "NODE_46676A863ED35EA5",
        "commercial_signal_count": 1,
        "exit_count": 5,
        "missing_signal_keys_json": "[\"hdb_commercial_building\"]",
        "node_definition_version": "station-complex-commercial-evidence-v2-corrected",
        "node_name": "UPPER CHANGI MRT STATION",
        "node_type": "rail_station_complex",
        "operational_status": "verified_operational",
        "operational_status_basis": "Base name matches the current dated System Map roster (S032, roster version 2026-09-13.1), whose legend was directly inspected and which marks under-construction stations distinctly; this station carries no such marker. S026 exact-name corroboration, where present, is identity corroboration only and plays no role in this determination.",
        "positive_signal_keys_json": "[\"official_land_use_zoning\"]",
        "qualification_rule": "At least 2 independent positive signal families at the 800 m evidence band.",
        "qualification_status": "provisional",
        "station_complex_id": "STC_D6064D20297F413E"
      },
      "type": "Feature"
    },
    {
      "geometry": {
        "coordinates": [
          103.83263517825011,
          1.3544178218637264
        ],
        "type": "Point"
      },
      "id": "NODE_990F7527815E4647",
      "properties": {
        "anchor_method": "station_complex_representative_exit_medoid",
        "commercial_context_limitation": "A station is only an accessibility anchor. Zoning and any later building signal do not prove occupancy, availability or tuition-centre eligibility.",
        "commercial_evidence_status": "partial",
        "commercial_node_id": "NODE_990F7527815E4647",
        "commercial_signal_count": 1,
        "exit_count": 5,
        "missing_signal_keys_json": "[\"hdb_commercial_building\"]",
        "node_definition_version": "station-complex-commercial-evidence-v2-corrected",
        "node_name": "UPPER THOMSON MRT STATION",
        "node_type": "rail_station_complex",
        "operational_status": "verified_operational",
        "operational_status_basis": "Base name matches the current dated System Map roster (S032, roster version 2026-09-13.1), whose legend was directly inspected and which marks under-construction stations distinctly; this station carries no such marker. S026 exact-name corroboration, where present, is identity corroboration only and plays no role in this determination.",
        "positive_signal_keys_json": "[\"official_land_use_zoning\"]",
        "qualification_rule": "At least 2 independent positive signal families at the 800 m evidence band.",
        "qualification_status": "provisional",
        "station_complex_id": "STC_C8692578A82E50BC"
      },
      "type": "Feature"
    },
    {
      "geometry": {
        "coordinates": [
          103.78710822541109,
          1.4372433670398619
        ],
        "type": "Point"
      },
      "id": "NODE_BDCD9B8B115B8110",
      "properties": {
        "anchor_method": "station_complex_representative_exit_medoid",
        "commercial_context_limitation": "A station is only an accessibility anchor. Zoning and any later building signal do not prove occupancy, availability or tuition-centre eligibility.",
        "commercial_evidence_status": "partial",
        "commercial_node_id": "NODE_BDCD9B8B115B8110",
        "commercial_signal_count": 1,
        "exit_count": 7,
        "missing_signal_keys_json": "[\"hdb_commercial_building\"]",
        "node_definition_version": "station-complex-commercial-evidence-v2-corrected",
        "node_name": "WOODLANDS MRT STATION",
        "node_type": "rail_station_complex",
        "operational_status": "verified_operational",
        "operational_status_basis": "Base name matches the current dated System Map roster (S032, roster version 2026-09-13.1), whose legend was directly inspected and which marks under-construction stations distinctly; this station carries no such marker. S026 exact-name corroboration, where present, is identity corroboration only and plays no role in this determination.",
        "positive_signal_keys_json": "[\"official_land_use_zoning\"]",
        "qualification_rule": "At least 2 independent positive signal families at the 800 m evidence band.",
        "qualification_status": "provisional",
        "station_complex_id": "STC_D9B8A99466746013"
      },
      "type": "Feature"
    },
    {
      "geometry": {
        "coordinates": [
          103.7854290806745,
          1.4479365024965063
        ],
        "type": "Point"
      },
      "id": "NODE_A81D7BFC3A36F6C0",
      "properties": {
        "anchor_method": "station_complex_representative_exit_medoid",
        "commercial_context_limitation": "A station is only an accessibility anchor. Zoning and any later building signal do not prove occupancy, availability or tuition-centre eligibility.",
        "commercial_evidence_status": "partial",
        "commercial_node_id": "NODE_A81D7BFC3A36F6C0",
        "commercial_signal_count": 1,
        "exit_count": 2,
        "missing_signal_keys_json": "[\"hdb_commercial_building\"]",
        "node_definition_version": "station-complex-commercial-evidence-v2-corrected",
        "node_name": "WOODLANDS NORTH MRT STATION",
        "node_type": "rail_station_complex",
        "operational_status": "verified_operational",
        "operational_status_basis": "Base name matches the current dated System Map roster (S032, roster version 2026-09-13.1), whose legend was directly inspected and which marks under-construction stations distinctly; this station carries no such marker. S026 exact-name corroboration, where present, is identity corroboration only and plays no role in this determination.",
        "positive_signal_keys_json": "[\"official_land_use_zoning\"]",
        "qualification_rule": "At least 2 independent positive signal families at the 800 m evidence band.",
        "qualification_status": "provisional",
        "station_complex_id": "STC_6962592168ADC420"
      },
      "type": "Feature"
    },
    {
      "geometry": {
        "coordinates": [
          103.7944238317872,
          1.4266842408027618
        ],
        "type": "Point"
      },
      "id": "NODE_CC9CBDDDC2E8C808",
      "properties": {
        "anchor_method": "station_complex_representative_exit_medoid",
        "commercial_context_limitation": "A station is only an accessibility anchor. Zoning and any later building signal do not prove occupancy, availability or tuition-centre eligibility.",
        "commercial_evidence_status": "partial",
        "commercial_node_id": "NODE_CC9CBDDDC2E8C808",
        "commercial_signal_count": 1,
        "exit_count": 5,
        "missing_signal_keys_json": "[\"hdb_commercial_building\"]",
        "node_definition_version": "station-complex-commercial-evidence-v2-corrected",
        "node_name": "WOODLANDS SOUTH MRT STATION",
        "node_type": "rail_station_complex",
        "operational_status": "verified_operational",
        "operational_status_basis": "Base name matches the current dated System Map roster (S032, roster version 2026-09-13.1), whose legend was directly inspected and which marks under-construction stations distinctly; this station carries no such marker. S026 exact-name corroboration, where present, is identity corroboration only and plays no role in this determination.",
        "positive_signal_keys_json": "[\"official_land_use_zoning\"]",
        "qualification_rule": "At least 2 independent positive signal families at the 800 m evidence band.",
        "qualification_status": "provisional",
        "station_complex_id": "STC_15875135652F6074"
      },
      "type": "Feature"
    },
    {
      "geometry": {
        "coordinates": [
          103.87094060456803,
          1.3385106544114485
        ],
        "type": "Point"
      },
      "id": "NODE_DCC0FC8F75393AA4",
      "properties": {
        "anchor_method": "station_complex_representative_exit_medoid",
        "commercial_context_limitation": "A station is only an accessibility anchor. Zoning and any later building signal do not prove occupancy, availability or tuition-centre eligibility.",
        "commercial_evidence_status": "partial",
        "commercial_node_id": "NODE_DCC0FC8F75393AA4",
        "commercial_signal_count": 1,
        "exit_count": 3,
        "missing_signal_keys_json": "[\"hdb_commercial_building\"]",
        "node_definition_version": "station-complex-commercial-evidence-v2-corrected",
        "node_name": "WOODLEIGH MRT STATION",
        "node_type": "rail_station_complex",
        "operational_status": "verified_operational",
        "operational_status_basis": "Base name matches the current dated System Map roster (S032, roster version 2026-09-13.1), whose legend was directly inspected and which marks under-construction stations distinctly; this station carries no such marker. S026 exact-name corroboration, where present, is identity corroboration only and plays no role in this determination.",
        "positive_signal_keys_json": "[\"official_land_use_zoning\"]",
        "qualification_rule": "At least 2 independent positive signal families at the 800 m evidence band.",
        "qualification_status": "provisional",
        "station_complex_id": "STC_4A8D32C5CB35E09A"
      },
      "type": "Feature"
    },
    {
      "geometry": {
        "coordinates": [
          103.74719516647077,
          1.3976554793526916
        ],
        "type": "Point"
      },
      "id": "NODE_37BEDA440130E8C9",
      "properties": {
        "anchor_method": "station_complex_representative_exit_medoid",
        "commercial_context_limitation": "A station is only an accessibility anchor. Zoning and any later building signal do not prove occupancy, availability or tuition-centre eligibility.",
        "commercial_evidence_status": "partial",
        "commercial_node_id": "NODE_37BEDA440130E8C9",
        "commercial_signal_count": 1,
        "exit_count": 4,
        "missing_signal_keys_json": "[\"hdb_commercial_building\"]",
        "node_definition_version": "station-complex-commercial-evidence-v2-corrected",
        "node_name": "YEW TEE MRT STATION",
        "node_type": "rail_station_complex",
        "operational_status": "verified_operational",
        "operational_status_basis": "Base name matches the current dated System Map roster (S032, roster version 2026-09-13.1), whose legend was directly inspected and which marks under-construction stations distinctly; this station carries no such marker. S026 exact-name corroboration, where present, is identity corroboration only and plays no role in this determination.",
        "positive_signal_keys_json": "[\"official_land_use_zoning\"]",
        "qualification_rule": "At least 2 independent positive signal families at the 800 m evidence band.",
        "qualification_status": "provisional",
        "station_complex_id": "STC_1135C98977EC335F"
      },
      "type": "Feature"
    },
    {
      "geometry": {
        "coordinates": [
          103.84483419549113,
          1.3816444074306995
        ],
        "type": "Point"
      },
      "id": "NODE_35FB845694A4942B",
      "properties": {
        "anchor_method": "station_complex_representative_exit_medoid",
        "commercial_context_limitation": "A station is only an accessibility anchor. Zoning and any later building signal do not prove occupancy, availability or tuition-centre eligibility.",
        "commercial_evidence_status": "partial",
        "commercial_node_id": "NODE_35FB845694A4942B",
        "commercial_signal_count": 1,
        "exit_count": 3,
        "missing_signal_keys_json": "[\"hdb_commercial_building\"]",
        "node_definition_version": "station-complex-commercial-evidence-v2-corrected",
        "node_name": "YIO CHU KANG MRT STATION",
        "node_type": "rail_station_complex",
        "operational_status": "verified_operational",
        "operational_status_basis": "Base name matches the current dated System Map roster (S032, roster version 2026-09-13.1), whose legend was directly inspected and which marks under-construction stations distinctly; this station carries no such marker. S026 exact-name corroboration, where present, is identity corroboration only and plays no role in this determination.",
        "positive_signal_keys_json": "[\"official_land_use_zoning\"]",
        "qualification_rule": "At least 2 independent positive signal families at the 800 m evidence band.",
        "qualification_status": "provisional",
        "station_complex_id": "STC_9421C19BCB47CB18"
      },
      "type": "Feature"
    },
    {
      "geometry": {
        "coordinates": [
          103.83478360318439,
          1.429397167315948
        ],
        "type": "Point"
      },
      "id": "NODE_6FF34CE78F7A7CE4",
      "properties": {
        "anchor_method": "station_complex_representative_exit_medoid",
        "commercial_context_limitation": "A station is only an accessibility anchor. Zoning and any later building signal do not prove occupancy, availability or tuition-centre eligibility.",
        "commercial_evidence_status": "partial",
        "commercial_node_id": "NODE_6FF34CE78F7A7CE4",
        "commercial_signal_count": 1,
        "exit_count": 5,
        "missing_signal_keys_json": "[\"hdb_commercial_building\"]",
        "node_definition_version": "station-complex-commercial-evidence-v2-corrected",
        "node_name": "YISHUN MRT STATION",
        "node_type": "rail_station_complex",
        "operational_status": "verified_operational",
        "operational_status_basis": "Base name matches the current dated System Map roster (S032, roster version 2026-09-13.1), whose legend was directly inspected and which marks under-construction stations distinctly; this station carries no such marker. S026 exact-name corroboration, where present, is identity corroboration only and plays no role in this determination.",
        "positive_signal_keys_json": "[\"official_land_use_zoning\"]",
        "qualification_rule": "At least 2 independent positive signal families at the 800 m evidence band.",
        "qualification_status": "provisional",
        "station_complex_id": "STC_801E8F03C2C8C620"
      },
      "type": "Feature"
    }
  ],
  "type": "FeatureCollection"
}
