commercial_node_id,node_name,scenario_id,threshold_case_id,is_primary_threshold_case,pt_threshold_minutes,walking_fallback_threshold_minutes,accessible_target_population_proxy,pt_accessible_population_proxy,walking_fallback_accessible_population_proxy,proximity_fallback_accessible_population_proxy,transport_accessible_population_proxy,centroid_proximity_population_proxy_800m,transit_reach_share,combined_accessibility_reach_share,national_target_population_proxy,origin_count,pt_success_count,pt_missing_route_count,pt_invalid_response_count,walking_fallback_success_count,proximity_fallback_pair_count,unresolved_route_population_proxy,route_coverage_complete
NODE_038D6E216A990844,LENTOR MRT STATION,primary_weekday_after_school,pt20_walk10_primary,True,20,10,5610.0,5610.0,0,0,5610.0,2780.0,0.013595715289726874,0.013595715289726874,412630.0,332,317,12,3,6,0,0.0,True
NODE_038D6E216A990844,LENTOR MRT STATION,primary_weekday_after_school,pt15_walk10,False,15,10,2070.0,2070.0,0,0,2070.0,2780.0,0.005016600828829702,0.005016600828829702,412630.0,332,317,12,3,6,0,0.0,True
NODE_038D6E216A990844,LENTOR MRT STATION,primary_weekday_after_school,pt25_walk10,False,25,10,13000.0,13000.0,0,0,13000.0,2780.0,0.03150522259651504,0.03150522259651504,412630.0,332,317,12,3,6,0,0.0,True
NODE_038D6E216A990844,LENTOR MRT STATION,primary_weekday_after_school,pt20_walk5,False,20,5,5610.0,5610.0,0,0,5610.0,2780.0,0.013595715289726874,0.013595715289726874,412630.0,332,317,12,3,6,0,0.0,True
NODE_038D6E216A990844,LENTOR MRT STATION,primary_weekday_after_school,pt20_walk15,False,20,15,5610.0,5610.0,0,0,5610.0,2780.0,0.013595715289726874,0.013595715289726874,412630.0,332,317,12,3,6,0,0.0,True
NODE_038D6E216A990844,LENTOR MRT STATION,weekend_comparison,pt20_walk10_primary,True,20,10,5610.0,5610.0,0,0,5610.0,2780.0,0.013595715289726874,0.013595715289726874,412630.0,332,319,12,1,4,0,0.0,True
NODE_038D6E216A990844,LENTOR MRT STATION,weekend_comparison,pt15_walk10,False,15,10,2070.0,2070.0,0,0,2070.0,2780.0,0.005016600828829702,0.005016600828829702,412630.0,332,319,12,1,4,0,0.0,True
NODE_038D6E216A990844,LENTOR MRT STATION,weekend_comparison,pt25_walk10,False,25,10,10390.0,10390.0,0,0,10390.0,2780.0,0.025179943290599326,0.025179943290599326,412630.0,332,319,12,1,4,0,0.0,True
NODE_038D6E216A990844,LENTOR MRT STATION,weekend_comparison,pt20_walk5,False,20,5,5610.0,5610.0,0,0,5610.0,2780.0,0.013595715289726874,0.013595715289726874,412630.0,332,319,12,1,4,0,0.0,True
NODE_038D6E216A990844,LENTOR MRT STATION,weekend_comparison,pt20_walk15,False,20,15,5610.0,5610.0,0,0,5610.0,2780.0,0.013595715289726874,0.013595715289726874,412630.0,332,319,12,1,4,0,0.0,True
NODE_043AD678A36B379B,GREAT WORLD MRT STATION,primary_weekday_after_school,pt20_walk10_primary,True,20,10,9400.0,9400.0,0,0,9400.0,2720.0,0.022780699415941644,0.022780699415941644,412630.0,332,318,12,2,5,0,0.0,True
NODE_043AD678A36B379B,GREAT WORLD MRT STATION,primary_weekday_after_school,pt15_walk10,False,15,10,3740.0,3740.0,0,0,3740.0,2720.0,0.009063810193151249,0.009063810193151249,412630.0,332,318,12,2,5,0,0.0,True
NODE_043AD678A36B379B,GREAT WORLD MRT STATION,primary_weekday_after_school,pt25_walk10,False,25,10,17580.0,17580.0,0,0,17580.0,2720.0,0.04260475486513341,0.04260475486513341,412630.0,332,318,12,2,5,0,0.0,True
NODE_043AD678A36B379B,GREAT WORLD MRT STATION,primary_weekday_after_school,pt20_walk5,False,20,5,9400.0,9400.0,0,0,9400.0,2720.0,0.022780699415941644,0.022780699415941644,412630.0,332,318,12,2,5,0,0.0,True
NODE_043AD678A36B379B,GREAT WORLD MRT STATION,primary_weekday_after_school,pt20_walk15,False,20,15,9400.0,9400.0,0,0,9400.0,2720.0,0.022780699415941644,0.022780699415941644,412630.0,332,318,12,2,5,0,0.0,True
NODE_043AD678A36B379B,GREAT WORLD MRT STATION,weekend_comparison,pt20_walk10_primary,True,20,10,9410.0,9410.0,0,0,9410.0,2720.0,0.022804934202554347,0.022804934202554347,412630.0,332,319,12,1,4,0,0.0,True
NODE_043AD678A36B379B,GREAT WORLD MRT STATION,weekend_comparison,pt15_walk10,False,15,10,3700.0,3700.0,0,0,3700.0,2720.0,0.008966871046700433,0.008966871046700433,412630.0,332,319,12,1,4,0,0.0,True
NODE_043AD678A36B379B,GREAT WORLD MRT STATION,weekend_comparison,pt25_walk10,False,25,10,24600.0,24600.0,0,0,24600.0,2720.0,0.05961757506725153,0.05961757506725153,412630.0,332,319,12,1,4,0,0.0,True
NODE_043AD678A36B379B,GREAT WORLD MRT STATION,weekend_comparison,pt20_walk5,False,20,5,9410.0,9410.0,0,0,9410.0,2720.0,0.022804934202554347,0.022804934202554347,412630.0,332,319,12,1,4,0,0.0,True
NODE_043AD678A36B379B,GREAT WORLD MRT STATION,weekend_comparison,pt20_walk15,False,20,15,9410.0,9410.0,0,0,9410.0,2720.0,0.022804934202554347,0.022804934202554347,412630.0,332,319,12,1,4,0,0.0,True
NODE_04CE11E762437C88,NEWTON MRT STATION,primary_weekday_after_school,pt20_walk10_primary,True,20,10,19630.0,19630.0,0,0,19630.0,2960.0,0.047572886120737706,0.047572886120737706,412630.0,332,319,12,1,4,0,0.0,True
NODE_04CE11E762437C88,NEWTON MRT STATION,primary_weekday_after_school,pt15_walk10,False,15,10,6570.0,6570.0,0,0,6570.0,2960.0,0.015922254804546447,0.015922254804546447,412630.0,332,319,12,1,4,0,0.0,True
NODE_04CE11E762437C88,NEWTON MRT STATION,primary_weekday_after_school,pt25_walk10,False,25,10,39910.0,39910.0,0,0,39910.0,2960.0,0.09672103337130117,0.09672103337130117,412630.0,332,319,12,1,4,0,0.0,True
NODE_04CE11E762437C88,NEWTON MRT STATION,primary_weekday_after_school,pt20_walk5,False,20,5,19630.0,19630.0,0,0,19630.0,2960.0,0.047572886120737706,0.047572886120737706,412630.0,332,319,12,1,4,0,0.0,True
NODE_04CE11E762437C88,NEWTON MRT STATION,primary_weekday_after_school,pt20_walk15,False,20,15,19630.0,19630.0,0,0,19630.0,2960.0,0.047572886120737706,0.047572886120737706,412630.0,332,319,12,1,4,0,0.0,True
NODE_04CE11E762437C88,NEWTON MRT STATION,weekend_comparison,pt20_walk10_primary,True,20,10,19630.0,19630.0,0,0,19630.0,2960.0,0.047572886120737706,0.047572886120737706,412630.0,332,316,12,4,7,0,0.0,True
NODE_04CE11E762437C88,NEWTON MRT STATION,weekend_comparison,pt15_walk10,False,15,10,6570.0,6570.0,0,0,6570.0,2960.0,0.015922254804546447,0.015922254804546447,412630.0,332,316,12,4,7,0,0.0,True
NODE_04CE11E762437C88,NEWTON MRT STATION,weekend_comparison,pt25_walk10,False,25,10,40250.0,40250.0,0,0,40250.0,2960.0,0.0975450161161331,0.0975450161161331,412630.0,332,316,12,4,7,0,0.0,True
NODE_04CE11E762437C88,NEWTON MRT STATION,weekend_comparison,pt20_walk5,False,20,5,19630.0,19630.0,0,0,19630.0,2960.0,0.047572886120737706,0.047572886120737706,412630.0,332,316,12,4,7,0,0.0,True
NODE_04CE11E762437C88,NEWTON MRT STATION,weekend_comparison,pt20_walk15,False,20,15,19630.0,19630.0,0,0,19630.0,2960.0,0.047572886120737706,0.047572886120737706,412630.0,332,316,12,4,7,0,0.0,True
NODE_060EFCFFF0678F62,SENGKANG MRT STATION,primary_weekday_after_school,pt20_walk10_primary,True,20,10,61450.0,61450.0,0,0,61450.0,13820.0,0.1489227637350653,0.1489227637350653,412630.0,332,319,12,1,4,0,0.0,True
NODE_060EFCFFF0678F62,SENGKANG MRT STATION,primary_weekday_after_school,pt15_walk10,False,15,10,42180.0,42180.0,0,0,42180.0,13820.0,0.10222232993238495,0.10222232993238495,412630.0,332,319,12,1,4,0,0.0,True
NODE_060EFCFFF0678F62,SENGKANG MRT STATION,primary_weekday_after_school,pt25_walk10,False,25,10,82480.0,82480.0,0,0,82480.0,13820.0,0.19988851998158155,0.19988851998158155,412630.0,332,319,12,1,4,0,0.0,True
NODE_060EFCFFF0678F62,SENGKANG MRT STATION,primary_weekday_after_school,pt20_walk5,False,20,5,61450.0,61450.0,0,0,61450.0,13820.0,0.1489227637350653,0.1489227637350653,412630.0,332,319,12,1,4,0,0.0,True
NODE_060EFCFFF0678F62,SENGKANG MRT STATION,primary_weekday_after_school,pt20_walk15,False,20,15,61450.0,61450.0,0,0,61450.0,13820.0,0.1489227637350653,0.1489227637350653,412630.0,332,319,12,1,4,0,0.0,True
NODE_060EFCFFF0678F62,SENGKANG MRT STATION,weekend_comparison,pt20_walk10_primary,True,20,10,63900.0,63900.0,0,0,63900.0,13820.0,0.15486028645517777,0.15486028645517777,412630.0,332,320,12,0,3,0,0.0,True
NODE_060EFCFFF0678F62,SENGKANG MRT STATION,weekend_comparison,pt15_walk10,False,15,10,42180.0,42180.0,0,0,42180.0,13820.0,0.10222232993238495,0.10222232993238495,412630.0,332,320,12,0,3,0,0.0,True
NODE_060EFCFFF0678F62,SENGKANG MRT STATION,weekend_comparison,pt25_walk10,False,25,10,81950.0,81950.0,0,0,81950.0,13820.0,0.19860407629110827,0.19860407629110827,412630.0,332,320,12,0,3,0,0.0,True
NODE_060EFCFFF0678F62,SENGKANG MRT STATION,weekend_comparison,pt20_walk5,False,20,5,63900.0,63900.0,0,0,63900.0,13820.0,0.15486028645517777,0.15486028645517777,412630.0,332,320,12,0,3,0,0.0,True
NODE_060EFCFFF0678F62,SENGKANG MRT STATION,weekend_comparison,pt20_walk15,False,20,15,63900.0,63900.0,0,0,63900.0,13820.0,0.15486028645517777,0.15486028645517777,412630.0,332,320,12,0,3,0,0.0,True
NODE_06A7D2C76D443C97,BARTLEY MRT STATION,primary_weekday_after_school,pt20_walk10_primary,True,20,10,28380.0,28380.0,0,0,28380.0,3280.0,0.0687783244068536,0.0687783244068536,412630.0,332,320,12,0,3,0,0.0,True
NODE_06A7D2C76D443C97,BARTLEY MRT STATION,primary_weekday_after_school,pt15_walk10,False,15,10,5190.0,5190.0,0,0,5190.0,3280.0,0.012577854251993311,0.012577854251993311,412630.0,332,320,12,0,3,0,0.0,True
NODE_06A7D2C76D443C97,BARTLEY MRT STATION,primary_weekday_after_school,pt25_walk10,False,25,10,61500.0,61500.0,0,0,61500.0,3280.0,0.14904393766812885,0.14904393766812885,412630.0,332,320,12,0,3,0,0.0,True
NODE_06A7D2C76D443C97,BARTLEY MRT STATION,primary_weekday_after_school,pt20_walk5,False,20,5,28380.0,28380.0,0,0,28380.0,3280.0,0.0687783244068536,0.0687783244068536,412630.0,332,320,12,0,3,0,0.0,True
NODE_06A7D2C76D443C97,BARTLEY MRT STATION,primary_weekday_after_school,pt20_walk15,False,20,15,28380.0,28380.0,0,0,28380.0,3280.0,0.0687783244068536,0.0687783244068536,412630.0,332,320,12,0,3,0,0.0,True
NODE_06A7D2C76D443C97,BARTLEY MRT STATION,weekend_comparison,pt20_walk10_primary,True,20,10,27480.0,27480.0,0,0,27480.0,3280.0,0.06659719361171025,0.06659719361171025,412630.0,332,318,13,1,5,0,0.0,True
NODE_06A7D2C76D443C97,BARTLEY MRT STATION,weekend_comparison,pt15_walk10,False,15,10,5190.0,5190.0,0,0,5190.0,3280.0,0.012577854251993311,0.012577854251993311,412630.0,332,318,13,1,5,0,0.0,True
NODE_06A7D2C76D443C97,BARTLEY MRT STATION,weekend_comparison,pt25_walk10,False,25,10,59410.0,59410.0,0,0,59410.0,3280.0,0.14397886726607373,0.14397886726607373,412630.0,332,318,13,1,5,0,0.0,True
NODE_06A7D2C76D443C97,BARTLEY MRT STATION,weekend_comparison,pt20_walk5,False,20,5,27480.0,27480.0,0,0,27480.0,3280.0,0.06659719361171025,0.06659719361171025,412630.0,332,318,13,1,5,0,0.0,True
NODE_06A7D2C76D443C97,BARTLEY MRT STATION,weekend_comparison,pt20_walk15,False,20,15,27480.0,27480.0,0,0,27480.0,3280.0,0.06659719361171025,0.06659719361171025,412630.0,332,318,13,1,5,0,0.0,True
NODE_095FAB5264655E26,CHINATOWN MRT STATION,primary_weekday_after_school,pt20_walk10_primary,True,20,10,14460.0,14460.0,0,0,14460.0,1290.0,0.035043501441969806,0.035043501441969806,412630.0,332,319,12,1,4,0,0.0,True
NODE_095FAB5264655E26,CHINATOWN MRT STATION,primary_weekday_after_school,pt15_walk10,False,15,10,4280.0,4280.0,0,0,4280.0,1290.0,0.010372488670237259,0.010372488670237259,412630.0,332,319,12,1,4,0,0.0,True
NODE_095FAB5264655E26,CHINATOWN MRT STATION,primary_weekday_after_school,pt25_walk10,False,25,10,32160.0,32160.0,0,0,32160.0,1290.0,0.07793907374645566,0.07793907374645566,412630.0,332,319,12,1,4,0,0.0,True
NODE_095FAB5264655E26,CHINATOWN MRT STATION,primary_weekday_after_school,pt20_walk5,False,20,5,14460.0,14460.0,0,0,14460.0,1290.0,0.035043501441969806,0.035043501441969806,412630.0,332,319,12,1,4,0,0.0,True
NODE_095FAB5264655E26,CHINATOWN MRT STATION,primary_weekday_after_school,pt20_walk15,False,20,15,14460.0,14460.0,0,0,14460.0,1290.0,0.035043501441969806,0.035043501441969806,412630.0,332,319,12,1,4,0,0.0,True
NODE_095FAB5264655E26,CHINATOWN MRT STATION,weekend_comparison,pt20_walk10_primary,True,20,10,12420.0,12420.0,0,0,12420.0,1290.0,0.030099604972978214,0.030099604972978214,412630.0,332,320,12,0,3,0,0.0,True
NODE_095FAB5264655E26,CHINATOWN MRT STATION,weekend_comparison,pt15_walk10,False,15,10,4360.0,4360.0,0,0,4360.0,1290.0,0.010566366963138889,0.010566366963138889,412630.0,332,320,12,0,3,0,0.0,True
NODE_095FAB5264655E26,CHINATOWN MRT STATION,weekend_comparison,pt25_walk10,False,25,10,33250.0,33250.0,0,0,33250.0,1290.0,0.08058066548724038,0.08058066548724038,412630.0,332,320,12,0,3,0,0.0,True
NODE_095FAB5264655E26,CHINATOWN MRT STATION,weekend_comparison,pt20_walk5,False,20,5,12420.0,12420.0,0,0,12420.0,1290.0,0.030099604972978214,0.030099604972978214,412630.0,332,320,12,0,3,0,0.0,True
NODE_095FAB5264655E26,CHINATOWN MRT STATION,weekend_comparison,pt20_walk15,False,20,15,12420.0,12420.0,0,0,12420.0,1290.0,0.030099604972978214,0.030099604972978214,412630.0,332,320,12,0,3,0,0.0,True
NODE_0ED1747ACA0CBED4,DOVER MRT STATION,primary_weekday_after_school,pt20_walk10_primary,True,20,10,19410.0,19410.0,0,0,19410.0,1380.0,0.04703972081525822,0.04703972081525822,412630.0,332,318,12,2,5,0,0.0,True
NODE_0ED1747ACA0CBED4,DOVER MRT STATION,primary_weekday_after_school,pt15_walk10,False,15,10,9030.0,9030.0,0,0,9030.0,1380.0,0.0218840123112716,0.0218840123112716,412630.0,332,318,12,2,5,0,0.0,True
NODE_0ED1747ACA0CBED4,DOVER MRT STATION,primary_weekday_after_school,pt25_walk10,False,25,10,40940.0,40940.0,0,0,40940.0,1380.0,0.09921721639240967,0.09921721639240967,412630.0,332,318,12,2,5,0,0.0,True
NODE_0ED1747ACA0CBED4,DOVER MRT STATION,primary_weekday_after_school,pt20_walk5,False,20,5,19410.0,19410.0,0,0,19410.0,1380.0,0.04703972081525822,0.04703972081525822,412630.0,332,318,12,2,5,0,0.0,True
NODE_0ED1747ACA0CBED4,DOVER MRT STATION,primary_weekday_after_school,pt20_walk15,False,20,15,19410.0,19410.0,0,0,19410.0,1380.0,0.04703972081525822,0.04703972081525822,412630.0,332,318,12,2,5,0,0.0,True
NODE_0ED1747ACA0CBED4,DOVER MRT STATION,weekend_comparison,pt20_walk10_primary,True,20,10,18910.0,18910.0,0,0,18910.0,1380.0,0.045827981484623026,0.045827981484623026,412630.0,332,320,12,0,3,0,0.0,True
NODE_0ED1747ACA0CBED4,DOVER MRT STATION,weekend_comparison,pt15_walk10,False,15,10,9030.0,9030.0,0,0,9030.0,1380.0,0.0218840123112716,0.0218840123112716,412630.0,332,320,12,0,3,0,0.0,True
NODE_0ED1747ACA0CBED4,DOVER MRT STATION,weekend_comparison,pt25_walk10,False,25,10,39380.0,39380.0,0,0,39380.0,1380.0,0.09543658968082785,0.09543658968082785,412630.0,332,320,12,0,3,0,0.0,True
NODE_0ED1747ACA0CBED4,DOVER MRT STATION,weekend_comparison,pt20_walk5,False,20,5,18910.0,18910.0,0,0,18910.0,1380.0,0.045827981484623026,0.045827981484623026,412630.0,332,320,12,0,3,0,0.0,True
NODE_0ED1747ACA0CBED4,DOVER MRT STATION,weekend_comparison,pt20_walk15,False,20,15,18910.0,18910.0,0,0,18910.0,1380.0,0.045827981484623026,0.045827981484623026,412630.0,332,320,12,0,3,0,0.0,True
NODE_141F74BE5CF4576D,HARBOURFRONT MRT STATION,primary_weekday_after_school,pt20_walk10_primary,True,20,10,6570.0,6570.0,0,0,6570.0,0,0.015922254804546447,0.015922254804546447,412630.0,332,320,12,0,3,0,0.0,True
NODE_141F74BE5CF4576D,HARBOURFRONT MRT STATION,primary_weekday_after_school,pt15_walk10,False,15,10,2590.0,2590.0,0,0,2590.0,0,0.006276809732690304,0.006276809732690304,412630.0,332,320,12,0,3,0,0.0,True
NODE_141F74BE5CF4576D,HARBOURFRONT MRT STATION,primary_weekday_after_school,pt25_walk10,False,25,10,17700.0,17700.0,0,0,17700.0,0,0.04289557230448586,0.04289557230448586,412630.0,332,320,12,0,3,0,0.0,True
NODE_141F74BE5CF4576D,HARBOURFRONT MRT STATION,primary_weekday_after_school,pt20_walk5,False,20,5,6570.0,6570.0,0,0,6570.0,0,0.015922254804546447,0.015922254804546447,412630.0,332,320,12,0,3,0,0.0,True
NODE_141F74BE5CF4576D,HARBOURFRONT MRT STATION,primary_weekday_after_school,pt20_walk15,False,20,15,6570.0,6570.0,0,0,6570.0,0,0.015922254804546447,0.015922254804546447,412630.0,332,320,12,0,3,0,0.0,True
NODE_141F74BE5CF4576D,HARBOURFRONT MRT STATION,weekend_comparison,pt20_walk10_primary,True,20,10,6370.0,6370.0,0,0,6370.0,0,0.015437559072292368,0.015437559072292368,412630.0,332,319,12,1,4,0,0.0,True
NODE_141F74BE5CF4576D,HARBOURFRONT MRT STATION,weekend_comparison,pt15_walk10,False,15,10,2590.0,2590.0,0,0,2590.0,0,0.006276809732690304,0.006276809732690304,412630.0,332,319,12,1,4,0,0.0,True
NODE_141F74BE5CF4576D,HARBOURFRONT MRT STATION,weekend_comparison,pt25_walk10,False,25,10,15930.0,15930.0,0,0,15930.0,0,0.03860601507403727,0.03860601507403727,412630.0,332,319,12,1,4,0,0.0,True
NODE_141F74BE5CF4576D,HARBOURFRONT MRT STATION,weekend_comparison,pt20_walk5,False,20,5,6370.0,6370.0,0,0,6370.0,0,0.015437559072292368,0.015437559072292368,412630.0,332,319,12,1,4,0,0.0,True
NODE_141F74BE5CF4576D,HARBOURFRONT MRT STATION,weekend_comparison,pt20_walk15,False,20,15,6370.0,6370.0,0,0,6370.0,0,0.015437559072292368,0.015437559072292368,412630.0,332,319,12,1,4,0,0.0,True
NODE_14A5C750CFCA69F9,PUNGGOL MRT STATION,primary_weekday_after_school,pt20_walk10_primary,True,20,10,50830.0,50830.0,0,0,50830.0,12130.0,0.1231854203523738,0.1231854203523738,412630.0,332,318,12,2,5,0,0.0,True
NODE_14A5C750CFCA69F9,PUNGGOL MRT STATION,primary_weekday_after_school,pt15_walk10,False,15,10,34950.0,34950.0,0,0,34950.0,12130.0,0.08470057921140005,0.08470057921140005,412630.0,332,318,12,2,5,0,0.0,True
NODE_14A5C750CFCA69F9,PUNGGOL MRT STATION,primary_weekday_after_school,pt25_walk10,False,25,10,72140.0,72140.0,0,0,72140.0,12130.0,0.17482975062404577,0.17482975062404577,412630.0,332,318,12,2,5,0,0.0,True
NODE_14A5C750CFCA69F9,PUNGGOL MRT STATION,primary_weekday_after_school,pt20_walk5,False,20,5,50830.0,50830.0,0,0,50830.0,12130.0,0.1231854203523738,0.1231854203523738,412630.0,332,318,12,2,5,0,0.0,True
NODE_14A5C750CFCA69F9,PUNGGOL MRT STATION,primary_weekday_after_school,pt20_walk15,False,20,15,50830.0,50830.0,0,0,50830.0,12130.0,0.1231854203523738,0.1231854203523738,412630.0,332,318,12,2,5,0,0.0,True
NODE_14A5C750CFCA69F9,PUNGGOL MRT STATION,weekend_comparison,pt20_walk10_primary,True,20,10,41120.0,41120.0,0,0,41120.0,12130.0,0.09965344255143833,0.09965344255143833,412630.0,332,320,12,0,3,0,0.0,True
NODE_14A5C750CFCA69F9,PUNGGOL MRT STATION,weekend_comparison,pt15_walk10,False,15,10,27480.0,27480.0,0,0,27480.0,12130.0,0.06659719361171025,0.06659719361171025,412630.0,332,320,12,0,3,0,0.0,True
NODE_14A5C750CFCA69F9,PUNGGOL MRT STATION,weekend_comparison,pt25_walk10,False,25,10,76470.0,76470.0,0,0,76470.0,12130.0,0.18532341322734652,0.18532341322734652,412630.0,332,320,12,0,3,0,0.0,True
NODE_14A5C750CFCA69F9,PUNGGOL MRT STATION,weekend_comparison,pt20_walk5,False,20,5,41120.0,41120.0,0,0,41120.0,12130.0,0.09965344255143833,0.09965344255143833,412630.0,332,320,12,0,3,0,0.0,True
NODE_14A5C750CFCA69F9,PUNGGOL MRT STATION,weekend_comparison,pt20_walk15,False,20,15,41120.0,41120.0,0,0,41120.0,12130.0,0.09965344255143833,0.09965344255143833,412630.0,332,320,12,0,3,0,0.0,True
NODE_156CB3AA934B3B2E,TUAS LINK MRT STATION,primary_weekday_after_school,pt20_walk10_primary,True,20,10,0,0,0,0,0,0,0.0,0.0,412630.0,332,312,13,7,11,0,0.0,True
NODE_156CB3AA934B3B2E,TUAS LINK MRT STATION,primary_weekday_after_school,pt15_walk10,False,15,10,0,0,0,0,0,0,0.0,0.0,412630.0,332,312,13,7,11,0,0.0,True
NODE_156CB3AA934B3B2E,TUAS LINK MRT STATION,primary_weekday_after_school,pt25_walk10,False,25,10,0,0,0,0,0,0,0.0,0.0,412630.0,332,312,13,7,11,0,0.0,True
NODE_156CB3AA934B3B2E,TUAS LINK MRT STATION,primary_weekday_after_school,pt20_walk5,False,20,5,0,0,0,0,0,0,0.0,0.0,412630.0,332,312,13,7,11,0,0.0,True
NODE_156CB3AA934B3B2E,TUAS LINK MRT STATION,primary_weekday_after_school,pt20_walk15,False,20,15,0,0,0,0,0,0,0.0,0.0,412630.0,332,312,13,7,11,0,0.0,True
NODE_156CB3AA934B3B2E,TUAS LINK MRT STATION,weekend_comparison,pt20_walk10_primary,True,20,10,0,0,0,0,0,0,0.0,0.0,412630.0,332,318,13,1,5,0,0.0,True
NODE_156CB3AA934B3B2E,TUAS LINK MRT STATION,weekend_comparison,pt15_walk10,False,15,10,0,0,0,0,0,0,0.0,0.0,412630.0,332,318,13,1,5,0,0.0,True
NODE_156CB3AA934B3B2E,TUAS LINK MRT STATION,weekend_comparison,pt25_walk10,False,25,10,0,0,0,0,0,0,0.0,0.0,412630.0,332,318,13,1,5,0,0.0,True
NODE_156CB3AA934B3B2E,TUAS LINK MRT STATION,weekend_comparison,pt20_walk5,False,20,5,0,0,0,0,0,0,0.0,0.0,412630.0,332,318,13,1,5,0,0.0,True
NODE_156CB3AA934B3B2E,TUAS LINK MRT STATION,weekend_comparison,pt20_walk15,False,20,15,0,0,0,0,0,0,0.0,0.0,412630.0,332,318,13,1,5,0,0.0,True
NODE_1F84239E47E93DA1,PAYA LEBAR MRT STATION,primary_weekday_after_school,pt20_walk10_primary,True,20,10,33020.0,33020.0,0,0,33020.0,3030.0,0.0800232653951482,0.0800232653951482,412630.0,332,317,13,2,6,0,0.0,True
NODE_1F84239E47E93DA1,PAYA LEBAR MRT STATION,primary_weekday_after_school,pt15_walk10,False,15,10,15100.0,15100.0,0,0,15100.0,3030.0,0.03659452778518285,0.03659452778518285,412630.0,332,317,13,2,6,0,0.0,True
NODE_1F84239E47E93DA1,PAYA LEBAR MRT STATION,primary_weekday_after_school,pt25_walk10,False,25,10,50220.0,50220.0,0,0,50220.0,3030.0,0.12170709836899886,0.12170709836899886,412630.0,332,317,13,2,6,0,0.0,True
NODE_1F84239E47E93DA1,PAYA LEBAR MRT STATION,primary_weekday_after_school,pt20_walk5,False,20,5,33020.0,33020.0,0,0,33020.0,3030.0,0.0800232653951482,0.0800232653951482,412630.0,332,317,13,2,6,0,0.0,True
NODE_1F84239E47E93DA1,PAYA LEBAR MRT STATION,primary_weekday_after_school,pt20_walk15,False,20,15,33020.0,33020.0,0,0,33020.0,3030.0,0.0800232653951482,0.0800232653951482,412630.0,332,317,13,2,6,0,0.0,True
NODE_1F84239E47E93DA1,PAYA LEBAR MRT STATION,weekend_comparison,pt20_walk10_primary,True,20,10,29580.0,29580.0,0,0,29580.0,3030.0,0.07168649880037806,0.07168649880037806,412630.0,332,318,13,1,5,0,0.0,True
NODE_1F84239E47E93DA1,PAYA LEBAR MRT STATION,weekend_comparison,pt15_walk10,False,15,10,15100.0,15100.0,0,0,15100.0,3030.0,0.03659452778518285,0.03659452778518285,412630.0,332,318,13,1,5,0,0.0,True
NODE_1F84239E47E93DA1,PAYA LEBAR MRT STATION,weekend_comparison,pt25_walk10,False,25,10,49690.0,49690.0,0,0,49690.0,3030.0,0.12042265467852556,0.12042265467852556,412630.0,332,318,13,1,5,0,0.0,True
NODE_1F84239E47E93DA1,PAYA LEBAR MRT STATION,weekend_comparison,pt20_walk5,False,20,5,29580.0,29580.0,0,0,29580.0,3030.0,0.07168649880037806,0.07168649880037806,412630.0,332,318,13,1,5,0,0.0,True
NODE_1F84239E47E93DA1,PAYA LEBAR MRT STATION,weekend_comparison,pt20_walk15,False,20,15,29580.0,29580.0,0,0,29580.0,3030.0,0.07168649880037806,0.07168649880037806,412630.0,332,318,13,1,5,0,0.0,True
NODE_23E1F1B3CAF5448D,MARINE TERRACE MRT STATION,primary_weekday_after_school,pt20_walk10_primary,True,20,10,8670.0,8670.0,0,0,8670.0,2810.0,0.02101155999321426,0.02101155999321426,412630.0,332,318,13,1,5,0,0.0,True
NODE_23E1F1B3CAF5448D,MARINE TERRACE MRT STATION,primary_weekday_after_school,pt15_walk10,False,15,10,2810.0,2810.0,0,0,2810.0,2810.0,0.006809975038169789,0.006809975038169789,412630.0,332,318,13,1,5,0,0.0,True
NODE_23E1F1B3CAF5448D,MARINE TERRACE MRT STATION,primary_weekday_after_school,pt25_walk10,False,25,10,21270.0,21270.0,0,0,21270.0,2810.0,0.051547391125221144,0.051547391125221144,412630.0,332,318,13,1,5,0,0.0,True
NODE_23E1F1B3CAF5448D,MARINE TERRACE MRT STATION,primary_weekday_after_school,pt20_walk5,False,20,5,8670.0,8670.0,0,0,8670.0,2810.0,0.02101155999321426,0.02101155999321426,412630.0,332,318,13,1,5,0,0.0,True
NODE_23E1F1B3CAF5448D,MARINE TERRACE MRT STATION,primary_weekday_after_school,pt20_walk15,False,20,15,8670.0,8670.0,0,0,8670.0,2810.0,0.02101155999321426,0.02101155999321426,412630.0,332,318,13,1,5,0,0.0,True
NODE_23E1F1B3CAF5448D,MARINE TERRACE MRT STATION,weekend_comparison,pt20_walk10_primary,True,20,10,8670.0,8670.0,0,0,8670.0,2810.0,0.02101155999321426,0.02101155999321426,412630.0,332,319,13,0,4,0,0.0,True
NODE_23E1F1B3CAF5448D,MARINE TERRACE MRT STATION,weekend_comparison,pt15_walk10,False,15,10,2810.0,2810.0,0,0,2810.0,2810.0,0.006809975038169789,0.006809975038169789,412630.0,332,319,13,0,4,0,0.0,True
NODE_23E1F1B3CAF5448D,MARINE TERRACE MRT STATION,weekend_comparison,pt25_walk10,False,25,10,26110.0,26110.0,0,0,26110.0,2810.0,0.06327702784576981,0.06327702784576981,412630.0,332,319,13,0,4,0,0.0,True
NODE_23E1F1B3CAF5448D,MARINE TERRACE MRT STATION,weekend_comparison,pt20_walk5,False,20,5,8670.0,8670.0,0,0,8670.0,2810.0,0.02101155999321426,0.02101155999321426,412630.0,332,319,13,0,4,0,0.0,True
NODE_23E1F1B3CAF5448D,MARINE TERRACE MRT STATION,weekend_comparison,pt20_walk15,False,20,15,8670.0,8670.0,0,0,8670.0,2810.0,0.02101155999321426,0.02101155999321426,412630.0,332,319,13,0,4,0,0.0,True
NODE_27A90D435FF15CE1,TUAS CRESCENT MRT STATION,primary_weekday_after_school,pt20_walk10_primary,True,20,10,0.0,0.0,0,0,0.0,0.0,0.0,0.0,412630.0,332,317,13,2,6,0,0.0,True
NODE_27A90D435FF15CE1,TUAS CRESCENT MRT STATION,primary_weekday_after_school,pt15_walk10,False,15,10,0.0,0.0,0,0,0.0,0.0,0.0,0.0,412630.0,332,317,13,2,6,0,0.0,True
NODE_27A90D435FF15CE1,TUAS CRESCENT MRT STATION,primary_weekday_after_school,pt25_walk10,False,25,10,13730.0,13730.0,0,0,13730.0,0.0,0.03327436201924242,0.03327436201924242,412630.0,332,317,13,2,6,0,0.0,True
NODE_27A90D435FF15CE1,TUAS CRESCENT MRT STATION,primary_weekday_after_school,pt20_walk5,False,20,5,0.0,0.0,0,0,0.0,0.0,0.0,0.0,412630.0,332,317,13,2,6,0,0.0,True
NODE_27A90D435FF15CE1,TUAS CRESCENT MRT STATION,primary_weekday_after_school,pt20_walk15,False,20,15,0.0,0.0,0,0,0.0,0.0,0.0,0.0,412630.0,332,317,13,2,6,0,0.0,True
NODE_27A90D435FF15CE1,TUAS CRESCENT MRT STATION,weekend_comparison,pt20_walk10_primary,True,20,10,0.0,0.0,0,0,0.0,0.0,0.0,0.0,412630.0,332,319,13,0,4,0,0.0,True
NODE_27A90D435FF15CE1,TUAS CRESCENT MRT STATION,weekend_comparison,pt15_walk10,False,15,10,0.0,0.0,0,0,0.0,0.0,0.0,0.0,412630.0,332,319,13,0,4,0,0.0,True
NODE_27A90D435FF15CE1,TUAS CRESCENT MRT STATION,weekend_comparison,pt25_walk10,False,25,10,90.0,90.0,0,0,90.0,0.0,0.00021811307951433487,0.00021811307951433487,412630.0,332,319,13,0,4,0,0.0,True
NODE_27A90D435FF15CE1,TUAS CRESCENT MRT STATION,weekend_comparison,pt20_walk5,False,20,5,0.0,0.0,0,0,0.0,0.0,0.0,0.0,412630.0,332,319,13,0,4,0,0.0,True
NODE_27A90D435FF15CE1,TUAS CRESCENT MRT STATION,weekend_comparison,pt20_walk15,False,20,15,0.0,0.0,0,0,0.0,0.0,0.0,0.0,412630.0,332,319,13,0,4,0,0.0,True
NODE_2F91438C7A25816F,ROCHOR MRT STATION,primary_weekday_after_school,pt20_walk10_primary,True,20,10,7370.0,7370.0,0,0,7370.0,930.0,0.017861037733562755,0.017861037733562755,412630.0,332,318,12,2,5,0,0.0,True
NODE_2F91438C7A25816F,ROCHOR MRT STATION,primary_weekday_after_school,pt15_walk10,False,15,10,4570.0,4570.0,0,0,4570.0,930.0,0.011075297482005671,0.011075297482005671,412630.0,332,318,12,2,5,0,0.0,True
NODE_2F91438C7A25816F,ROCHOR MRT STATION,primary_weekday_after_school,pt25_walk10,False,25,10,26640.0,26640.0,0,0,26640.0,930.0,0.06456147153624313,0.06456147153624313,412630.0,332,318,12,2,5,0,0.0,True
NODE_2F91438C7A25816F,ROCHOR MRT STATION,primary_weekday_after_school,pt20_walk5,False,20,5,7370.0,7370.0,0,0,7370.0,930.0,0.017861037733562755,0.017861037733562755,412630.0,332,318,12,2,5,0,0.0,True
NODE_2F91438C7A25816F,ROCHOR MRT STATION,primary_weekday_after_school,pt20_walk15,False,20,15,7370.0,7370.0,0.0,0,7370.0,930.0,0.017861037733562755,0.017861037733562755,412630.0,332,318,12,2,5,0,0.0,True
NODE_2F91438C7A25816F,ROCHOR MRT STATION,weekend_comparison,pt20_walk10_primary,True,20,10,9880.0,9880.0,0,0,9880.0,930.0,0.02394396917335143,0.02394396917335143,412630.0,332,317,12,3,6,0,0.0,True
NODE_2F91438C7A25816F,ROCHOR MRT STATION,weekend_comparison,pt15_walk10,False,15,10,4610.0,4610.0,0,0,4610.0,930.0,0.011172236628456487,0.011172236628456487,412630.0,332,317,12,3,6,0,0.0,True
NODE_2F91438C7A25816F,ROCHOR MRT STATION,weekend_comparison,pt25_walk10,False,25,10,28710.0,28710.0,0,0,28710.0,930.0,0.06957807236507282,0.06957807236507282,412630.0,332,317,12,3,6,0,0.0,True
NODE_2F91438C7A25816F,ROCHOR MRT STATION,weekend_comparison,pt20_walk5,False,20,5,9880.0,9880.0,0,0,9880.0,930.0,0.02394396917335143,0.02394396917335143,412630.0,332,317,12,3,6,0,0.0,True
NODE_2F91438C7A25816F,ROCHOR MRT STATION,weekend_comparison,pt20_walk15,False,20,15,9880.0,9880.0,0,0,9880.0,930.0,0.02394396917335143,0.02394396917335143,412630.0,332,317,12,3,6,0,0.0,True
NODE_2FD56C45E8AA669F,MARINA BAY MRT STATION,primary_weekday_after_school,pt20_walk10_primary,True,20,10,2400.0,2400.0,0,0,2400.0,140.0,0.00581634878704893,0.00581634878704893,412630.0,332,318,12,2,5,0,0.0,True
NODE_2FD56C45E8AA669F,MARINA BAY MRT STATION,primary_weekday_after_school,pt15_walk10,False,15,10,280.0,280.0,0,0,280.0,140.0,0.0006785740251557085,0.0006785740251557085,412630.0,332,318,12,2,5,0,0.0,True
NODE_2FD56C45E8AA669F,MARINA BAY MRT STATION,primary_weekday_after_school,pt25_walk10,False,25,10,23150.0,23150.0,0,0,23150.0,140.0,0.05610353100840947,0.05610353100840947,412630.0,332,318,12,2,5,0,0.0,True
NODE_2FD56C45E8AA669F,MARINA BAY MRT STATION,primary_weekday_after_school,pt20_walk5,False,20,5,2400.0,2400.0,0,0,2400.0,140.0,0.00581634878704893,0.00581634878704893,412630.0,332,318,12,2,5,0,0.0,True
NODE_2FD56C45E8AA669F,MARINA BAY MRT STATION,primary_weekday_after_school,pt20_walk15,False,20,15,2400.0,2400.0,0,0,2400.0,140.0,0.00581634878704893,0.00581634878704893,412630.0,332,318,12,2,5,0,0.0,True
NODE_2FD56C45E8AA669F,MARINA BAY MRT STATION,weekend_comparison,pt20_walk10_primary,True,20,10,2270.0,2270.0,0,0,2270.0,140.0,0.005501296561083779,0.005501296561083779,412630.0,332,319,12,1,4,0,0.0,True
NODE_2FD56C45E8AA669F,MARINA BAY MRT STATION,weekend_comparison,pt15_walk10,False,15,10,280.0,280.0,0,0,280.0,140.0,0.0006785740251557085,0.0006785740251557085,412630.0,332,319,12,1,4,0,0.0,True
NODE_2FD56C45E8AA669F,MARINA BAY MRT STATION,weekend_comparison,pt25_walk10,False,25,10,17600.0,17600.0,0,0,17600.0,140.0,0.04265322443835882,0.04265322443835882,412630.0,332,319,12,1,4,0,0.0,True
NODE_2FD56C45E8AA669F,MARINA BAY MRT STATION,weekend_comparison,pt20_walk5,False,20,5,2270.0,2270.0,0,0,2270.0,140.0,0.005501296561083779,0.005501296561083779,412630.0,332,319,12,1,4,0,0.0,True
NODE_2FD56C45E8AA669F,MARINA BAY MRT STATION,weekend_comparison,pt20_walk15,False,20,15,2270.0,2270.0,0,0,2270.0,140.0,0.005501296561083779,0.005501296561083779,412630.0,332,319,12,1,4,0,0.0,True
NODE_30032821ED3F14AA,CHANGI AIRPORT MRT STATION,primary_weekday_after_school,pt20_walk10_primary,True,20,10,0,0,0,0,0,0,0.0,0.0,412630.0,332,319,13,0,4,0,0.0,True
NODE_30032821ED3F14AA,CHANGI AIRPORT MRT STATION,primary_weekday_after_school,pt15_walk10,False,15,10,0,0,0,0,0,0,0.0,0.0,412630.0,332,319,13,0,4,0,0.0,True
NODE_30032821ED3F14AA,CHANGI AIRPORT MRT STATION,primary_weekday_after_school,pt25_walk10,False,25,10,7780.0,7780.0,0,0,7780.0,0,0.018854663984683617,0.018854663984683617,412630.0,332,319,13,0,4,0,0.0,True
NODE_30032821ED3F14AA,CHANGI AIRPORT MRT STATION,primary_weekday_after_school,pt20_walk5,False,20,5,0,0,0,0,0,0,0.0,0.0,412630.0,332,319,13,0,4,0,0.0,True
NODE_30032821ED3F14AA,CHANGI AIRPORT MRT STATION,primary_weekday_after_school,pt20_walk15,False,20,15,0,0,0,0,0,0,0.0,0.0,412630.0,332,319,13,0,4,0,0.0,True
NODE_30032821ED3F14AA,CHANGI AIRPORT MRT STATION,weekend_comparison,pt20_walk10_primary,True,20,10,0,0,0,0,0,0,0.0,0.0,412630.0,332,319,13,0,4,0,0.0,True
NODE_30032821ED3F14AA,CHANGI AIRPORT MRT STATION,weekend_comparison,pt15_walk10,False,15,10,0,0,0,0,0,0,0.0,0.0,412630.0,332,319,13,0,4,0,0.0,True
NODE_30032821ED3F14AA,CHANGI AIRPORT MRT STATION,weekend_comparison,pt25_walk10,False,25,10,7780.0,7780.0,0,0,7780.0,0,0.018854663984683617,0.018854663984683617,412630.0,332,319,13,0,4,0,0.0,True
NODE_30032821ED3F14AA,CHANGI AIRPORT MRT STATION,weekend_comparison,pt20_walk5,False,20,5,0,0,0,0,0,0,0.0,0.0,412630.0,332,319,13,0,4,0,0.0,True
NODE_30032821ED3F14AA,CHANGI AIRPORT MRT STATION,weekend_comparison,pt20_walk15,False,20,15,0,0,0,0,0,0,0.0,0.0,412630.0,332,319,13,0,4,0,0.0,True
NODE_300B1F56BA258FEA,HUME MRT STATION,primary_weekday_after_school,pt20_walk10_primary,True,20,10,5100.0,5100.0,0,0,5100.0,2020.0,0.012359741172478976,0.012359741172478976,412630.0,332,319,12,1,4,0,0.0,True
NODE_300B1F56BA258FEA,HUME MRT STATION,primary_weekday_after_school,pt15_walk10,False,15,10,2020.0,2020.0,0,0,2020.0,2020.0,0.004895426895766183,0.004895426895766183,412630.0,332,319,12,1,4,0,0.0,True
NODE_300B1F56BA258FEA,HUME MRT STATION,primary_weekday_after_school,pt25_walk10,False,25,10,21570.0,21570.0,0,0,21570.0,2020.0,0.052274434723602256,0.052274434723602256,412630.0,332,319,12,1,4,0,0.0,True
NODE_300B1F56BA258FEA,HUME MRT STATION,primary_weekday_after_school,pt20_walk5,False,20,5,5100.0,5100.0,0,0,5100.0,2020.0,0.012359741172478976,0.012359741172478976,412630.0,332,319,12,1,4,0,0.0,True
NODE_300B1F56BA258FEA,HUME MRT STATION,primary_weekday_after_school,pt20_walk15,False,20,15,5100.0,5100.0,0,0,5100.0,2020.0,0.012359741172478976,0.012359741172478976,412630.0,332,319,12,1,4,0,0.0,True
NODE_300B1F56BA258FEA,HUME MRT STATION,weekend_comparison,pt20_walk10_primary,True,20,10,3710.0,3710.0,0,0,3710.0,2020.0,0.008991105833313138,0.008991105833313138,412630.0,332,319,12,1,4,0,0.0,True
NODE_300B1F56BA258FEA,HUME MRT STATION,weekend_comparison,pt15_walk10,False,15,10,2990.0,2990.0,0,0,2990.0,2020.0,0.007246201197198459,0.007246201197198459,412630.0,332,319,12,1,4,0,0.0,True
NODE_300B1F56BA258FEA,HUME MRT STATION,weekend_comparison,pt25_walk10,False,25,10,19730.0,19730.0,0,0,19730.0,2020.0,0.04781523398686475,0.04781523398686475,412630.0,332,319,12,1,4,0,0.0,True
NODE_300B1F56BA258FEA,HUME MRT STATION,weekend_comparison,pt20_walk5,False,20,5,3710.0,3710.0,0,0,3710.0,2020.0,0.008991105833313138,0.008991105833313138,412630.0,332,319,12,1,4,0,0.0,True
NODE_300B1F56BA258FEA,HUME MRT STATION,weekend_comparison,pt20_walk15,False,20,15,3710.0,3710.0,0,0,3710.0,2020.0,0.008991105833313138,0.008991105833313138,412630.0,332,319,12,1,4,0,0.0,True
NODE_314BB47F311ED88C,BUANGKOK MRT STATION,primary_weekday_after_school,pt20_walk10_primary,True,20,10,55960.0,55960.0,0,0,55960.0,3120.0,0.13561786588469088,0.13561786588469088,412630.0,332,319,12,1,4,0,0.0,True
NODE_314BB47F311ED88C,BUANGKOK MRT STATION,primary_weekday_after_school,pt15_walk10,False,15,10,21100.0,21100.0,0,0,21100.0,3120.0,0.05113539975280518,0.05113539975280518,412630.0,332,319,12,1,4,0,0.0,True
NODE_314BB47F311ED88C,BUANGKOK MRT STATION,primary_weekday_after_school,pt25_walk10,False,25,10,74200.0,74200.0,0,0,74200.0,3120.0,0.17982211666626274,0.17982211666626274,412630.0,332,319,12,1,4,0,0.0,True
NODE_314BB47F311ED88C,BUANGKOK MRT STATION,primary_weekday_after_school,pt20_walk5,False,20,5,55960.0,55960.0,0,0,55960.0,3120.0,0.13561786588469088,0.13561786588469088,412630.0,332,319,12,1,4,0,0.0,True
NODE_314BB47F311ED88C,BUANGKOK MRT STATION,primary_weekday_after_school,pt20_walk15,False,20,15,55960.0,55960.0,0,0,55960.0,3120.0,0.13561786588469088,0.13561786588469088,412630.0,332,319,12,1,4,0,0.0,True
NODE_314BB47F311ED88C,BUANGKOK MRT STATION,weekend_comparison,pt20_walk10_primary,True,20,10,64470.0,64470.0,0,0,64470.0,3120.0,0.15624166929210187,0.15624166929210187,412630.0,332,320,12,0,3,0,0.0,True
NODE_314BB47F311ED88C,BUANGKOK MRT STATION,weekend_comparison,pt15_walk10,False,15,10,21100.0,21100.0,0,0,21100.0,3120.0,0.05113539975280518,0.05113539975280518,412630.0,332,320,12,0,3,0,0.0,True
NODE_314BB47F311ED88C,BUANGKOK MRT STATION,weekend_comparison,pt25_walk10,False,25,10,74790.0,74790.0,0,0,74790.0,3120.0,0.18125196907641228,0.18125196907641228,412630.0,332,320,12,0,3,0,0.0,True
NODE_314BB47F311ED88C,BUANGKOK MRT STATION,weekend_comparison,pt20_walk5,False,20,5,64470.0,64470.0,0,0,64470.0,3120.0,0.15624166929210187,0.15624166929210187,412630.0,332,320,12,0,3,0,0.0,True
NODE_314BB47F311ED88C,BUANGKOK MRT STATION,weekend_comparison,pt20_walk15,False,20,15,64470.0,64470.0,0,0,64470.0,3120.0,0.15624166929210187,0.15624166929210187,412630.0,332,320,12,0,3,0,0.0,True
NODE_3405568D50ED004C,BUKIT GOMBAK MRT STATION,primary_weekday_after_school,pt20_walk10_primary,True,20,10,19550.0,19550.0,0,0,19550.0,3200.0,0.04737900782783608,0.04737900782783608,412630.0,332,319,13,0,4,0,0.0,True
NODE_3405568D50ED004C,BUKIT GOMBAK MRT STATION,primary_weekday_after_school,pt15_walk10,False,15,10,6250.0,6250.0,0,0,6250.0,3200.0,0.015146741632939923,0.015146741632939923,412630.0,332,319,13,0,4,0,0.0,True
NODE_3405568D50ED004C,BUKIT GOMBAK MRT STATION,primary_weekday_after_school,pt25_walk10,False,25,10,30770.0,30770.0,0,0,30770.0,3200.0,0.07457043840728983,0.07457043840728983,412630.0,332,319,13,0,4,0,0.0,True
NODE_3405568D50ED004C,BUKIT GOMBAK MRT STATION,primary_weekday_after_school,pt20_walk5,False,20,5,19550.0,19550.0,0,0,19550.0,3200.0,0.04737900782783608,0.04737900782783608,412630.0,332,319,13,0,4,0,0.0,True
NODE_3405568D50ED004C,BUKIT GOMBAK MRT STATION,primary_weekday_after_school,pt20_walk15,False,20,15,19550.0,19550.0,0,0,19550.0,3200.0,0.04737900782783608,0.04737900782783608,412630.0,332,319,13,0,4,0,0.0,True
NODE_3405568D50ED004C,BUKIT GOMBAK MRT STATION,weekend_comparison,pt20_walk10_primary,True,20,10,18580.0,18580.0,0,0,18580.0,3200.0,0.0450282335264038,0.0450282335264038,412630.0,332,317,14,1,6,0,0.0,True
NODE_3405568D50ED004C,BUKIT GOMBAK MRT STATION,weekend_comparison,pt15_walk10,False,15,10,6250.0,6250.0,0,0,6250.0,3200.0,0.015146741632939923,0.015146741632939923,412630.0,332,317,14,1,6,0,0.0,True
NODE_3405568D50ED004C,BUKIT GOMBAK MRT STATION,weekend_comparison,pt25_walk10,False,25,10,35490.0,35490.0,0,0,35490.0,3200.0,0.08600925768848605,0.08600925768848605,412630.0,332,317,14,1,6,0,0.0,True
NODE_3405568D50ED004C,BUKIT GOMBAK MRT STATION,weekend_comparison,pt20_walk5,False,20,5,18580.0,18580.0,0,0,18580.0,3200.0,0.0450282335264038,0.0450282335264038,412630.0,332,317,14,1,6,0,0.0,True
NODE_3405568D50ED004C,BUKIT GOMBAK MRT STATION,weekend_comparison,pt20_walk15,False,20,15,18580.0,18580.0,0,0,18580.0,3200.0,0.0450282335264038,0.0450282335264038,412630.0,332,317,14,1,6,0,0.0,True
NODE_342E1623DEF9EC6F,GUL CIRCLE MRT STATION,primary_weekday_after_school,pt20_walk10_primary,True,20,10,0.0,0.0,0,0,0.0,0,0.0,0.0,412630.0,332,319,13,0,4,0,0.0,True
NODE_342E1623DEF9EC6F,GUL CIRCLE MRT STATION,primary_weekday_after_school,pt15_walk10,False,15,10,0.0,0.0,0,0,0.0,0,0.0,0.0,412630.0,332,319,13,0,4,0,0.0,True
NODE_342E1623DEF9EC6F,GUL CIRCLE MRT STATION,primary_weekday_after_school,pt25_walk10,False,25,10,0.0,0.0,0,0,0.0,0,0.0,0.0,412630.0,332,319,13,0,4,0,0.0,True
NODE_342E1623DEF9EC6F,GUL CIRCLE MRT STATION,primary_weekday_after_school,pt20_walk5,False,20,5,0.0,0.0,0,0,0.0,0,0.0,0.0,412630.0,332,319,13,0,4,0,0.0,True
NODE_342E1623DEF9EC6F,GUL CIRCLE MRT STATION,primary_weekday_after_school,pt20_walk15,False,20,15,0.0,0.0,0,0,0.0,0,0.0,0.0,412630.0,332,319,13,0,4,0,0.0,True
NODE_342E1623DEF9EC6F,GUL CIRCLE MRT STATION,weekend_comparison,pt20_walk10_primary,True,20,10,0.0,0.0,0,0,0.0,0,0.0,0.0,412630.0,332,319,13,0,4,0,0.0,True
NODE_342E1623DEF9EC6F,GUL CIRCLE MRT STATION,weekend_comparison,pt15_walk10,False,15,10,0.0,0.0,0,0,0.0,0,0.0,0.0,412630.0,332,319,13,0,4,0,0.0,True
NODE_342E1623DEF9EC6F,GUL CIRCLE MRT STATION,weekend_comparison,pt25_walk10,False,25,10,0.0,0.0,0,0,0.0,0,0.0,0.0,412630.0,332,319,13,0,4,0,0.0,True
NODE_342E1623DEF9EC6F,GUL CIRCLE MRT STATION,weekend_comparison,pt20_walk5,False,20,5,0.0,0.0,0,0,0.0,0,0.0,0.0,412630.0,332,319,13,0,4,0,0.0,True
NODE_342E1623DEF9EC6F,GUL CIRCLE MRT STATION,weekend_comparison,pt20_walk15,False,20,15,0.0,0.0,0,0,0.0,0,0.0,0.0,412630.0,332,319,13,0,4,0,0.0,True
NODE_35FB845694A4942B,YIO CHU KANG MRT STATION,primary_weekday_after_school,pt20_walk10_primary,True,20,10,19720.0,19720.0,0,0,19720.0,2070.0,0.047790999200252045,0.047790999200252045,412630.0,332,319,12,1,4,0,0.0,True
NODE_35FB845694A4942B,YIO CHU KANG MRT STATION,primary_weekday_after_school,pt15_walk10,False,15,10,5530.0,5530.0,0,0,5530.0,2070.0,0.013401836996825242,0.013401836996825242,412630.0,332,319,12,1,4,0,0.0,True
NODE_35FB845694A4942B,YIO CHU KANG MRT STATION,primary_weekday_after_school,pt25_walk10,False,25,10,42610.0,42610.0,0,0,42610.0,2070.0,0.10326442575673121,0.10326442575673121,412630.0,332,319,12,1,4,0,0.0,True
NODE_35FB845694A4942B,YIO CHU KANG MRT STATION,primary_weekday_after_school,pt20_walk5,False,20,5,19720.0,19720.0,0,0,19720.0,2070.0,0.047790999200252045,0.047790999200252045,412630.0,332,319,12,1,4,0,0.0,True
NODE_35FB845694A4942B,YIO CHU KANG MRT STATION,primary_weekday_after_school,pt20_walk15,False,20,15,19720.0,19720.0,0,0,19720.0,2070.0,0.047790999200252045,0.047790999200252045,412630.0,332,319,12,1,4,0,0.0,True
NODE_35FB845694A4942B,YIO CHU KANG MRT STATION,weekend_comparison,pt20_walk10_primary,True,20,10,19720.0,19720.0,0,0,19720.0,2070.0,0.047790999200252045,0.047790999200252045,412630.0,332,319,12,1,4,0,0.0,True
NODE_35FB845694A4942B,YIO CHU KANG MRT STATION,weekend_comparison,pt15_walk10,False,15,10,5530.0,5530.0,0,0,5530.0,2070.0,0.013401836996825242,0.013401836996825242,412630.0,332,319,12,1,4,0,0.0,True
NODE_35FB845694A4942B,YIO CHU KANG MRT STATION,weekend_comparison,pt25_walk10,False,25,10,42540.0,42540.0,0,0,42540.0,2070.0,0.10309478225044229,0.10309478225044229,412630.0,332,319,12,1,4,0,0.0,True
NODE_35FB845694A4942B,YIO CHU KANG MRT STATION,weekend_comparison,pt20_walk5,False,20,5,19720.0,19720.0,0,0,19720.0,2070.0,0.047790999200252045,0.047790999200252045,412630.0,332,319,12,1,4,0,0.0,True
NODE_35FB845694A4942B,YIO CHU KANG MRT STATION,weekend_comparison,pt20_walk15,False,20,15,19720.0,19720.0,0,0,19720.0,2070.0,0.047790999200252045,0.047790999200252045,412630.0,332,319,12,1,4,0,0.0,True
NODE_35FD160CB50F3928,NOVENA MRT STATION,primary_weekday_after_school,pt20_walk10_primary,True,20,10,16520.0,16520.0,0,0,16520.0,1950.0,0.040035867484186805,0.040035867484186805,412630.0,332,320,12,0,3,0,0.0,True
NODE_35FD160CB50F3928,NOVENA MRT STATION,primary_weekday_after_school,pt15_walk10,False,15,10,6610.0,6610.0,0,0,6610.0,1950.0,0.01601919395099726,0.01601919395099726,412630.0,332,320,12,0,3,0,0.0,True
NODE_35FD160CB50F3928,NOVENA MRT STATION,primary_weekday_after_school,pt25_walk10,False,25,10,33650.0,33650.0,0,0,33650.0,1950.0,0.08155005695174854,0.08155005695174854,412630.0,332,320,12,0,3,0,0.0,True
NODE_35FD160CB50F3928,NOVENA MRT STATION,primary_weekday_after_school,pt20_walk5,False,20,5,16520.0,16520.0,0,0,16520.0,1950.0,0.040035867484186805,0.040035867484186805,412630.0,332,320,12,0,3,0,0.0,True
NODE_35FD160CB50F3928,NOVENA MRT STATION,primary_weekday_after_school,pt20_walk15,False,20,15,16520.0,16520.0,0,0,16520.0,1950.0,0.040035867484186805,0.040035867484186805,412630.0,332,320,12,0,3,0,0.0,True
NODE_35FD160CB50F3928,NOVENA MRT STATION,weekend_comparison,pt20_walk10_primary,True,20,10,13900.0,13900.0,0,0,13900.0,1950.0,0.03368635339165839,0.03368635339165839,412630.0,332,320,12,0,3,0,0.0,True
NODE_35FD160CB50F3928,NOVENA MRT STATION,weekend_comparison,pt15_walk10,False,15,10,5520.0,5520.0,0,0,5520.0,1950.0,0.013377602210212539,0.013377602210212539,412630.0,332,320,12,0,3,0,0.0,True
NODE_35FD160CB50F3928,NOVENA MRT STATION,weekend_comparison,pt25_walk10,False,25,10,28540.0,28540.0,0,0,28540.0,1950.0,0.06916608099265686,0.06916608099265686,412630.0,332,320,12,0,3,0,0.0,True
NODE_35FD160CB50F3928,NOVENA MRT STATION,weekend_comparison,pt20_walk5,False,20,5,13900.0,13900.0,0,0,13900.0,1950.0,0.03368635339165839,0.03368635339165839,412630.0,332,320,12,0,3,0,0.0,True
NODE_35FD160CB50F3928,NOVENA MRT STATION,weekend_comparison,pt20_walk15,False,20,15,13900.0,13900.0,0,0,13900.0,1950.0,0.03368635339165839,0.03368635339165839,412630.0,332,320,12,0,3,0,0.0,True
NODE_364748939C0E17F5,TANJONG RHU MRT STATION,primary_weekday_after_school,pt20_walk10_primary,True,20,10,5050.0,5050.0,0,0,5050.0,1230.0,0.012238567239415457,0.012238567239415457,412630.0,332,319,12,1,4,0,0.0,True
NODE_364748939C0E17F5,TANJONG RHU MRT STATION,primary_weekday_after_school,pt15_walk10,False,15,10,5050.0,5050.0,0,0,5050.0,1230.0,0.012238567239415457,0.012238567239415457,412630.0,332,319,12,1,4,0,0.0,True
NODE_364748939C0E17F5,TANJONG RHU MRT STATION,primary_weekday_after_school,pt25_walk10,False,25,10,7370.0,7370.0,0,0,7370.0,1230.0,0.017861037733562755,0.017861037733562755,412630.0,332,319,12,1,4,0,0.0,True
NODE_364748939C0E17F5,TANJONG RHU MRT STATION,primary_weekday_after_school,pt20_walk5,False,20,5,5050.0,5050.0,0,0,5050.0,1230.0,0.012238567239415457,0.012238567239415457,412630.0,332,319,12,1,4,0,0.0,True
NODE_364748939C0E17F5,TANJONG RHU MRT STATION,primary_weekday_after_school,pt20_walk15,False,20,15,5050.0,5050.0,0,0,5050.0,1230.0,0.012238567239415457,0.012238567239415457,412630.0,332,319,12,1,4,0,0.0,True
NODE_364748939C0E17F5,TANJONG RHU MRT STATION,weekend_comparison,pt20_walk10_primary,True,20,10,5050.0,5050.0,0,0,5050.0,1230.0,0.012238567239415457,0.012238567239415457,412630.0,332,320,12,0,3,0,0.0,True
NODE_364748939C0E17F5,TANJONG RHU MRT STATION,weekend_comparison,pt15_walk10,False,15,10,5050.0,5050.0,0,0,5050.0,1230.0,0.012238567239415457,0.012238567239415457,412630.0,332,320,12,0,3,0,0.0,True
NODE_364748939C0E17F5,TANJONG RHU MRT STATION,weekend_comparison,pt25_walk10,False,25,10,8410.0,8410.0,0,0,8410.0,1230.0,0.02038145554128396,0.02038145554128396,412630.0,332,320,12,0,3,0,0.0,True
NODE_364748939C0E17F5,TANJONG RHU MRT STATION,weekend_comparison,pt20_walk5,False,20,5,5050.0,5050.0,0,0,5050.0,1230.0,0.012238567239415457,0.012238567239415457,412630.0,332,320,12,0,3,0,0.0,True
NODE_364748939C0E17F5,TANJONG RHU MRT STATION,weekend_comparison,pt20_walk15,False,20,15,5050.0,5050.0,0,0,5050.0,1230.0,0.012238567239415457,0.012238567239415457,412630.0,332,320,12,0,3,0,0.0,True
NODE_37BEDA440130E8C9,YEW TEE MRT STATION,primary_weekday_after_school,pt20_walk10_primary,True,20,10,20140.0,20140.0,0,0,20140.0,6350.0,0.048808860237985606,0.048808860237985606,412630.0,332,314,13,5,9,0,0.0,True
NODE_37BEDA440130E8C9,YEW TEE MRT STATION,primary_weekday_after_school,pt15_walk10,False,15,10,10770.0,10770.0,0,0,10770.0,6350.0,0.026100865181882073,0.026100865181882073,412630.0,332,314,13,5,9,0,0.0,True
NODE_37BEDA440130E8C9,YEW TEE MRT STATION,primary_weekday_after_school,pt25_walk10,False,25,10,36550.0,36550.0,0,0,36550.0,6350.0,0.08857814506943266,0.08857814506943266,412630.0,332,314,13,5,9,0,0.0,True
NODE_37BEDA440130E8C9,YEW TEE MRT STATION,primary_weekday_after_school,pt20_walk5,False,20,5,20140.0,20140.0,0,0,20140.0,6350.0,0.048808860237985606,0.048808860237985606,412630.0,332,314,13,5,9,0,0.0,True
NODE_37BEDA440130E8C9,YEW TEE MRT STATION,primary_weekday_after_school,pt20_walk15,False,20,15,20140.0,20140.0,0,0,20140.0,6350.0,0.048808860237985606,0.048808860237985606,412630.0,332,314,13,5,9,0,0.0,True
NODE_37BEDA440130E8C9,YEW TEE MRT STATION,weekend_comparison,pt20_walk10_primary,True,20,10,20140.0,20140.0,0,0,20140.0,6350.0,0.048808860237985606,0.048808860237985606,412630.0,332,318,13,1,5,0,0.0,True
NODE_37BEDA440130E8C9,YEW TEE MRT STATION,weekend_comparison,pt15_walk10,False,15,10,10770.0,10770.0,0,0,10770.0,6350.0,0.026100865181882073,0.026100865181882073,412630.0,332,318,13,1,5,0,0.0,True
NODE_37BEDA440130E8C9,YEW TEE MRT STATION,weekend_comparison,pt25_walk10,False,25,10,34530.0,34530.0,0,0,34530.0,6350.0,0.08368271817366649,0.08368271817366649,412630.0,332,318,13,1,5,0,0.0,True
NODE_37BEDA440130E8C9,YEW TEE MRT STATION,weekend_comparison,pt20_walk5,False,20,5,20140.0,20140.0,0,0,20140.0,6350.0,0.048808860237985606,0.048808860237985606,412630.0,332,318,13,1,5,0,0.0,True
NODE_37BEDA440130E8C9,YEW TEE MRT STATION,weekend_comparison,pt20_walk15,False,20,15,20140.0,20140.0,0,0,20140.0,6350.0,0.048808860237985606,0.048808860237985606,412630.0,332,318,13,1,5,0,0.0,True
NODE_3E6E7C14FFCD82CA,RAFFLES PLACE MRT STATION,primary_weekday_after_school,pt20_walk10_primary,True,20,10,9750.0,9750.0,0.0,0,9750.0,180.0,0.023628916947386277,0.023628916947386277,412630.0,332,317,13,2,6,0,0.0,True
NODE_3E6E7C14FFCD82CA,RAFFLES PLACE MRT STATION,primary_weekday_after_school,pt15_walk10,False,15,10,1290.0,1290.0,0.0,0,1290.0,180.0,0.0031262874730387997,0.0031262874730387997,412630.0,332,317,13,2,6,0,0.0,True
NODE_3E6E7C14FFCD82CA,RAFFLES PLACE MRT STATION,primary_weekday_after_school,pt25_walk10,False,25,10,25590.0,25590.0,0.0,0,25590.0,180.0,0.06201681894190922,0.06201681894190922,412630.0,332,317,13,2,6,0,0.0,True
NODE_3E6E7C14FFCD82CA,RAFFLES PLACE MRT STATION,primary_weekday_after_school,pt20_walk5,False,20,5,9750.0,9750.0,0.0,0,9750.0,180.0,0.023628916947386277,0.023628916947386277,412630.0,332,317,13,2,6,0,0.0,True
NODE_3E6E7C14FFCD82CA,RAFFLES PLACE MRT STATION,primary_weekday_after_school,pt20_walk15,False,20,15,9750.0,9750.0,0.0,0,9750.0,180.0,0.023628916947386277,0.023628916947386277,412630.0,332,317,13,2,6,0,0.0,True
NODE_3E6E7C14FFCD82CA,RAFFLES PLACE MRT STATION,weekend_comparison,pt20_walk10_primary,True,20,10,9610.0,9610.0,0.0,0,9610.0,180.0,0.023289629934808424,0.023289629934808424,412630.0,332,319,13,0,4,0,0.0,True
NODE_3E6E7C14FFCD82CA,RAFFLES PLACE MRT STATION,weekend_comparison,pt15_walk10,False,15,10,1290.0,1290.0,0.0,0,1290.0,180.0,0.0031262874730387997,0.0031262874730387997,412630.0,332,319,13,0,4,0,0.0,True
NODE_3E6E7C14FFCD82CA,RAFFLES PLACE MRT STATION,weekend_comparison,pt25_walk10,False,25,10,28130.0,28130.0,0.0,0,28130.0,180.0,0.068172454741536,0.068172454741536,412630.0,332,319,13,0,4,0,0.0,True
NODE_3E6E7C14FFCD82CA,RAFFLES PLACE MRT STATION,weekend_comparison,pt20_walk5,False,20,5,9610.0,9610.0,0.0,0,9610.0,180.0,0.023289629934808424,0.023289629934808424,412630.0,332,319,13,0,4,0,0.0,True
NODE_3E6E7C14FFCD82CA,RAFFLES PLACE MRT STATION,weekend_comparison,pt20_walk15,False,20,15,9610.0,9610.0,0.0,0,9610.0,180.0,0.023289629934808424,0.023289629934808424,412630.0,332,319,13,0,4,0,0.0,True
NODE_3FAF620F7891F508,JOO KOON MRT STATION,primary_weekday_after_school,pt20_walk10_primary,True,20,10,7700.0,7700.0,0,0,7700.0,0.0,0.018660785691781985,0.018660785691781985,412630.0,332,317,13,2,6,0,0.0,True
NODE_3FAF620F7891F508,JOO KOON MRT STATION,primary_weekday_after_school,pt15_walk10,False,15,10,0.0,0.0,0,0,0.0,0.0,0.0,0.0,412630.0,332,317,13,2,6,0,0.0,True
NODE_3FAF620F7891F508,JOO KOON MRT STATION,primary_weekday_after_school,pt25_walk10,False,25,10,19630.0,19630.0,0,0,19630.0,0.0,0.047572886120737706,0.047572886120737706,412630.0,332,317,13,2,6,0,0.0,True
NODE_3FAF620F7891F508,JOO KOON MRT STATION,primary_weekday_after_school,pt20_walk5,False,20,5,7700.0,7700.0,0,0,7700.0,0.0,0.018660785691781985,0.018660785691781985,412630.0,332,317,13,2,6,0,0.0,True
NODE_3FAF620F7891F508,JOO KOON MRT STATION,primary_weekday_after_school,pt20_walk15,False,20,15,7700.0,7700.0,0,0,7700.0,0.0,0.018660785691781985,0.018660785691781985,412630.0,332,317,13,2,6,0,0.0,True
NODE_3FAF620F7891F508,JOO KOON MRT STATION,weekend_comparison,pt20_walk10_primary,True,20,10,90.0,90.0,0,0,90.0,0.0,0.00021811307951433487,0.00021811307951433487,412630.0,332,319,13,0,4,0,0.0,True
NODE_3FAF620F7891F508,JOO KOON MRT STATION,weekend_comparison,pt15_walk10,False,15,10,0.0,0.0,0,0,0.0,0.0,0.0,0.0,412630.0,332,319,13,0,4,0,0.0,True
NODE_3FAF620F7891F508,JOO KOON MRT STATION,weekend_comparison,pt25_walk10,False,25,10,17970.0,17970.0,0,0,17970.0,0.0,0.04354991154302886,0.04354991154302886,412630.0,332,319,13,0,4,0,0.0,True
NODE_3FAF620F7891F508,JOO KOON MRT STATION,weekend_comparison,pt20_walk5,False,20,5,90.0,90.0,0,0,90.0,0.0,0.00021811307951433487,0.00021811307951433487,412630.0,332,319,13,0,4,0,0.0,True
NODE_3FAF620F7891F508,JOO KOON MRT STATION,weekend_comparison,pt20_walk15,False,20,15,90.0,90.0,0,0,90.0,0.0,0.00021811307951433487,0.00021811307951433487,412630.0,332,319,13,0,4,0,0.0,True
NODE_43220C9A8C78747C,PIONEER MRT STATION,primary_weekday_after_school,pt20_walk10_primary,True,20,10,21600.0,21600.0,0,0,21600.0,12680.0,0.052347139083440374,0.052347139083440374,412630.0,332,317,13,2,6,0,0.0,True
NODE_43220C9A8C78747C,PIONEER MRT STATION,primary_weekday_after_school,pt15_walk10,False,15,10,12770.0,12770.0,0,0,12770.0,12680.0,0.030947822504422847,0.030947822504422847,412630.0,332,317,13,2,6,0,0.0,True
NODE_43220C9A8C78747C,PIONEER MRT STATION,primary_weekday_after_school,pt25_walk10,False,25,10,33870.0,33870.0,0,0,33870.0,12680.0,0.08208322225722803,0.08208322225722803,412630.0,332,317,13,2,6,0,0.0,True
NODE_43220C9A8C78747C,PIONEER MRT STATION,primary_weekday_after_school,pt20_walk5,False,20,5,21600.0,21600.0,0,0,21600.0,12680.0,0.052347139083440374,0.052347139083440374,412630.0,332,317,13,2,6,0,0.0,True
NODE_43220C9A8C78747C,PIONEER MRT STATION,primary_weekday_after_school,pt20_walk15,False,20,15,21600.0,21600.0,0,0,21600.0,12680.0,0.052347139083440374,0.052347139083440374,412630.0,332,317,13,2,6,0,0.0,True
NODE_43220C9A8C78747C,PIONEER MRT STATION,weekend_comparison,pt20_walk10_primary,True,20,10,17360.0,17360.0,0,0,17360.0,12680.0,0.04207158955965393,0.04207158955965393,412630.0,332,318,14,0,5,0,0.0,True
NODE_43220C9A8C78747C,PIONEER MRT STATION,weekend_comparison,pt15_walk10,False,15,10,12770.0,12770.0,0,0,12770.0,12680.0,0.030947822504422847,0.030947822504422847,412630.0,332,318,14,0,5,0,0.0,True
NODE_43220C9A8C78747C,PIONEER MRT STATION,weekend_comparison,pt25_walk10,False,25,10,33870.0,33870.0,0,0,33870.0,12680.0,0.08208322225722803,0.08208322225722803,412630.0,332,318,14,0,5,0,0.0,True
NODE_43220C9A8C78747C,PIONEER MRT STATION,weekend_comparison,pt20_walk5,False,20,5,17360.0,17360.0,0,0,17360.0,12680.0,0.04207158955965393,0.04207158955965393,412630.0,332,318,14,0,5,0,0.0,True
NODE_43220C9A8C78747C,PIONEER MRT STATION,weekend_comparison,pt20_walk15,False,20,15,17360.0,17360.0,0,0,17360.0,12680.0,0.04207158955965393,0.04207158955965393,412630.0,332,318,14,0,5,0,0.0,True
NODE_460CC50E54272A6F,DOWNTOWN MRT STATION,primary_weekday_after_school,pt20_walk10_primary,True,20,10,2870.0,2870.0,0,0,2870.0,180.0,0.006955383757846012,0.006955383757846012,412630.0,332,318,12,2,5,0,0.0,True
NODE_460CC50E54272A6F,DOWNTOWN MRT STATION,primary_weekday_after_school,pt15_walk10,False,15,10,220.0,220.0,0,0,220.0,180.0,0.0005331653054794853,0.0005331653054794853,412630.0,332,318,12,2,5,0,0.0,True
NODE_460CC50E54272A6F,DOWNTOWN MRT STATION,primary_weekday_after_school,pt25_walk10,False,25,10,8370.0,8370.0,0,0,8370.0,180.0,0.020284516394833144,0.020284516394833144,412630.0,332,318,12,2,5,0,0.0,True
NODE_460CC50E54272A6F,DOWNTOWN MRT STATION,primary_weekday_after_school,pt20_walk5,False,20,5,2870.0,2870.0,0,0,2870.0,180.0,0.006955383757846012,0.006955383757846012,412630.0,332,318,12,2,5,0,0.0,True
NODE_460CC50E54272A6F,DOWNTOWN MRT STATION,primary_weekday_after_school,pt20_walk15,False,20,15,2870.0,2870.0,0,0,2870.0,180.0,0.006955383757846012,0.006955383757846012,412630.0,332,318,12,2,5,0,0.0,True
NODE_460CC50E54272A6F,DOWNTOWN MRT STATION,weekend_comparison,pt20_walk10_primary,True,20,10,3220.0,3220.0,0,0,3220.0,180.0,0.007803601289290648,0.007803601289290648,412630.0,332,320,12,0,3,0,0.0,True
NODE_460CC50E54272A6F,DOWNTOWN MRT STATION,weekend_comparison,pt15_walk10,False,15,10,220.0,220.0,0,0,220.0,180.0,0.0005331653054794853,0.0005331653054794853,412630.0,332,320,12,0,3,0,0.0,True
NODE_460CC50E54272A6F,DOWNTOWN MRT STATION,weekend_comparison,pt25_walk10,False,25,10,7980.0,7980.0,0,0,7980.0,180.0,0.019339359716937694,0.019339359716937694,412630.0,332,320,12,0,3,0,0.0,True
NODE_460CC50E54272A6F,DOWNTOWN MRT STATION,weekend_comparison,pt20_walk5,False,20,5,3220.0,3220.0,0,0,3220.0,180.0,0.007803601289290648,0.007803601289290648,412630.0,332,320,12,0,3,0,0.0,True
NODE_460CC50E54272A6F,DOWNTOWN MRT STATION,weekend_comparison,pt20_walk15,False,20,15,3220.0,3220.0,0,0,3220.0,180.0,0.007803601289290648,0.007803601289290648,412630.0,332,320,12,0,3,0,0.0,True
NODE_46676A863ED35EA5,UPPER CHANGI MRT STATION,primary_weekday_after_school,pt20_walk10_primary,True,20,10,9680.0,9680.0,0,0,9680.0,3630.0,0.023459273441097352,0.023459273441097352,412630.0,332,316,14,2,7,0,0.0,True
NODE_46676A863ED35EA5,UPPER CHANGI MRT STATION,primary_weekday_after_school,pt15_walk10,False,15,10,1760.0,1760.0,0,0,1760.0,3630.0,0.004265322443835882,0.004265322443835882,412630.0,332,316,14,2,7,0,0.0,True
NODE_46676A863ED35EA5,UPPER CHANGI MRT STATION,primary_weekday_after_school,pt25_walk10,False,25,10,27840.0,27840.0,0,0,27840.0,3630.0,0.06746964592976759,0.06746964592976759,412630.0,332,316,14,2,7,0,0.0,True
NODE_46676A863ED35EA5,UPPER CHANGI MRT STATION,primary_weekday_after_school,pt20_walk5,False,20,5,9680.0,9680.0,0,0,9680.0,3630.0,0.023459273441097352,0.023459273441097352,412630.0,332,316,14,2,7,0,0.0,True
NODE_46676A863ED35EA5,UPPER CHANGI MRT STATION,primary_weekday_after_school,pt20_walk15,False,20,15,9680.0,9680.0,0,0,9680.0,3630.0,0.023459273441097352,0.023459273441097352,412630.0,332,316,14,2,7,0,0.0,True
NODE_46676A863ED35EA5,UPPER CHANGI MRT STATION,weekend_comparison,pt20_walk10_primary,True,20,10,9680.0,9680.0,0,0,9680.0,3630.0,0.023459273441097352,0.023459273441097352,412630.0,332,319,13,0,4,0,0.0,True
NODE_46676A863ED35EA5,UPPER CHANGI MRT STATION,weekend_comparison,pt15_walk10,False,15,10,1760.0,1760.0,0,0,1760.0,3630.0,0.004265322443835882,0.004265322443835882,412630.0,332,319,13,0,4,0,0.0,True
NODE_46676A863ED35EA5,UPPER CHANGI MRT STATION,weekend_comparison,pt25_walk10,False,25,10,34990.0,34990.0,0,0,34990.0,3630.0,0.08479751835785086,0.08479751835785086,412630.0,332,319,13,0,4,0,0.0,True
NODE_46676A863ED35EA5,UPPER CHANGI MRT STATION,weekend_comparison,pt20_walk5,False,20,5,9680.0,9680.0,0,0,9680.0,3630.0,0.023459273441097352,0.023459273441097352,412630.0,332,319,13,0,4,0,0.0,True
NODE_46676A863ED35EA5,UPPER CHANGI MRT STATION,weekend_comparison,pt20_walk15,False,20,15,9680.0,9680.0,0,0,9680.0,3630.0,0.023459273441097352,0.023459273441097352,412630.0,332,319,13,0,4,0,0.0,True
NODE_47C3F502FCBF6D2F,KOVAN MRT STATION,primary_weekday_after_school,pt20_walk10_primary,True,20,10,43950.0,43950.0,0,0,43950.0,5360.0,0.10651188716283354,0.10651188716283354,412630.0,332,319,12,1,4,0,0.0,True
NODE_47C3F502FCBF6D2F,KOVAN MRT STATION,primary_weekday_after_school,pt15_walk10,False,15,10,22890.0,22890.0,0,0,22890.0,5360.0,0.05547342655647917,0.05547342655647917,412630.0,332,319,12,1,4,0,0.0,True
NODE_47C3F502FCBF6D2F,KOVAN MRT STATION,primary_weekday_after_school,pt25_walk10,False,25,10,87520.0,87520.0,0,0,87520.0,5360.0,0.21210285243438431,0.21210285243438431,412630.0,332,319,12,1,4,0,0.0,True
NODE_47C3F502FCBF6D2F,KOVAN MRT STATION,primary_weekday_after_school,pt20_walk5,False,20,5,43950.0,43950.0,0,0,43950.0,5360.0,0.10651188716283354,0.10651188716283354,412630.0,332,319,12,1,4,0,0.0,True
NODE_47C3F502FCBF6D2F,KOVAN MRT STATION,primary_weekday_after_school,pt20_walk15,False,20,15,43950.0,43950.0,0,0,43950.0,5360.0,0.10651188716283354,0.10651188716283354,412630.0,332,319,12,1,4,0,0.0,True
NODE_47C3F502FCBF6D2F,KOVAN MRT STATION,weekend_comparison,pt20_walk10_primary,True,20,10,51420.0,51420.0,0,0,51420.0,5360.0,0.12461527276252332,0.12461527276252332,412630.0,332,320,12,0,3,0,0.0,True
NODE_47C3F502FCBF6D2F,KOVAN MRT STATION,weekend_comparison,pt15_walk10,False,15,10,17040.0,17040.0,0,0,17040.0,5360.0,0.0412960763880474,0.0412960763880474,412630.0,332,320,12,0,3,0,0.0,True
NODE_47C3F502FCBF6D2F,KOVAN MRT STATION,weekend_comparison,pt25_walk10,False,25,10,87630.0,87630.0,0,0,87630.0,5360.0,0.21236943508712405,0.21236943508712405,412630.0,332,320,12,0,3,0,0.0,True
NODE_47C3F502FCBF6D2F,KOVAN MRT STATION,weekend_comparison,pt20_walk5,False,20,5,51420.0,51420.0,0,0,51420.0,5360.0,0.12461527276252332,0.12461527276252332,412630.0,332,320,12,0,3,0,0.0,True
NODE_47C3F502FCBF6D2F,KOVAN MRT STATION,weekend_comparison,pt20_walk15,False,20,15,51420.0,51420.0,0,0,51420.0,5360.0,0.12461527276252332,0.12461527276252332,412630.0,332,320,12,0,3,0,0.0,True
NODE_480291568346B07C,MARINA SOUTH PIER MRT STATION,primary_weekday_after_school,pt20_walk10_primary,True,20,10,470.0,470.0,0,0,470.0,0.0,0.0011390349707970822,0.0011390349707970822,412630.0,332,320,12,0,3,0,0.0,True
NODE_480291568346B07C,MARINA SOUTH PIER MRT STATION,primary_weekday_after_school,pt15_walk10,False,15,10,170.0,170.0,0,0,170.0,0.0,0.00041199137241596586,0.00041199137241596586,412630.0,332,320,12,0,3,0,0.0,True
NODE_480291568346B07C,MARINA SOUTH PIER MRT STATION,primary_weekday_after_school,pt25_walk10,False,25,10,18940.0,18940.0,0,0,18940.0,0.0,0.04590068584446114,0.04590068584446114,412630.0,332,320,12,0,3,0,0.0,True
NODE_480291568346B07C,MARINA SOUTH PIER MRT STATION,primary_weekday_after_school,pt20_walk5,False,20,5,470.0,470.0,0,0,470.0,0.0,0.0011390349707970822,0.0011390349707970822,412630.0,332,320,12,0,3,0,0.0,True
NODE_480291568346B07C,MARINA SOUTH PIER MRT STATION,primary_weekday_after_school,pt20_walk15,False,20,15,470.0,470.0,0,0,470.0,0.0,0.0011390349707970822,0.0011390349707970822,412630.0,332,320,12,0,3,0,0.0,True
NODE_480291568346B07C,MARINA SOUTH PIER MRT STATION,weekend_comparison,pt20_walk10_primary,True,20,10,1380.0,1380.0,0,0,1380.0,0.0,0.0033444005525531347,0.0033444005525531347,412630.0,332,320,12,0,3,0,0.0,True
NODE_480291568346B07C,MARINA SOUTH PIER MRT STATION,weekend_comparison,pt15_walk10,False,15,10,170.0,170.0,0,0,170.0,0.0,0.00041199137241596586,0.00041199137241596586,412630.0,332,320,12,0,3,0,0.0,True
NODE_480291568346B07C,MARINA SOUTH PIER MRT STATION,weekend_comparison,pt25_walk10,False,25,10,18150.0,18150.0,0,0,18150.0,0.0,0.04398613770205753,0.04398613770205753,412630.0,332,320,12,0,3,0,0.0,True
NODE_480291568346B07C,MARINA SOUTH PIER MRT STATION,weekend_comparison,pt20_walk5,False,20,5,1380.0,1380.0,0,0,1380.0,0.0,0.0033444005525531347,0.0033444005525531347,412630.0,332,320,12,0,3,0,0.0,True
NODE_480291568346B07C,MARINA SOUTH PIER MRT STATION,weekend_comparison,pt20_walk15,False,20,15,1380.0,1380.0,0,0,1380.0,0.0,0.0033444005525531347,0.0033444005525531347,412630.0,332,320,12,0,3,0,0.0,True
NODE_4906C58D7F369E4A,CLEMENTI MRT STATION,primary_weekday_after_school,pt20_walk10_primary,True,20,10,15650.0,15650.0,0,0,15650.0,3910.0,0.037927441048881565,0.037927441048881565,412630.0,332,318,12,2,5,0,0.0,True
NODE_4906C58D7F369E4A,CLEMENTI MRT STATION,primary_weekday_after_school,pt15_walk10,False,15,10,7800.0,7800.0,0,0,7800.0,3910.0,0.018903133557909024,0.018903133557909024,412630.0,332,318,12,2,5,0,0.0,True
NODE_4906C58D7F369E4A,CLEMENTI MRT STATION,primary_weekday_after_school,pt25_walk10,False,25,10,43300.0,43300.0,0,0,43300.0,3910.0,0.10493662603300778,0.10493662603300778,412630.0,332,318,12,2,5,0,0.0,True
NODE_4906C58D7F369E4A,CLEMENTI MRT STATION,primary_weekday_after_school,pt20_walk5,False,20,5,15650.0,15650.0,0,0,15650.0,3910.0,0.037927441048881565,0.037927441048881565,412630.0,332,318,12,2,5,0,0.0,True
NODE_4906C58D7F369E4A,CLEMENTI MRT STATION,primary_weekday_after_school,pt20_walk15,False,20,15,15650.0,15650.0,0,0,15650.0,3910.0,0.037927441048881565,0.037927441048881565,412630.0,332,318,12,2,5,0,0.0,True
NODE_4906C58D7F369E4A,CLEMENTI MRT STATION,weekend_comparison,pt20_walk10_primary,True,20,10,21350.0,21350.0,0,0,21350.0,3910.0,0.05174126941812277,0.05174126941812277,412630.0,332,320,12,0,3,0,0.0,True
NODE_4906C58D7F369E4A,CLEMENTI MRT STATION,weekend_comparison,pt15_walk10,False,15,10,5220.0,5220.0,0,0,5220.0,3910.0,0.012650558611831423,0.012650558611831423,412630.0,332,320,12,0,3,0,0.0,True
NODE_4906C58D7F369E4A,CLEMENTI MRT STATION,weekend_comparison,pt25_walk10,False,25,10,39890.0,39890.0,0,0,39890.0,3910.0,0.09667256379807576,0.09667256379807576,412630.0,332,320,12,0,3,0,0.0,True
NODE_4906C58D7F369E4A,CLEMENTI MRT STATION,weekend_comparison,pt20_walk5,False,20,5,21350.0,21350.0,0,0,21350.0,3910.0,0.05174126941812277,0.05174126941812277,412630.0,332,320,12,0,3,0,0.0,True
NODE_4906C58D7F369E4A,CLEMENTI MRT STATION,weekend_comparison,pt20_walk15,False,20,15,21350.0,21350.0,0,0,21350.0,3910.0,0.05174126941812277,0.05174126941812277,412630.0,332,320,12,0,3,0,0.0,True
NODE_4AE54FCE1CF0DCB8,BEDOK RESERVOIR MRT STATION,primary_weekday_after_school,pt20_walk10_primary,True,20,10,31320.0,31320.0,0,0,31320.0,6330.0,0.07590335167098854,0.07590335167098854,412630.0,332,315,13,4,8,0,0.0,True
NODE_4AE54FCE1CF0DCB8,BEDOK RESERVOIR MRT STATION,primary_weekday_after_school,pt15_walk10,False,15,10,21220.0,21220.0,0,0,21220.0,6330.0,0.051426217192157626,0.051426217192157626,412630.0,332,315,13,4,8,0,0.0,True
NODE_4AE54FCE1CF0DCB8,BEDOK RESERVOIR MRT STATION,primary_weekday_after_school,pt25_walk10,False,25,10,49980.0,49980.0,0,0,49980.0,6330.0,0.12112546349029397,0.12112546349029397,412630.0,332,315,13,4,8,0,0.0,True
NODE_4AE54FCE1CF0DCB8,BEDOK RESERVOIR MRT STATION,primary_weekday_after_school,pt20_walk5,False,20,5,31320.0,31320.0,0,0,31320.0,6330.0,0.07590335167098854,0.07590335167098854,412630.0,332,315,13,4,8,0,0.0,True
NODE_4AE54FCE1CF0DCB8,BEDOK RESERVOIR MRT STATION,primary_weekday_after_school,pt20_walk15,False,20,15,31320.0,31320.0,0,0,31320.0,6330.0,0.07590335167098854,0.07590335167098854,412630.0,332,315,13,4,8,0,0.0,True
NODE_4AE54FCE1CF0DCB8,BEDOK RESERVOIR MRT STATION,weekend_comparison,pt20_walk10_primary,True,20,10,31320.0,31320.0,0,0,31320.0,6330.0,0.07590335167098854,0.07590335167098854,412630.0,332,317,13,2,6,0,0.0,True
NODE_4AE54FCE1CF0DCB8,BEDOK RESERVOIR MRT STATION,weekend_comparison,pt15_walk10,False,15,10,21220.0,21220.0,0,0,21220.0,6330.0,0.051426217192157626,0.051426217192157626,412630.0,332,317,13,2,6,0,0.0,True
NODE_4AE54FCE1CF0DCB8,BEDOK RESERVOIR MRT STATION,weekend_comparison,pt25_walk10,False,25,10,49980.0,49980.0,0,0,49980.0,6330.0,0.12112546349029397,0.12112546349029397,412630.0,332,317,13,2,6,0,0.0,True
NODE_4AE54FCE1CF0DCB8,BEDOK RESERVOIR MRT STATION,weekend_comparison,pt20_walk5,False,20,5,31320.0,31320.0,0,0,31320.0,6330.0,0.07590335167098854,0.07590335167098854,412630.0,332,317,13,2,6,0,0.0,True
NODE_4AE54FCE1CF0DCB8,BEDOK RESERVOIR MRT STATION,weekend_comparison,pt20_walk15,False,20,15,31320.0,31320.0,0,0,31320.0,6330.0,0.07590335167098854,0.07590335167098854,412630.0,332,317,13,2,6,0,0.0,True
NODE_4B74C77E43061AF5,UBI MRT STATION,primary_weekday_after_school,pt20_walk10_primary,True,20,10,10190.0,10190.0,0,0,10190.0,980.0,0.02469524755834525,0.02469524755834525,412630.0,332,315,13,4,8,0,0.0,True
NODE_4B74C77E43061AF5,UBI MRT STATION,primary_weekday_after_school,pt15_walk10,False,15,10,3420.0,3420.0,0,0,3420.0,980.0,0.008288297021544726,0.008288297021544726,412630.0,332,315,13,4,8,0,0.0,True
NODE_4B74C77E43061AF5,UBI MRT STATION,primary_weekday_after_school,pt25_walk10,False,25,10,52970.0,52970.0,0,0,52970.0,980.0,0.12837166468749242,0.12837166468749242,412630.0,332,315,13,4,8,0,0.0,True
NODE_4B74C77E43061AF5,UBI MRT STATION,primary_weekday_after_school,pt20_walk5,False,20,5,10190.0,10190.0,0,0,10190.0,980.0,0.02469524755834525,0.02469524755834525,412630.0,332,315,13,4,8,0,0.0,True
NODE_4B74C77E43061AF5,UBI MRT STATION,primary_weekday_after_school,pt20_walk15,False,20,15,10190.0,10190.0,0,0,10190.0,980.0,0.02469524755834525,0.02469524755834525,412630.0,332,315,13,4,8,0,0.0,True
NODE_4B74C77E43061AF5,UBI MRT STATION,weekend_comparison,pt20_walk10_primary,True,20,10,15320.0,15320.0,0,0,15320.0,980.0,0.037127693090662335,0.037127693090662335,412630.0,332,316,13,3,7,0,0.0,True
NODE_4B74C77E43061AF5,UBI MRT STATION,weekend_comparison,pt15_walk10,False,15,10,3420.0,3420.0,0,0,3420.0,980.0,0.008288297021544726,0.008288297021544726,412630.0,332,316,13,3,7,0,0.0,True
NODE_4B74C77E43061AF5,UBI MRT STATION,weekend_comparison,pt25_walk10,False,25,10,48730.0,48730.0,0,0,48730.0,980.0,0.11809611516370598,0.11809611516370598,412630.0,332,316,13,3,7,0,0.0,True
NODE_4B74C77E43061AF5,UBI MRT STATION,weekend_comparison,pt20_walk5,False,20,5,15320.0,15320.0,0,0,15320.0,980.0,0.037127693090662335,0.037127693090662335,412630.0,332,316,13,3,7,0,0.0,True
NODE_4B74C77E43061AF5,UBI MRT STATION,weekend_comparison,pt20_walk15,False,20,15,15320.0,15320.0,0,0,15320.0,980.0,0.037127693090662335,0.037127693090662335,412630.0,332,316,13,3,7,0,0.0,True
NODE_4F77B289D403BE33,ALJUNIED MRT STATION,primary_weekday_after_school,pt20_walk10_primary,True,20,10,21070.0,21070.0,0,0,21070.0,3360.0,0.05106269539296707,0.05106269539296707,412630.0,332,318,12,2,5,0,0.0,True
NODE_4F77B289D403BE33,ALJUNIED MRT STATION,primary_weekday_after_school,pt15_walk10,False,15,10,5380.0,5380.0,0,0,5380.0,3360.0,0.013038315197634685,0.013038315197634685,412630.0,332,318,12,2,5,0,0.0,True
NODE_4F77B289D403BE33,ALJUNIED MRT STATION,primary_weekday_after_school,pt25_walk10,False,25,10,49840.0,49840.0,0,0,49840.0,3360.0,0.12078617647771611,0.12078617647771611,412630.0,332,318,12,2,5,0,0.0,True
NODE_4F77B289D403BE33,ALJUNIED MRT STATION,primary_weekday_after_school,pt20_walk5,False,20,5,21070.0,21070.0,0,0,21070.0,3360.0,0.05106269539296707,0.05106269539296707,412630.0,332,318,12,2,5,0,0.0,True
NODE_4F77B289D403BE33,ALJUNIED MRT STATION,primary_weekday_after_school,pt20_walk15,False,20,15,21070.0,21070.0,0,0,21070.0,3360.0,0.05106269539296707,0.05106269539296707,412630.0,332,318,12,2,5,0,0.0,True
NODE_4F77B289D403BE33,ALJUNIED MRT STATION,weekend_comparison,pt20_walk10_primary,True,20,10,24680.0,24680.0,0,0,24680.0,3360.0,0.059811453360153165,0.059811453360153165,412630.0,332,320,12,0,3,0,0.0,True
NODE_4F77B289D403BE33,ALJUNIED MRT STATION,weekend_comparison,pt15_walk10,False,15,10,5380.0,5380.0,0,0,5380.0,3360.0,0.013038315197634685,0.013038315197634685,412630.0,332,320,12,0,3,0,0.0,True
NODE_4F77B289D403BE33,ALJUNIED MRT STATION,weekend_comparison,pt25_walk10,False,25,10,45670.0,45670.0,0,0,45670.0,3360.0,0.1106802704602186,0.1106802704602186,412630.0,332,320,12,0,3,0,0.0,True
NODE_4F77B289D403BE33,ALJUNIED MRT STATION,weekend_comparison,pt20_walk5,False,20,5,24680.0,24680.0,0,0,24680.0,3360.0,0.059811453360153165,0.059811453360153165,412630.0,332,320,12,0,3,0,0.0,True
NODE_4F77B289D403BE33,ALJUNIED MRT STATION,weekend_comparison,pt20_walk15,False,20,15,24680.0,24680.0,0,0,24680.0,3360.0,0.059811453360153165,0.059811453360153165,412630.0,332,320,12,0,3,0,0.0,True
NODE_50607F57D4B30841,TAN KAH KEE MRT STATION,primary_weekday_after_school,pt20_walk10_primary,True,20,10,6740.0,6740.0,0,0,6740.0,2520.0,0.01633424617696241,0.01633424617696241,412630.0,332,318,12,2,5,0,0.0,True
NODE_50607F57D4B30841,TAN KAH KEE MRT STATION,primary_weekday_after_school,pt15_walk10,False,15,10,2560.0,2560.0,0,0,2560.0,2520.0,0.006204105372852192,0.006204105372852192,412630.0,332,318,12,2,5,0,0.0,True
NODE_50607F57D4B30841,TAN KAH KEE MRT STATION,primary_weekday_after_school,pt25_walk10,False,25,10,19590.0,19590.0,0,0,19590.0,2520.0,0.04747594697428689,0.04747594697428689,412630.0,332,318,12,2,5,0,0.0,True
NODE_50607F57D4B30841,TAN KAH KEE MRT STATION,primary_weekday_after_school,pt20_walk5,False,20,5,6740.0,6740.0,0,0,6740.0,2520.0,0.01633424617696241,0.01633424617696241,412630.0,332,318,12,2,5,0,0.0,True
NODE_50607F57D4B30841,TAN KAH KEE MRT STATION,primary_weekday_after_school,pt20_walk15,False,20,15,6740.0,6740.0,0,0,6740.0,2520.0,0.01633424617696241,0.01633424617696241,412630.0,332,318,12,2,5,0,0.0,True
NODE_50607F57D4B30841,TAN KAH KEE MRT STATION,weekend_comparison,pt20_walk10_primary,True,20,10,5910.0,5910.0,0,0,5910.0,2520.0,0.01432275888810799,0.01432275888810799,412630.0,332,317,12,3,6,0,0.0,True
NODE_50607F57D4B30841,TAN KAH KEE MRT STATION,weekend_comparison,pt15_walk10,False,15,10,2560.0,2560.0,0,0,2560.0,2520.0,0.006204105372852192,0.006204105372852192,412630.0,332,317,12,3,6,0,0.0,True
NODE_50607F57D4B30841,TAN KAH KEE MRT STATION,weekend_comparison,pt25_walk10,False,25,10,19580.0,19580.0,0,0,19580.0,2520.0,0.04745171218767419,0.04745171218767419,412630.0,332,317,12,3,6,0,0.0,True
NODE_50607F57D4B30841,TAN KAH KEE MRT STATION,weekend_comparison,pt20_walk5,False,20,5,5910.0,5910.0,0,0,5910.0,2520.0,0.01432275888810799,0.01432275888810799,412630.0,332,317,12,3,6,0,0.0,True
NODE_50607F57D4B30841,TAN KAH KEE MRT STATION,weekend_comparison,pt20_walk15,False,20,15,5910.0,5910.0,0,0,5910.0,2520.0,0.01432275888810799,0.01432275888810799,412630.0,332,317,12,3,6,0,0.0,True
NODE_508225A8012289DF,KEMBANGAN MRT STATION,primary_weekday_after_school,pt20_walk10_primary,True,20,10,30470.0,30470.0,0,0,30470.0,2780.0,0.07384339480890871,0.07384339480890871,412630.0,332,317,13,2,6,0,0.0,True
NODE_508225A8012289DF,KEMBANGAN MRT STATION,primary_weekday_after_school,pt15_walk10,False,15,10,13200.0,13200.0,0,0,13200.0,2780.0,0.031989918328769115,0.031989918328769115,412630.0,332,317,13,2,6,0,0.0,True
NODE_508225A8012289DF,KEMBANGAN MRT STATION,primary_weekday_after_school,pt25_walk10,False,25,10,58760.0,58760.0,0,0,58760.0,2780.0,0.14240360613624797,0.14240360613624797,412630.0,332,317,13,2,6,0,0.0,True
NODE_508225A8012289DF,KEMBANGAN MRT STATION,primary_weekday_after_school,pt20_walk5,False,20,5,30470.0,30470.0,0,0,30470.0,2780.0,0.07384339480890871,0.07384339480890871,412630.0,332,317,13,2,6,0,0.0,True
NODE_508225A8012289DF,KEMBANGAN MRT STATION,primary_weekday_after_school,pt20_walk15,False,20,15,30470.0,30470.0,0,0,30470.0,2780.0,0.07384339480890871,0.07384339480890871,412630.0,332,317,13,2,6,0,0.0,True
NODE_508225A8012289DF,KEMBANGAN MRT STATION,weekend_comparison,pt20_walk10_primary,True,20,10,32320.0,32320.0,0,0,32320.0,2780.0,0.07832683033225893,0.07832683033225893,412630.0,332,319,13,0,4,0,0.0,True
NODE_508225A8012289DF,KEMBANGAN MRT STATION,weekend_comparison,pt15_walk10,False,15,10,9170.0,9170.0,0,0,9170.0,2780.0,0.022223299323849453,0.022223299323849453,412630.0,332,319,13,0,4,0,0.0,True
NODE_508225A8012289DF,KEMBANGAN MRT STATION,weekend_comparison,pt25_walk10,False,25,10,57140.0,57140.0,0,0,57140.0,2780.0,0.13847757070498995,0.13847757070498995,412630.0,332,319,13,0,4,0,0.0,True
NODE_508225A8012289DF,KEMBANGAN MRT STATION,weekend_comparison,pt20_walk5,False,20,5,32320.0,32320.0,0,0,32320.0,2780.0,0.07832683033225893,0.07832683033225893,412630.0,332,319,13,0,4,0,0.0,True
NODE_508225A8012289DF,KEMBANGAN MRT STATION,weekend_comparison,pt20_walk15,False,20,15,32320.0,32320.0,0,0,32320.0,2780.0,0.07832683033225893,0.07832683033225893,412630.0,332,319,13,0,4,0,0.0,True
NODE_51D03A6872D8946C,HOLLAND VILLAGE MRT STATION,primary_weekday_after_school,pt20_walk10_primary,True,20,10,7490.0,7490.0,0,0,7490.0,1850.0,0.0181518551729152,0.0181518551729152,412630.0,332,318,12,2,5,0,0.0,True
NODE_51D03A6872D8946C,HOLLAND VILLAGE MRT STATION,primary_weekday_after_school,pt15_walk10,False,15,10,2950.0,2950.0,0,0,2950.0,1850.0,0.007149262050747643,0.007149262050747643,412630.0,332,318,12,2,5,0,0.0,True
NODE_51D03A6872D8946C,HOLLAND VILLAGE MRT STATION,primary_weekday_after_school,pt25_walk10,False,25,10,23620.0,23620.0,0,0,23620.0,1850.0,0.05724256597920655,0.05724256597920655,412630.0,332,318,12,2,5,0,0.0,True
NODE_51D03A6872D8946C,HOLLAND VILLAGE MRT STATION,primary_weekday_after_school,pt20_walk5,False,20,5,7490.0,7490.0,0,0,7490.0,1850.0,0.0181518551729152,0.0181518551729152,412630.0,332,318,12,2,5,0,0.0,True
NODE_51D03A6872D8946C,HOLLAND VILLAGE MRT STATION,primary_weekday_after_school,pt20_walk15,False,20,15,7490.0,7490.0,0,0,7490.0,1850.0,0.0181518551729152,0.0181518551729152,412630.0,332,318,12,2,5,0,0.0,True
NODE_51D03A6872D8946C,HOLLAND VILLAGE MRT STATION,weekend_comparison,pt20_walk10_primary,True,20,10,6190.0,6190.0,0,0,6190.0,1850.0,0.015001332913263698,0.015001332913263698,412630.0,332,318,12,2,5,0,0.0,True
NODE_51D03A6872D8946C,HOLLAND VILLAGE MRT STATION,weekend_comparison,pt15_walk10,False,15,10,2950.0,2950.0,0,0,2950.0,1850.0,0.007149262050747643,0.007149262050747643,412630.0,332,318,12,2,5,0,0.0,True
NODE_51D03A6872D8946C,HOLLAND VILLAGE MRT STATION,weekend_comparison,pt25_walk10,False,25,10,19670.0,19670.0,0,0,19670.0,1850.0,0.04766982526718852,0.04766982526718852,412630.0,332,318,12,2,5,0,0.0,True
NODE_51D03A6872D8946C,HOLLAND VILLAGE MRT STATION,weekend_comparison,pt20_walk5,False,20,5,6190.0,6190.0,0,0,6190.0,1850.0,0.015001332913263698,0.015001332913263698,412630.0,332,318,12,2,5,0,0.0,True
NODE_51D03A6872D8946C,HOLLAND VILLAGE MRT STATION,weekend_comparison,pt20_walk15,False,20,15,6190.0,6190.0,0,0,6190.0,1850.0,0.015001332913263698,0.015001332913263698,412630.0,332,318,12,2,5,0,0.0,True
NODE_560D255D24002DF7,BUGIS MRT STATION,primary_weekday_after_school,pt20_walk10_primary,True,20,10,13860.0,13860.0,0,0,13860.0,550.0,0.03358941424520757,0.03358941424520757,412630.0,332,317,12,3,6,0,0.0,True
NODE_560D255D24002DF7,BUGIS MRT STATION,primary_weekday_after_school,pt15_walk10,False,15,10,1980.0,1980.0,0,0,1980.0,550.0,0.004798487749315367,0.004798487749315367,412630.0,332,317,12,3,6,0,0.0,True
NODE_560D255D24002DF7,BUGIS MRT STATION,primary_weekday_after_school,pt25_walk10,False,25,10,32110.0,32110.0,0,0,32110.0,550.0,0.07781789981339214,0.07781789981339214,412630.0,332,317,12,3,6,0,0.0,True
NODE_560D255D24002DF7,BUGIS MRT STATION,primary_weekday_after_school,pt20_walk5,False,20,5,13860.0,13860.0,0,0,13860.0,550.0,0.03358941424520757,0.03358941424520757,412630.0,332,317,12,3,6,0,0.0,True
NODE_560D255D24002DF7,BUGIS MRT STATION,primary_weekday_after_school,pt20_walk15,False,20,15,13860.0,13860.0,0,0,13860.0,550.0,0.03358941424520757,0.03358941424520757,412630.0,332,317,12,3,6,0,0.0,True
NODE_560D255D24002DF7,BUGIS MRT STATION,weekend_comparison,pt20_walk10_primary,True,20,10,14450.0,14450.0,0,0,14450.0,550.0,0.0350192666553571,0.0350192666553571,412630.0,332,318,12,2,5,0,0.0,True
NODE_560D255D24002DF7,BUGIS MRT STATION,weekend_comparison,pt15_walk10,False,15,10,1980.0,1980.0,0,0,1980.0,550.0,0.004798487749315367,0.004798487749315367,412630.0,332,318,12,2,5,0,0.0,True
NODE_560D255D24002DF7,BUGIS MRT STATION,weekend_comparison,pt25_walk10,False,25,10,34730.0,34730.0,0,0,34730.0,550.0,0.08416741390592056,0.08416741390592056,412630.0,332,318,12,2,5,0,0.0,True
NODE_560D255D24002DF7,BUGIS MRT STATION,weekend_comparison,pt20_walk5,False,20,5,14450.0,14450.0,0,0,14450.0,550.0,0.0350192666553571,0.0350192666553571,412630.0,332,318,12,2,5,0,0.0,True
NODE_560D255D24002DF7,BUGIS MRT STATION,weekend_comparison,pt20_walk15,False,20,15,14450.0,14450.0,0,0,14450.0,550.0,0.0350192666553571,0.0350192666553571,412630.0,332,318,12,2,5,0,0.0,True
NODE_5854AF0602E8F3D8,TAMPINES WEST MRT STATION,primary_weekday_after_school,pt20_walk10_primary,True,20,10,28120.0,28120.0,0,0,28120.0,8760.0,0.0681482199549233,0.0681482199549233,412630.0,332,315,13,4,8,0,0.0,True
NODE_5854AF0602E8F3D8,TAMPINES WEST MRT STATION,primary_weekday_after_school,pt15_walk10,False,15,10,20240.0,20240.0,0,0,20240.0,8760.0,0.04905120810411264,0.04905120810411264,412630.0,332,315,13,4,8,0,0.0,True
NODE_5854AF0602E8F3D8,TAMPINES WEST MRT STATION,primary_weekday_after_school,pt25_walk10,False,25,10,39690.0,39690.0,0,0,39690.0,8760.0,0.09618786806582168,0.09618786806582168,412630.0,332,315,13,4,8,0,0.0,True
NODE_5854AF0602E8F3D8,TAMPINES WEST MRT STATION,primary_weekday_after_school,pt20_walk5,False,20,5,28120.0,28120.0,0,0,28120.0,8760.0,0.0681482199549233,0.0681482199549233,412630.0,332,315,13,4,8,0,0.0,True
NODE_5854AF0602E8F3D8,TAMPINES WEST MRT STATION,primary_weekday_after_school,pt20_walk15,False,20,15,28120.0,28120.0,0,0,28120.0,8760.0,0.0681482199549233,0.0681482199549233,412630.0,332,315,13,4,8,0,0.0,True
NODE_5854AF0602E8F3D8,TAMPINES WEST MRT STATION,weekend_comparison,pt20_walk10_primary,True,20,10,29880.0,29880.0,0,0,29880.0,8760.0,0.07241354239875918,0.07241354239875918,412630.0,332,316,13,3,7,0,0.0,True
NODE_5854AF0602E8F3D8,TAMPINES WEST MRT STATION,weekend_comparison,pt15_walk10,False,15,10,20240.0,20240.0,0,0,20240.0,8760.0,0.04905120810411264,0.04905120810411264,412630.0,332,316,13,3,7,0,0.0,True
NODE_5854AF0602E8F3D8,TAMPINES WEST MRT STATION,weekend_comparison,pt25_walk10,False,25,10,39690.0,39690.0,0,0,39690.0,8760.0,0.09618786806582168,0.09618786806582168,412630.0,332,316,13,3,7,0,0.0,True
NODE_5854AF0602E8F3D8,TAMPINES WEST MRT STATION,weekend_comparison,pt20_walk5,False,20,5,29880.0,29880.0,0,0,29880.0,8760.0,0.07241354239875918,0.07241354239875918,412630.0,332,316,13,3,7,0,0.0,True
NODE_5854AF0602E8F3D8,TAMPINES WEST MRT STATION,weekend_comparison,pt20_walk15,False,20,15,29880.0,29880.0,0,0,29880.0,8760.0,0.07241354239875918,0.07241354239875918,412630.0,332,316,13,3,7,0,0.0,True
NODE_5A8A2367299FC45A,MARSILING MRT STATION,primary_weekday_after_school,pt20_walk10_primary,True,20,10,16910.0,16910.0,0,0,16910.0,5770.0,0.040981024162082255,0.040981024162082255,412630.0,332,320,12,0,3,0,0.0,True
NODE_5A8A2367299FC45A,MARSILING MRT STATION,primary_weekday_after_school,pt15_walk10,False,15,10,2710.0,2710.0,0,0,2710.0,5770.0,0.00656762717204275,0.00656762717204275,412630.0,332,320,12,0,3,0,0.0,True
NODE_5A8A2367299FC45A,MARSILING MRT STATION,primary_weekday_after_school,pt25_walk10,False,25,10,46420.0,46420.0,0,0,46420.0,5770.0,0.11249787945617139,0.11249787945617139,412630.0,332,320,12,0,3,0,0.0,True
NODE_5A8A2367299FC45A,MARSILING MRT STATION,primary_weekday_after_school,pt20_walk5,False,20,5,16910.0,16910.0,0,0,16910.0,5770.0,0.040981024162082255,0.040981024162082255,412630.0,332,320,12,0,3,0,0.0,True
NODE_5A8A2367299FC45A,MARSILING MRT STATION,primary_weekday_after_school,pt20_walk15,False,20,15,16910.0,16910.0,0,0,16910.0,5770.0,0.040981024162082255,0.040981024162082255,412630.0,332,320,12,0,3,0,0.0,True
NODE_5A8A2367299FC45A,MARSILING MRT STATION,weekend_comparison,pt20_walk10_primary,True,20,10,14400.0,14400.0,0,0,14400.0,5770.0,0.03489809272229358,0.03489809272229358,412630.0,332,319,12,1,4,0,0.0,True
NODE_5A8A2367299FC45A,MARSILING MRT STATION,weekend_comparison,pt15_walk10,False,15,10,2710.0,2710.0,0,0,2710.0,5770.0,0.00656762717204275,0.00656762717204275,412630.0,332,319,12,1,4,0,0.0,True
NODE_5A8A2367299FC45A,MARSILING MRT STATION,weekend_comparison,pt25_walk10,False,25,10,50130.0,50130.0,0,0,50130.0,5770.0,0.12148898528948453,0.12148898528948453,412630.0,332,319,12,1,4,0,0.0,True
NODE_5A8A2367299FC45A,MARSILING MRT STATION,weekend_comparison,pt20_walk5,False,20,5,14400.0,14400.0,0,0,14400.0,5770.0,0.03489809272229358,0.03489809272229358,412630.0,332,319,12,1,4,0,0.0,True
NODE_5A8A2367299FC45A,MARSILING MRT STATION,weekend_comparison,pt20_walk15,False,20,15,14400.0,14400.0,0,0,14400.0,5770.0,0.03489809272229358,0.03489809272229358,412630.0,332,319,12,1,4,0,0.0,True
NODE_5C9F27F182EC04E0,TAMPINES MRT STATION,primary_weekday_after_school,pt20_walk10_primary,True,20,10,46360.0,46360.0,0,0,46360.0,11290.0,0.11235247073649517,0.11235247073649517,412630.0,332,316,13,3,7,0,0.0,True
NODE_5C9F27F182EC04E0,TAMPINES MRT STATION,primary_weekday_after_school,pt15_walk10,False,15,10,22290.0,22290.0,0,0,22290.0,11290.0,0.054019339359716936,0.054019339359716936,412630.0,332,316,13,3,7,0,0.0,True
NODE_5C9F27F182EC04E0,TAMPINES MRT STATION,primary_weekday_after_school,pt25_walk10,False,25,10,54800.0,54800.0,0,0,54800.0,11290.0,0.13280663063761725,0.13280663063761725,412630.0,332,316,13,3,7,0,0.0,True
NODE_5C9F27F182EC04E0,TAMPINES MRT STATION,primary_weekday_after_school,pt20_walk5,False,20,5,46360.0,46360.0,0,0,46360.0,11290.0,0.11235247073649517,0.11235247073649517,412630.0,332,316,13,3,7,0,0.0,True
NODE_5C9F27F182EC04E0,TAMPINES MRT STATION,primary_weekday_after_school,pt20_walk15,False,20,15,46360.0,46360.0,0,0,46360.0,11290.0,0.11235247073649517,0.11235247073649517,412630.0,332,316,13,3,7,0,0.0,True
NODE_5C9F27F182EC04E0,TAMPINES MRT STATION,weekend_comparison,pt20_walk10_primary,True,20,10,46020.0,46020.0,0,0,46020.0,11290.0,0.11152848799166323,0.11152848799166323,412630.0,332,319,13,0,4,0,0.0,True
NODE_5C9F27F182EC04E0,TAMPINES MRT STATION,weekend_comparison,pt15_walk10,False,15,10,18260.0,18260.0,0,0,18260.0,11290.0,0.04425272035479728,0.04425272035479728,412630.0,332,319,13,0,4,0,0.0,True
NODE_5C9F27F182EC04E0,TAMPINES MRT STATION,weekend_comparison,pt25_walk10,False,25,10,55570.0,55570.0,0,0,55570.0,11290.0,0.13467270920679544,0.13467270920679544,412630.0,332,319,13,0,4,0,0.0,True
NODE_5C9F27F182EC04E0,TAMPINES MRT STATION,weekend_comparison,pt20_walk5,False,20,5,46020.0,46020.0,0,0,46020.0,11290.0,0.11152848799166323,0.11152848799166323,412630.0,332,319,13,0,4,0,0.0,True
NODE_5C9F27F182EC04E0,TAMPINES MRT STATION,weekend_comparison,pt20_walk15,False,20,15,46020.0,46020.0,0,0,46020.0,11290.0,0.11152848799166323,0.11152848799166323,412630.0,332,319,13,0,4,0,0.0,True
NODE_5D5726CA78298088,TELOK AYER MRT STATION,primary_weekday_after_school,pt20_walk10_primary,True,20,10,7430.0,7430.0,0,0,7430.0,1030.0,0.01800644645323898,0.01800644645323898,412630.0,332,319,12,1,4,0,0.0,True
NODE_5D5726CA78298088,TELOK AYER MRT STATION,primary_weekday_after_school,pt15_walk10,False,15,10,1600.0,1600.0,0,0,1600.0,1030.0,0.00387756585803262,0.00387756585803262,412630.0,332,319,12,1,4,0,0.0,True
NODE_5D5726CA78298088,TELOK AYER MRT STATION,primary_weekday_after_school,pt25_walk10,False,25,10,16160.0,16160.0,0,0,16160.0,1030.0,0.039163415166129464,0.039163415166129464,412630.0,332,319,12,1,4,0,0.0,True
NODE_5D5726CA78298088,TELOK AYER MRT STATION,primary_weekday_after_school,pt20_walk5,False,20,5,7430.0,7430.0,0,0,7430.0,1030.0,0.01800644645323898,0.01800644645323898,412630.0,332,319,12,1,4,0,0.0,True
NODE_5D5726CA78298088,TELOK AYER MRT STATION,primary_weekday_after_school,pt20_walk15,False,20,15,7430.0,7430.0,0,0,7430.0,1030.0,0.01800644645323898,0.01800644645323898,412630.0,332,319,12,1,4,0,0.0,True
NODE_5D5726CA78298088,TELOK AYER MRT STATION,weekend_comparison,pt20_walk10_primary,True,20,10,5370.0,5370.0,0,0,5370.0,1030.0,0.013014080411021981,0.013014080411021981,412630.0,332,316,12,4,7,0,0.0,True
NODE_5D5726CA78298088,TELOK AYER MRT STATION,weekend_comparison,pt15_walk10,False,15,10,1600.0,1600.0,0,0,1600.0,1030.0,0.00387756585803262,0.00387756585803262,412630.0,332,316,12,4,7,0,0.0,True
NODE_5D5726CA78298088,TELOK AYER MRT STATION,weekend_comparison,pt25_walk10,False,25,10,16600.0,16600.0,0,0,16600.0,1030.0,0.04022974577708843,0.04022974577708843,412630.0,332,316,12,4,7,0,0.0,True
NODE_5D5726CA78298088,TELOK AYER MRT STATION,weekend_comparison,pt20_walk5,False,20,5,5370.0,5370.0,0,0,5370.0,1030.0,0.013014080411021981,0.013014080411021981,412630.0,332,316,12,4,7,0,0.0,True
NODE_5D5726CA78298088,TELOK AYER MRT STATION,weekend_comparison,pt20_walk15,False,20,15,5370.0,5370.0,0,0,5370.0,1030.0,0.013014080411021981,0.013014080411021981,412630.0,332,316,12,4,7,0,0.0,True
NODE_5D83E5FE99347632,PASIR RIS MRT STATION,primary_weekday_after_school,pt20_walk10_primary,True,20,10,39720.0,39720.0,0,0,39720.0,3340.0,0.09626057242565979,0.09626057242565979,412630.0,332,317,13,2,6,0,0.0,True
NODE_5D83E5FE99347632,PASIR RIS MRT STATION,primary_weekday_after_school,pt15_walk10,False,15,10,23570.0,23570.0,0,0,23570.0,3340.0,0.057121392046143034,0.057121392046143034,412630.0,332,317,13,2,6,0,0.0,True
NODE_5D83E5FE99347632,PASIR RIS MRT STATION,primary_weekday_after_school,pt25_walk10,False,25,10,53860.0,53860.0,0,0,53860.0,3340.0,0.13052856069602306,0.13052856069602306,412630.0,332,317,13,2,6,0,0.0,True
NODE_5D83E5FE99347632,PASIR RIS MRT STATION,primary_weekday_after_school,pt20_walk5,False,20,5,39720.0,39720.0,0,0,39720.0,3340.0,0.09626057242565979,0.09626057242565979,412630.0,332,317,13,2,6,0,0.0,True
NODE_5D83E5FE99347632,PASIR RIS MRT STATION,primary_weekday_after_school,pt20_walk15,False,20,15,39720.0,39720.0,0,0,39720.0,3340.0,0.09626057242565979,0.09626057242565979,412630.0,332,317,13,2,6,0,0.0,True
NODE_5D83E5FE99347632,PASIR RIS MRT STATION,weekend_comparison,pt20_walk10_primary,True,20,10,35690.0,35690.0,0,0,35690.0,3340.0,0.08649395342074014,0.08649395342074014,412630.0,332,319,13,0,4,0,0.0,True
NODE_5D83E5FE99347632,PASIR RIS MRT STATION,weekend_comparison,pt15_walk10,False,15,10,12280.0,12280.0,0,0,12280.0,3340.0,0.029760317960400358,0.029760317960400358,412630.0,332,319,13,0,4,0,0.0,True
NODE_5D83E5FE99347632,PASIR RIS MRT STATION,weekend_comparison,pt25_walk10,False,25,10,53860.0,53860.0,0,0,53860.0,3340.0,0.13052856069602306,0.13052856069602306,412630.0,332,319,13,0,4,0,0.0,True
NODE_5D83E5FE99347632,PASIR RIS MRT STATION,weekend_comparison,pt20_walk5,False,20,5,35690.0,35690.0,0,0,35690.0,3340.0,0.08649395342074014,0.08649395342074014,412630.0,332,319,13,0,4,0,0.0,True
NODE_5D83E5FE99347632,PASIR RIS MRT STATION,weekend_comparison,pt20_walk15,False,20,15,35690.0,35690.0,0,0,35690.0,3340.0,0.08649395342074014,0.08649395342074014,412630.0,332,319,13,0,4,0,0.0,True
NODE_5DB9489B1E8CC1A1,MARINE PARADE MRT STATION,primary_weekday_after_school,pt20_walk10_primary,True,20,10,13200.0,13200.0,0,0,13200.0,3850.0,0.031989918328769115,0.031989918328769115,412630.0,332,319,13,0,4,0,0.0,True
NODE_5DB9489B1E8CC1A1,MARINE PARADE MRT STATION,primary_weekday_after_school,pt15_walk10,False,15,10,5020.0,5020.0,0,0,5020.0,3850.0,0.012165862879577344,0.012165862879577344,412630.0,332,319,13,0,4,0,0.0,True
NODE_5DB9489B1E8CC1A1,MARINE PARADE MRT STATION,primary_weekday_after_school,pt25_walk10,False,25,10,27540.0,27540.0,0,0,27540.0,3850.0,0.06674260233138647,0.06674260233138647,412630.0,332,319,13,0,4,0,0.0,True
NODE_5DB9489B1E8CC1A1,MARINE PARADE MRT STATION,primary_weekday_after_school,pt20_walk5,False,20,5,13200.0,13200.0,0,0,13200.0,3850.0,0.031989918328769115,0.031989918328769115,412630.0,332,319,13,0,4,0,0.0,True
NODE_5DB9489B1E8CC1A1,MARINE PARADE MRT STATION,primary_weekday_after_school,pt20_walk15,False,20,15,13200.0,13200.0,0,0,13200.0,3850.0,0.031989918328769115,0.031989918328769115,412630.0,332,319,13,0,4,0,0.0,True
NODE_5DB9489B1E8CC1A1,MARINE PARADE MRT STATION,weekend_comparison,pt20_walk10_primary,True,20,10,14180.0,14180.0,0,0,14180.0,3850.0,0.034364927416814094,0.034364927416814094,412630.0,332,319,13,0,4,0,0.0,True
NODE_5DB9489B1E8CC1A1,MARINE PARADE MRT STATION,weekend_comparison,pt15_walk10,False,15,10,5020.0,5020.0,0,0,5020.0,3850.0,0.012165862879577344,0.012165862879577344,412630.0,332,319,13,0,4,0,0.0,True
NODE_5DB9489B1E8CC1A1,MARINE PARADE MRT STATION,weekend_comparison,pt25_walk10,False,25,10,24910.0,24910.0,0,0,24910.0,3850.0,0.06036885345224535,0.06036885345224535,412630.0,332,319,13,0,4,0,0.0,True
NODE_5DB9489B1E8CC1A1,MARINE PARADE MRT STATION,weekend_comparison,pt20_walk5,False,20,5,14180.0,14180.0,0,0,14180.0,3850.0,0.034364927416814094,0.034364927416814094,412630.0,332,319,13,0,4,0,0.0,True
NODE_5DB9489B1E8CC1A1,MARINE PARADE MRT STATION,weekend_comparison,pt20_walk15,False,20,15,14180.0,14180.0,0,0,14180.0,3850.0,0.034364927416814094,0.034364927416814094,412630.0,332,319,13,0,4,0,0.0,True
NODE_5E7FBBC1232A94B3,CLARKE QUAY MRT STATION,primary_weekday_after_school,pt20_walk10_primary,True,20,10,14300.0,14300.0,0,0,14300.0,340.0,0.03465574485616654,0.03465574485616654,412630.0,332,320,12,0,3,0,0.0,True
NODE_5E7FBBC1232A94B3,CLARKE QUAY MRT STATION,primary_weekday_after_school,pt15_walk10,False,15,10,3410.0,3410.0,0,0,3410.0,340.0,0.00826406223493202,0.00826406223493202,412630.0,332,320,12,0,3,0,0.0,True
NODE_5E7FBBC1232A94B3,CLARKE QUAY MRT STATION,primary_weekday_after_school,pt25_walk10,False,25,10,25210.0,25210.0,0,0,25210.0,340.0,0.06109589705062647,0.06109589705062647,412630.0,332,320,12,0,3,0,0.0,True
NODE_5E7FBBC1232A94B3,CLARKE QUAY MRT STATION,primary_weekday_after_school,pt20_walk5,False,20,5,14300.0,14300.0,0,0,14300.0,340.0,0.03465574485616654,0.03465574485616654,412630.0,332,320,12,0,3,0,0.0,True
NODE_5E7FBBC1232A94B3,CLARKE QUAY MRT STATION,primary_weekday_after_school,pt20_walk15,False,20,15,14300.0,14300.0,0,0,14300.0,340.0,0.03465574485616654,0.03465574485616654,412630.0,332,320,12,0,3,0,0.0,True
NODE_5E7FBBC1232A94B3,CLARKE QUAY MRT STATION,weekend_comparison,pt20_walk10_primary,True,20,10,13590.0,13590.0,0,0,13590.0,340.0,0.032935075006664566,0.032935075006664566,412630.0,332,320,12,0,3,0,0.0,True
NODE_5E7FBBC1232A94B3,CLARKE QUAY MRT STATION,weekend_comparison,pt15_walk10,False,15,10,3490.0,3490.0,0,0,3490.0,340.0,0.008457940527833652,0.008457940527833652,412630.0,332,320,12,0,3,0,0.0,True
NODE_5E7FBBC1232A94B3,CLARKE QUAY MRT STATION,weekend_comparison,pt25_walk10,False,25,10,27260.0,27260.0,0,0,27260.0,340.0,0.06606402830623076,0.06606402830623076,412630.0,332,320,12,0,3,0,0.0,True
NODE_5E7FBBC1232A94B3,CLARKE QUAY MRT STATION,weekend_comparison,pt20_walk5,False,20,5,13590.0,13590.0,0,0,13590.0,340.0,0.032935075006664566,0.032935075006664566,412630.0,332,320,12,0,3,0,0.0,True
NODE_5E7FBBC1232A94B3,CLARKE QUAY MRT STATION,weekend_comparison,pt20_walk15,False,20,15,13590.0,13590.0,0,0,13590.0,340.0,0.032935075006664566,0.032935075006664566,412630.0,332,320,12,0,3,0,0.0,True
NODE_5FA25ADDD3300E3E,FARRER ROAD MRT STATION,primary_weekday_after_school,pt20_walk10_primary,True,20,10,10190.0,10190.0,0,0,10190.0,1650.0,0.02469524755834525,0.02469524755834525,412630.0,332,318,12,2,5,0,0.0,True
NODE_5FA25ADDD3300E3E,FARRER ROAD MRT STATION,primary_weekday_after_school,pt15_walk10,False,15,10,2060.0,2060.0,0,0,2060.0,1650.0,0.004992366042216998,0.004992366042216998,412630.0,332,318,12,2,5,0,0.0,True
NODE_5FA25ADDD3300E3E,FARRER ROAD MRT STATION,primary_weekday_after_school,pt25_walk10,False,25,10,39200.0,39200.0,0,0,39200.0,1650.0,0.09500036352179919,0.09500036352179919,412630.0,332,318,12,2,5,0,0.0,True
NODE_5FA25ADDD3300E3E,FARRER ROAD MRT STATION,primary_weekday_after_school,pt20_walk5,False,20,5,10190.0,10190.0,0,0,10190.0,1650.0,0.02469524755834525,0.02469524755834525,412630.0,332,318,12,2,5,0,0.0,True
NODE_5FA25ADDD3300E3E,FARRER ROAD MRT STATION,primary_weekday_after_school,pt20_walk15,False,20,15,10190.0,10190.0,0,0,10190.0,1650.0,0.02469524755834525,0.02469524755834525,412630.0,332,318,12,2,5,0,0.0,True
NODE_5FA25ADDD3300E3E,FARRER ROAD MRT STATION,weekend_comparison,pt20_walk10_primary,True,20,10,8440.0,8440.0,0,0,8440.0,1650.0,0.020454159901122072,0.020454159901122072,412630.0,332,319,12,1,4,0,0.0,True
NODE_5FA25ADDD3300E3E,FARRER ROAD MRT STATION,weekend_comparison,pt15_walk10,False,15,10,2060.0,2060.0,0,0,2060.0,1650.0,0.004992366042216998,0.004992366042216998,412630.0,332,319,12,1,4,0,0.0,True
NODE_5FA25ADDD3300E3E,FARRER ROAD MRT STATION,weekend_comparison,pt25_walk10,False,25,10,35300.0,35300.0,0,0,35300.0,1650.0,0.08554879674284468,0.08554879674284468,412630.0,332,319,12,1,4,0,0.0,True
NODE_5FA25ADDD3300E3E,FARRER ROAD MRT STATION,weekend_comparison,pt20_walk5,False,20,5,8440.0,8440.0,0,0,8440.0,1650.0,0.020454159901122072,0.020454159901122072,412630.0,332,319,12,1,4,0,0.0,True
NODE_5FA25ADDD3300E3E,FARRER ROAD MRT STATION,weekend_comparison,pt20_walk15,False,20,15,8440.0,8440.0,0,0,8440.0,1650.0,0.020454159901122072,0.020454159901122072,412630.0,332,319,12,1,4,0,0.0,True
NODE_609865274B8F0980,TANAH MERAH MRT STATION,primary_weekday_after_school,pt20_walk10_primary,True,20,10,25990.0,25990.0,0,0,25990.0,4030.0,0.06298621040641737,0.06298621040641737,412630.0,332,317,13,2,6,0,0.0,True
NODE_609865274B8F0980,TANAH MERAH MRT STATION,primary_weekday_after_school,pt15_walk10,False,15,10,13990.0,13990.0,0,0,13990.0,4030.0,0.03390446647117272,0.03390446647117272,412630.0,332,317,13,2,6,0,0.0,True
NODE_609865274B8F0980,TANAH MERAH MRT STATION,primary_weekday_after_school,pt25_walk10,False,25,10,48930.0,48930.0,0,0,48930.0,4030.0,0.11858081089596006,0.11858081089596006,412630.0,332,317,13,2,6,0,0.0,True
NODE_609865274B8F0980,TANAH MERAH MRT STATION,primary_weekday_after_school,pt20_walk5,False,20,5,25990.0,25990.0,0,0,25990.0,4030.0,0.06298621040641737,0.06298621040641737,412630.0,332,317,13,2,6,0,0.0,True
NODE_609865274B8F0980,TANAH MERAH MRT STATION,primary_weekday_after_school,pt20_walk15,False,20,15,25990.0,25990.0,0,0,25990.0,4030.0,0.06298621040641737,0.06298621040641737,412630.0,332,317,13,2,6,0,0.0,True
NODE_609865274B8F0980,TANAH MERAH MRT STATION,weekend_comparison,pt20_walk10_primary,True,20,10,25990.0,25990.0,0,0,25990.0,4030.0,0.06298621040641737,0.06298621040641737,412630.0,332,318,14,0,5,0,0.0,True
NODE_609865274B8F0980,TANAH MERAH MRT STATION,weekend_comparison,pt15_walk10,False,15,10,13990.0,13990.0,0,0,13990.0,4030.0,0.03390446647117272,0.03390446647117272,412630.0,332,318,14,0,5,0,0.0,True
NODE_609865274B8F0980,TANAH MERAH MRT STATION,weekend_comparison,pt25_walk10,False,25,10,58870.0,58870.0,0,0,58870.0,4030.0,0.1426701887889877,0.1426701887889877,412630.0,332,318,14,0,5,0,0.0,True
NODE_609865274B8F0980,TANAH MERAH MRT STATION,weekend_comparison,pt20_walk5,False,20,5,25990.0,25990.0,0,0,25990.0,4030.0,0.06298621040641737,0.06298621040641737,412630.0,332,318,14,0,5,0,0.0,True
NODE_609865274B8F0980,TANAH MERAH MRT STATION,weekend_comparison,pt20_walk15,False,20,15,25990.0,25990.0,0,0,25990.0,4030.0,0.06298621040641737,0.06298621040641737,412630.0,332,318,14,0,5,0,0.0,True
NODE_65CD6C5E7DFB4285,NICOLL HIGHWAY MRT STATION,primary_weekday_after_school,pt20_walk10_primary,True,20,10,11140.0,11140.0,0,0,11140.0,360.0,0.026997552286552116,0.026997552286552116,412630.0,332,319,12,1,4,0,0.0,True
NODE_65CD6C5E7DFB4285,NICOLL HIGHWAY MRT STATION,primary_weekday_after_school,pt15_walk10,False,15,10,1960.0,1960.0,0,0,1960.0,360.0,0.004750018176089959,0.004750018176089959,412630.0,332,319,12,1,4,0,0.0,True
NODE_65CD6C5E7DFB4285,NICOLL HIGHWAY MRT STATION,primary_weekday_after_school,pt25_walk10,False,25,10,17030.0,17030.0,0,0,17030.0,360.0,0.0412718416014347,0.0412718416014347,412630.0,332,319,12,1,4,0,0.0,True
NODE_65CD6C5E7DFB4285,NICOLL HIGHWAY MRT STATION,primary_weekday_after_school,pt20_walk5,False,20,5,11140.0,11140.0,0,0,11140.0,360.0,0.026997552286552116,0.026997552286552116,412630.0,332,319,12,1,4,0,0.0,True
NODE_65CD6C5E7DFB4285,NICOLL HIGHWAY MRT STATION,primary_weekday_after_school,pt20_walk15,False,20,15,11140.0,11140.0,0,0,11140.0,360.0,0.026997552286552116,0.026997552286552116,412630.0,332,319,12,1,4,0,0.0,True
NODE_65CD6C5E7DFB4285,NICOLL HIGHWAY MRT STATION,weekend_comparison,pt20_walk10_primary,True,20,10,6250.0,6250.0,0,0,6250.0,360.0,0.015146741632939923,0.015146741632939923,412630.0,332,318,12,2,5,0,0.0,True
NODE_65CD6C5E7DFB4285,NICOLL HIGHWAY MRT STATION,weekend_comparison,pt15_walk10,False,15,10,1950.0,1950.0,0,0,1950.0,360.0,0.004725783389477256,0.004725783389477256,412630.0,332,318,12,2,5,0,0.0,True
NODE_65CD6C5E7DFB4285,NICOLL HIGHWAY MRT STATION,weekend_comparison,pt25_walk10,False,25,10,21690.0,21690.0,0,0,21690.0,360.0,0.052565252162954705,0.052565252162954705,412630.0,332,318,12,2,5,0,0.0,True
NODE_65CD6C5E7DFB4285,NICOLL HIGHWAY MRT STATION,weekend_comparison,pt20_walk5,False,20,5,6250.0,6250.0,0,0,6250.0,360.0,0.015146741632939923,0.015146741632939923,412630.0,332,318,12,2,5,0,0.0,True
NODE_65CD6C5E7DFB4285,NICOLL HIGHWAY MRT STATION,weekend_comparison,pt20_walk15,False,20,15,6250.0,6250.0,0,0,6250.0,360.0,0.015146741632939923,0.015146741632939923,412630.0,332,318,12,2,5,0,0.0,True
NODE_65FC512C0845199C,SIXTH AVENUE MRT STATION,primary_weekday_after_school,pt20_walk10_primary,True,20,10,4550.0,4550.0,0,0,4550.0,1070.0,0.011026827908780264,0.011026827908780264,412630.0,332,318,12,2,5,0,0.0,True
NODE_65FC512C0845199C,SIXTH AVENUE MRT STATION,primary_weekday_after_school,pt15_walk10,False,15,10,40.0,40.0,0,0,40.0,1070.0,9.69391464508155e-05,9.69391464508155e-05,412630.0,332,318,12,2,5,0,0.0,True
NODE_65FC512C0845199C,SIXTH AVENUE MRT STATION,primary_weekday_after_school,pt25_walk10,False,25,10,16730.0,16730.0,0,0,16730.0,1070.0,0.040544798003053585,0.040544798003053585,412630.0,332,318,12,2,5,0,0.0,True
NODE_65FC512C0845199C,SIXTH AVENUE MRT STATION,primary_weekday_after_school,pt20_walk5,False,20,5,4550.0,4550.0,0,0,4550.0,1070.0,0.011026827908780264,0.011026827908780264,412630.0,332,318,12,2,5,0,0.0,True
NODE_65FC512C0845199C,SIXTH AVENUE MRT STATION,primary_weekday_after_school,pt20_walk15,False,20,15,4550.0,4550.0,0,0,4550.0,1070.0,0.011026827908780264,0.011026827908780264,412630.0,332,318,12,2,5,0,0.0,True
NODE_65FC512C0845199C,SIXTH AVENUE MRT STATION,weekend_comparison,pt20_walk10_primary,True,20,10,3940.0,3940.0,0,0,3940.0,1070.0,0.009548505925405328,0.009548505925405328,412630.0,332,317,12,3,6,0,0.0,True
NODE_65FC512C0845199C,SIXTH AVENUE MRT STATION,weekend_comparison,pt15_walk10,False,15,10,40.0,40.0,0,0,40.0,1070.0,9.69391464508155e-05,9.69391464508155e-05,412630.0,332,317,12,3,6,0,0.0,True
NODE_65FC512C0845199C,SIXTH AVENUE MRT STATION,weekend_comparison,pt25_walk10,False,25,10,17230.0,17230.0,0,0,17230.0,1070.0,0.041756537333688774,0.041756537333688774,412630.0,332,317,12,3,6,0,0.0,True
NODE_65FC512C0845199C,SIXTH AVENUE MRT STATION,weekend_comparison,pt20_walk5,False,20,5,3940.0,3940.0,0,0,3940.0,1070.0,0.009548505925405328,0.009548505925405328,412630.0,332,317,12,3,6,0,0.0,True
NODE_65FC512C0845199C,SIXTH AVENUE MRT STATION,weekend_comparison,pt20_walk15,False,20,15,3940.0,3940.0,0,0,3940.0,1070.0,0.009548505925405328,0.009548505925405328,412630.0,332,317,12,3,6,0,0.0,True
NODE_682826D43573D3B1,BOTANIC GARDENS MRT STATION,primary_weekday_after_school,pt20_walk10_primary,True,20,10,10550.0,10550.0,0,0,10550.0,520.0,0.02556769987640259,0.02556769987640259,412630.0,332,319,12,1,4,0,0.0,True
NODE_682826D43573D3B1,BOTANIC GARDENS MRT STATION,primary_weekday_after_school,pt15_walk10,False,15,10,1270.0,1270.0,0,0,1270.0,520.0,0.0030778178998133923,0.0030778178998133923,412630.0,332,319,12,1,4,0,0.0,True
NODE_682826D43573D3B1,BOTANIC GARDENS MRT STATION,primary_weekday_after_school,pt25_walk10,False,25,10,39940.0,39940.0,0,0,39940.0,520.0,0.09679373773113928,0.09679373773113928,412630.0,332,319,12,1,4,0,0.0,True
NODE_682826D43573D3B1,BOTANIC GARDENS MRT STATION,primary_weekday_after_school,pt20_walk5,False,20,5,10550.0,10550.0,0,0,10550.0,520.0,0.02556769987640259,0.02556769987640259,412630.0,332,319,12,1,4,0,0.0,True
NODE_682826D43573D3B1,BOTANIC GARDENS MRT STATION,primary_weekday_after_school,pt20_walk15,False,20,15,10550.0,10550.0,0,0,10550.0,520.0,0.02556769987640259,0.02556769987640259,412630.0,332,319,12,1,4,0,0.0,True
NODE_682826D43573D3B1,BOTANIC GARDENS MRT STATION,weekend_comparison,pt20_walk10_primary,True,20,10,9980.0,9980.0,0,0,9980.0,520.0,0.024186317039478468,0.024186317039478468,412630.0,332,317,12,3,6,0,0.0,True
NODE_682826D43573D3B1,BOTANIC GARDENS MRT STATION,weekend_comparison,pt15_walk10,False,15,10,1270.0,1270.0,0,0,1270.0,520.0,0.0030778178998133923,0.0030778178998133923,412630.0,332,317,12,3,6,0,0.0,True
NODE_682826D43573D3B1,BOTANIC GARDENS MRT STATION,weekend_comparison,pt25_walk10,False,25,10,33180.0,33180.0,0,0,33180.0,520.0,0.08041102198095146,0.08041102198095146,412630.0,332,317,12,3,6,0,0.0,True
NODE_682826D43573D3B1,BOTANIC GARDENS MRT STATION,weekend_comparison,pt20_walk5,False,20,5,9980.0,9980.0,0,0,9980.0,520.0,0.024186317039478468,0.024186317039478468,412630.0,332,317,12,3,6,0,0.0,True
NODE_682826D43573D3B1,BOTANIC GARDENS MRT STATION,weekend_comparison,pt20_walk15,False,20,15,9980.0,9980.0,0,0,9980.0,520.0,0.024186317039478468,0.024186317039478468,412630.0,332,317,12,3,6,0,0.0,True
NODE_68F41DF8DBC33C43,COMMONWEALTH MRT STATION,primary_weekday_after_school,pt20_walk10_primary,True,20,10,16120.0,16120.0,0,0,16120.0,1400.0,0.03906647601967864,0.03906647601967864,412630.0,332,318,12,2,5,0,0.0,True
NODE_68F41DF8DBC33C43,COMMONWEALTH MRT STATION,primary_weekday_after_school,pt15_walk10,False,15,10,2800.0,2800.0,0,0,2800.0,1400.0,0.006785740251557085,0.006785740251557085,412630.0,332,318,12,2,5,0,0.0,True
NODE_68F41DF8DBC33C43,COMMONWEALTH MRT STATION,primary_weekday_after_school,pt25_walk10,False,25,10,30980.0,30980.0,0,0,30980.0,1400.0,0.0750793689261566,0.0750793689261566,412630.0,332,318,12,2,5,0,0.0,True
NODE_68F41DF8DBC33C43,COMMONWEALTH MRT STATION,primary_weekday_after_school,pt20_walk5,False,20,5,16120.0,16120.0,0,0,16120.0,1400.0,0.03906647601967864,0.03906647601967864,412630.0,332,318,12,2,5,0,0.0,True
NODE_68F41DF8DBC33C43,COMMONWEALTH MRT STATION,primary_weekday_after_school,pt20_walk15,False,20,15,16120.0,16120.0,0,0,16120.0,1400.0,0.03906647601967864,0.03906647601967864,412630.0,332,318,12,2,5,0,0.0,True
NODE_68F41DF8DBC33C43,COMMONWEALTH MRT STATION,weekend_comparison,pt20_walk10_primary,True,20,10,16510.0,16510.0,0,0,16510.0,1400.0,0.0400116326975741,0.0400116326975741,412630.0,332,320,12,0,3,0,0.0,True
NODE_68F41DF8DBC33C43,COMMONWEALTH MRT STATION,weekend_comparison,pt15_walk10,False,15,10,2800.0,2800.0,0,0,2800.0,1400.0,0.006785740251557085,0.006785740251557085,412630.0,332,320,12,0,3,0,0.0,True
NODE_68F41DF8DBC33C43,COMMONWEALTH MRT STATION,weekend_comparison,pt25_walk10,False,25,10,31270.0,31270.0,0,0,31270.0,1400.0,0.07578217773792502,0.07578217773792502,412630.0,332,320,12,0,3,0,0.0,True
NODE_68F41DF8DBC33C43,COMMONWEALTH MRT STATION,weekend_comparison,pt20_walk5,False,20,5,16510.0,16510.0,0,0,16510.0,1400.0,0.0400116326975741,0.0400116326975741,412630.0,332,320,12,0,3,0,0.0,True
NODE_68F41DF8DBC33C43,COMMONWEALTH MRT STATION,weekend_comparison,pt20_walk15,False,20,15,16510.0,16510.0,0,0,16510.0,1400.0,0.0400116326975741,0.0400116326975741,412630.0,332,320,12,0,3,0,0.0,True
NODE_695A108E09CA8075,BEDOK NORTH MRT STATION,primary_weekday_after_school,pt20_walk10_primary,True,20,10,17330.0,17330.0,0,0,17330.0,0,0.041998885199815816,0.041998885199815816,412630.0,332,315,13,4,8,0,0.0,True
NODE_695A108E09CA8075,BEDOK NORTH MRT STATION,primary_weekday_after_school,pt15_walk10,False,15,10,5460.0,5460.0,0,0,5460.0,0,0.013232193490536316,0.013232193490536316,412630.0,332,315,13,4,8,0,0.0,True
NODE_695A108E09CA8075,BEDOK NORTH MRT STATION,primary_weekday_after_school,pt25_walk10,False,25,10,38780.0,38780.0,0,0,38780.0,0,0.09398250248406563,0.09398250248406563,412630.0,332,315,13,4,8,0,0.0,True
NODE_695A108E09CA8075,BEDOK NORTH MRT STATION,primary_weekday_after_school,pt20_walk5,False,20,5,17330.0,17330.0,0,0,17330.0,0,0.041998885199815816,0.041998885199815816,412630.0,332,315,13,4,8,0,0.0,True
NODE_695A108E09CA8075,BEDOK NORTH MRT STATION,primary_weekday_after_school,pt20_walk15,False,20,15,17330.0,17330.0,0,0,17330.0,0,0.041998885199815816,0.041998885199815816,412630.0,332,315,13,4,8,0,0.0,True
NODE_695A108E09CA8075,BEDOK NORTH MRT STATION,weekend_comparison,pt20_walk10_primary,True,20,10,17330.0,17330.0,0,0,17330.0,0,0.041998885199815816,0.041998885199815816,412630.0,332,316,13,3,7,0,0.0,True
NODE_695A108E09CA8075,BEDOK NORTH MRT STATION,weekend_comparison,pt15_walk10,False,15,10,5460.0,5460.0,0,0,5460.0,0,0.013232193490536316,0.013232193490536316,412630.0,332,316,13,3,7,0,0.0,True
NODE_695A108E09CA8075,BEDOK NORTH MRT STATION,weekend_comparison,pt25_walk10,False,25,10,34830.0,34830.0,0,0,34830.0,0,0.08440976177204759,0.08440976177204759,412630.0,332,316,13,3,7,0,0.0,True
NODE_695A108E09CA8075,BEDOK NORTH MRT STATION,weekend_comparison,pt20_walk5,False,20,5,17330.0,17330.0,0,0,17330.0,0,0.041998885199815816,0.041998885199815816,412630.0,332,316,13,3,7,0,0.0,True
NODE_695A108E09CA8075,BEDOK NORTH MRT STATION,weekend_comparison,pt20_walk15,False,20,15,17330.0,17330.0,0,0,17330.0,0,0.041998885199815816,0.041998885199815816,412630.0,332,316,13,3,7,0,0.0,True
NODE_6972D751936E43AD,BENCOOLEN MRT STATION,primary_weekday_after_school,pt20_walk10_primary,True,20,10,13860.0,13860.0,0,0,13860.0,520.0,0.03358941424520757,0.03358941424520757,412630.0,332,319,12,1,4,0,0.0,True
NODE_6972D751936E43AD,BENCOOLEN MRT STATION,primary_weekday_after_school,pt15_walk10,False,15,10,4960.0,4960.0,0,0,4960.0,520.0,0.012020454159901122,0.012020454159901122,412630.0,332,319,12,1,4,0,0.0,True
NODE_6972D751936E43AD,BENCOOLEN MRT STATION,primary_weekday_after_school,pt25_walk10,False,25,10,31520.0,31520.0,0,0,31520.0,520.0,0.07638804740324262,0.07638804740324262,412630.0,332,319,12,1,4,0,0.0,True
NODE_6972D751936E43AD,BENCOOLEN MRT STATION,primary_weekday_after_school,pt20_walk5,False,20,5,13860.0,13860.0,0,0,13860.0,520.0,0.03358941424520757,0.03358941424520757,412630.0,332,319,12,1,4,0,0.0,True
NODE_6972D751936E43AD,BENCOOLEN MRT STATION,primary_weekday_after_school,pt20_walk15,False,20,15,13860.0,13860.0,0.0,0,13860.0,520.0,0.03358941424520757,0.03358941424520757,412630.0,332,319,12,1,4,0,0.0,True
NODE_6972D751936E43AD,BENCOOLEN MRT STATION,weekend_comparison,pt20_walk10_primary,True,20,10,12880.0,12880.0,0,0,12880.0,520.0,0.031214405157162593,0.031214405157162593,412630.0,332,319,12,1,4,0,0.0,True
NODE_6972D751936E43AD,BENCOOLEN MRT STATION,weekend_comparison,pt15_walk10,False,15,10,4860.0,4860.0,0,0,4860.0,520.0,0.011778106293774083,0.011778106293774083,412630.0,332,319,12,1,4,0,0.0,True
NODE_6972D751936E43AD,BENCOOLEN MRT STATION,weekend_comparison,pt25_walk10,False,25,10,29170.0,29170.0,0,0,29170.0,520.0,0.0706928725492572,0.0706928725492572,412630.0,332,319,12,1,4,0,0.0,True
NODE_6972D751936E43AD,BENCOOLEN MRT STATION,weekend_comparison,pt20_walk5,False,20,5,12880.0,12880.0,0,0,12880.0,520.0,0.031214405157162593,0.031214405157162593,412630.0,332,319,12,1,4,0,0.0,True
NODE_6972D751936E43AD,BENCOOLEN MRT STATION,weekend_comparison,pt20_walk15,False,20,15,12880.0,12880.0,0,0,12880.0,520.0,0.031214405157162593,0.031214405157162593,412630.0,332,319,12,1,4,0,0.0,True
NODE_69A5823A5F4CBB39,SIMEI MRT STATION,primary_weekday_after_school,pt20_walk10_primary,True,20,10,33150.0,33150.0,0,0,33150.0,3630.0,0.08033831762111335,0.08033831762111335,412630.0,332,317,13,2,6,0,0.0,True
NODE_69A5823A5F4CBB39,SIMEI MRT STATION,primary_weekday_after_school,pt15_walk10,False,15,10,6970.0,6970.0,0,0,6970.0,3630.0,0.0168916462690546,0.0168916462690546,412630.0,332,317,13,2,6,0,0.0,True
NODE_69A5823A5F4CBB39,SIMEI MRT STATION,primary_weekday_after_school,pt25_walk10,False,25,10,66160.0,66160.0,0,0,66160.0,3630.0,0.16033734822964885,0.16033734822964885,412630.0,332,317,13,2,6,0,0.0,True
NODE_69A5823A5F4CBB39,SIMEI MRT STATION,primary_weekday_after_school,pt20_walk5,False,20,5,33150.0,33150.0,0,0,33150.0,3630.0,0.08033831762111335,0.08033831762111335,412630.0,332,317,13,2,6,0,0.0,True
NODE_69A5823A5F4CBB39,SIMEI MRT STATION,primary_weekday_after_school,pt20_walk15,False,20,15,33150.0,33150.0,0,0,33150.0,3630.0,0.08033831762111335,0.08033831762111335,412630.0,332,317,13,2,6,0,0.0,True
NODE_69A5823A5F4CBB39,SIMEI MRT STATION,weekend_comparison,pt20_walk10_primary,True,20,10,33990.0,33990.0,0,0,33990.0,3630.0,0.08237403969658047,0.08237403969658047,412630.0,332,319,13,0,4,0,0.0,True
NODE_69A5823A5F4CBB39,SIMEI MRT STATION,weekend_comparison,pt15_walk10,False,15,10,6970.0,6970.0,0,0,6970.0,3630.0,0.0168916462690546,0.0168916462690546,412630.0,332,319,13,0,4,0,0.0,True
NODE_69A5823A5F4CBB39,SIMEI MRT STATION,weekend_comparison,pt25_walk10,False,25,10,63260.0,63260.0,0,0,63260.0,3630.0,0.15330926011196472,0.15330926011196472,412630.0,332,319,13,0,4,0,0.0,True
NODE_69A5823A5F4CBB39,SIMEI MRT STATION,weekend_comparison,pt20_walk5,False,20,5,33990.0,33990.0,0,0,33990.0,3630.0,0.08237403969658047,0.08237403969658047,412630.0,332,319,13,0,4,0,0.0,True
NODE_69A5823A5F4CBB39,SIMEI MRT STATION,weekend_comparison,pt20_walk15,False,20,15,33990.0,33990.0,0,0,33990.0,3630.0,0.08237403969658047,0.08237403969658047,412630.0,332,319,13,0,4,0,0.0,True
NODE_6A1D9A6B156450A8,MARYMOUNT MRT STATION,primary_weekday_after_school,pt20_walk10_primary,True,20,10,15630.0,15630.0,0,0,15630.0,0,0.03787897147565616,0.03787897147565616,412630.0,332,320,12,0,3,0,0.0,True
NODE_6A1D9A6B156450A8,MARYMOUNT MRT STATION,primary_weekday_after_school,pt15_walk10,False,15,10,7870.0,7870.0,0,0,7870.0,0,0.019072777064197948,0.019072777064197948,412630.0,332,320,12,0,3,0,0.0,True
NODE_6A1D9A6B156450A8,MARYMOUNT MRT STATION,primary_weekday_after_school,pt25_walk10,False,25,10,30830.0,30830.0,0,0,30830.0,0,0.07471584712696605,0.07471584712696605,412630.0,332,320,12,0,3,0,0.0,True
NODE_6A1D9A6B156450A8,MARYMOUNT MRT STATION,primary_weekday_after_school,pt20_walk5,False,20,5,15630.0,15630.0,0,0,15630.0,0,0.03787897147565616,0.03787897147565616,412630.0,332,320,12,0,3,0,0.0,True
NODE_6A1D9A6B156450A8,MARYMOUNT MRT STATION,primary_weekday_after_school,pt20_walk15,False,20,15,15630.0,15630.0,0,0,15630.0,0,0.03787897147565616,0.03787897147565616,412630.0,332,320,12,0,3,0,0.0,True
NODE_6A1D9A6B156450A8,MARYMOUNT MRT STATION,weekend_comparison,pt20_walk10_primary,True,20,10,13070.0,13070.0,0,0,13070.0,0,0.03167486610280396,0.03167486610280396,412630.0,332,318,12,2,5,0,0.0,True
NODE_6A1D9A6B156450A8,MARYMOUNT MRT STATION,weekend_comparison,pt15_walk10,False,15,10,5260.0,5260.0,0,0,5260.0,0,0.012747497758282239,0.012747497758282239,412630.0,332,318,12,2,5,0,0.0,True
NODE_6A1D9A6B156450A8,MARYMOUNT MRT STATION,weekend_comparison,pt25_walk10,False,25,10,26810.0,26810.0,0,0,26810.0,0,0.06497346290865909,0.06497346290865909,412630.0,332,318,12,2,5,0,0.0,True
NODE_6A1D9A6B156450A8,MARYMOUNT MRT STATION,weekend_comparison,pt20_walk5,False,20,5,13070.0,13070.0,0,0,13070.0,0,0.03167486610280396,0.03167486610280396,412630.0,332,318,12,2,5,0,0.0,True
NODE_6A1D9A6B156450A8,MARYMOUNT MRT STATION,weekend_comparison,pt20_walk15,False,20,15,13070.0,13070.0,0,0,13070.0,0,0.03167486610280396,0.03167486610280396,412630.0,332,318,12,2,5,0,0.0,True
NODE_6A91B045404519EB,SPRINGLEAF MRT STATION,primary_weekday_after_school,pt20_walk10_primary,True,20,10,2970.0,2970.0,0,0,2970.0,370.0,0.007197731623973051,0.007197731623973051,412630.0,332,318,12,2,5,0,0.0,True
NODE_6A91B045404519EB,SPRINGLEAF MRT STATION,primary_weekday_after_school,pt15_walk10,False,15,10,110.0,110.0,0,0,110.0,370.0,0.00026658265273974264,0.00026658265273974264,412630.0,332,318,12,2,5,0,0.0,True
NODE_6A91B045404519EB,SPRINGLEAF MRT STATION,primary_weekday_after_school,pt25_walk10,False,25,10,10910.0,10910.0,0,0,10910.0,370.0,0.02644015219445993,0.02644015219445993,412630.0,332,318,12,2,5,0,0.0,True
NODE_6A91B045404519EB,SPRINGLEAF MRT STATION,primary_weekday_after_school,pt20_walk5,False,20,5,2970.0,2970.0,0,0,2970.0,370.0,0.007197731623973051,0.007197731623973051,412630.0,332,318,12,2,5,0,0.0,True
NODE_6A91B045404519EB,SPRINGLEAF MRT STATION,primary_weekday_after_school,pt20_walk15,False,20,15,2970.0,2970.0,0,0,2970.0,370.0,0.007197731623973051,0.007197731623973051,412630.0,332,318,12,2,5,0,0.0,True
NODE_6A91B045404519EB,SPRINGLEAF MRT STATION,weekend_comparison,pt20_walk10_primary,True,20,10,5040.0,5040.0,0,0,5040.0,370.0,0.012214332452802753,0.012214332452802753,412630.0,332,319,12,1,4,0,0.0,True
NODE_6A91B045404519EB,SPRINGLEAF MRT STATION,weekend_comparison,pt15_walk10,False,15,10,110.0,110.0,0,0,110.0,370.0,0.00026658265273974264,0.00026658265273974264,412630.0,332,319,12,1,4,0,0.0,True
NODE_6A91B045404519EB,SPRINGLEAF MRT STATION,weekend_comparison,pt25_walk10,False,25,10,12980.0,12980.0,0,0,12980.0,370.0,0.03145675302328963,0.03145675302328963,412630.0,332,319,12,1,4,0,0.0,True
NODE_6A91B045404519EB,SPRINGLEAF MRT STATION,weekend_comparison,pt20_walk5,False,20,5,5040.0,5040.0,0,0,5040.0,370.0,0.012214332452802753,0.012214332452802753,412630.0,332,319,12,1,4,0,0.0,True
NODE_6A91B045404519EB,SPRINGLEAF MRT STATION,weekend_comparison,pt20_walk15,False,20,15,5040.0,5040.0,0,0,5040.0,370.0,0.012214332452802753,0.012214332452802753,412630.0,332,319,12,1,4,0,0.0,True
NODE_6C982691F828487E,EXPO MRT STATION,primary_weekday_after_school,pt20_walk10_primary,True,20,10,4150.0,4150.0,0,0,4150.0,0,0.010057436444272108,0.010057436444272108,412630.0,332,318,13,1,5,0,0.0,True
NODE_6C982691F828487E,EXPO MRT STATION,primary_weekday_after_school,pt15_walk10,False,15,10,120.0,120.0,0,0,120.0,0,0.0002908174393524465,0.0002908174393524465,412630.0,332,318,13,1,5,0,0.0,True
NODE_6C982691F828487E,EXPO MRT STATION,primary_weekday_after_school,pt25_walk10,False,25,10,22030.0,22030.0,0,0,22030.0,0,0.05338923490778664,0.05338923490778664,412630.0,332,318,13,1,5,0,0.0,True
NODE_6C982691F828487E,EXPO MRT STATION,primary_weekday_after_school,pt20_walk5,False,20,5,4150.0,4150.0,0,0,4150.0,0,0.010057436444272108,0.010057436444272108,412630.0,332,318,13,1,5,0,0.0,True
NODE_6C982691F828487E,EXPO MRT STATION,primary_weekday_after_school,pt20_walk15,False,20,15,4150.0,4150.0,0,0,4150.0,0,0.010057436444272108,0.010057436444272108,412630.0,332,318,13,1,5,0,0.0,True
NODE_6C982691F828487E,EXPO MRT STATION,weekend_comparison,pt20_walk10_primary,True,20,10,4150.0,4150.0,0,0,4150.0,0,0.010057436444272108,0.010057436444272108,412630.0,332,319,13,0,4,0,0.0,True
NODE_6C982691F828487E,EXPO MRT STATION,weekend_comparison,pt15_walk10,False,15,10,120.0,120.0,0,0,120.0,0,0.0002908174393524465,0.0002908174393524465,412630.0,332,319,13,0,4,0,0.0,True
NODE_6C982691F828487E,EXPO MRT STATION,weekend_comparison,pt25_walk10,False,25,10,21770.0,21770.0,0,0,21770.0,0,0.05275913045585633,0.05275913045585633,412630.0,332,319,13,0,4,0,0.0,True
NODE_6C982691F828487E,EXPO MRT STATION,weekend_comparison,pt20_walk5,False,20,5,4150.0,4150.0,0,0,4150.0,0,0.010057436444272108,0.010057436444272108,412630.0,332,319,13,0,4,0,0.0,True
NODE_6C982691F828487E,EXPO MRT STATION,weekend_comparison,pt20_walk15,False,20,15,4150.0,4150.0,0,0,4150.0,0,0.010057436444272108,0.010057436444272108,412630.0,332,319,13,0,4,0,0.0,True
NODE_6EC7885037F3689E,DAKOTA MRT STATION,primary_weekday_after_school,pt20_walk10_primary,True,20,10,12730.0,12730.0,0,0,12730.0,0,0.030850883357972033,0.030850883357972033,412630.0,332,318,13,1,5,0,0.0,True
NODE_6EC7885037F3689E,DAKOTA MRT STATION,primary_weekday_after_school,pt15_walk10,False,15,10,4620.0,4620.0,0,0,4620.0,0,0.01119647141506919,0.01119647141506919,412630.0,332,318,13,1,5,0,0.0,True
NODE_6EC7885037F3689E,DAKOTA MRT STATION,primary_weekday_after_school,pt25_walk10,False,25,10,33260.0,33260.0,0,0,33260.0,0,0.08060490027385309,0.08060490027385309,412630.0,332,318,13,1,5,0,0.0,True
NODE_6EC7885037F3689E,DAKOTA MRT STATION,primary_weekday_after_school,pt20_walk5,False,20,5,12730.0,12730.0,0,0,12730.0,0,0.030850883357972033,0.030850883357972033,412630.0,332,318,13,1,5,0,0.0,True
NODE_6EC7885037F3689E,DAKOTA MRT STATION,primary_weekday_after_school,pt20_walk15,False,20,15,12730.0,12730.0,0,0,12730.0,0,0.030850883357972033,0.030850883357972033,412630.0,332,318,13,1,5,0,0.0,True
NODE_6EC7885037F3689E,DAKOTA MRT STATION,weekend_comparison,pt20_walk10_primary,True,20,10,12730.0,12730.0,0,0,12730.0,0,0.030850883357972033,0.030850883357972033,412630.0,332,318,13,1,5,0,0.0,True
NODE_6EC7885037F3689E,DAKOTA MRT STATION,weekend_comparison,pt15_walk10,False,15,10,4540.0,4540.0,0,0,4540.0,0,0.011002593122167559,0.011002593122167559,412630.0,332,318,13,1,5,0,0.0,True
NODE_6EC7885037F3689E,DAKOTA MRT STATION,weekend_comparison,pt25_walk10,False,25,10,27800.0,27800.0,0,0,27800.0,0,0.06737270678331678,0.06737270678331678,412630.0,332,318,13,1,5,0,0.0,True
NODE_6EC7885037F3689E,DAKOTA MRT STATION,weekend_comparison,pt20_walk5,False,20,5,12730.0,12730.0,0,0,12730.0,0,0.030850883357972033,0.030850883357972033,412630.0,332,318,13,1,5,0,0.0,True
NODE_6EC7885037F3689E,DAKOTA MRT STATION,weekend_comparison,pt20_walk15,False,20,15,12730.0,12730.0,0,0,12730.0,0,0.030850883357972033,0.030850883357972033,412630.0,332,318,13,1,5,0,0.0,True
NODE_6FF34CE78F7A7CE4,YISHUN MRT STATION,primary_weekday_after_school,pt20_walk10_primary,True,20,10,27270.0,27270.0,0,0,27270.0,4310.0,0.06608826309284346,0.06608826309284346,412630.0,332,319,12,1,4,0,0.0,True
NODE_6FF34CE78F7A7CE4,YISHUN MRT STATION,primary_weekday_after_school,pt15_walk10,False,15,10,20600.0,20600.0,0,0,20600.0,4310.0,0.04992366042216998,0.04992366042216998,412630.0,332,319,12,1,4,0,0.0,True
NODE_6FF34CE78F7A7CE4,YISHUN MRT STATION,primary_weekday_after_school,pt25_walk10,False,25,10,58250.0,58250.0,0,0,58250.0,4310.0,0.14116763201900007,0.14116763201900007,412630.0,332,319,12,1,4,0,0.0,True
NODE_6FF34CE78F7A7CE4,YISHUN MRT STATION,primary_weekday_after_school,pt20_walk5,False,20,5,27270.0,27270.0,0,0,27270.0,4310.0,0.06608826309284346,0.06608826309284346,412630.0,332,319,12,1,4,0,0.0,True
NODE_6FF34CE78F7A7CE4,YISHUN MRT STATION,primary_weekday_after_school,pt20_walk15,False,20,15,27270.0,27270.0,0,0,27270.0,4310.0,0.06608826309284346,0.06608826309284346,412630.0,332,319,12,1,4,0,0.0,True
NODE_6FF34CE78F7A7CE4,YISHUN MRT STATION,weekend_comparison,pt20_walk10_primary,True,20,10,30100.0,30100.0,0,0,30100.0,4310.0,0.07294670770423867,0.07294670770423867,412630.0,332,320,12,0,3,0,0.0,True
NODE_6FF34CE78F7A7CE4,YISHUN MRT STATION,weekend_comparison,pt15_walk10,False,15,10,22930.0,22930.0,0,0,22930.0,4310.0,0.05557036570292999,0.05557036570292999,412630.0,332,320,12,0,3,0,0.0,True
NODE_6FF34CE78F7A7CE4,YISHUN MRT STATION,weekend_comparison,pt25_walk10,False,25,10,42850.0,42850.0,0,0,42850.0,4310.0,0.10384606063543611,0.10384606063543611,412630.0,332,320,12,0,3,0,0.0,True
NODE_6FF34CE78F7A7CE4,YISHUN MRT STATION,weekend_comparison,pt20_walk5,False,20,5,30100.0,30100.0,0,0,30100.0,4310.0,0.07294670770423867,0.07294670770423867,412630.0,332,320,12,0,3,0,0.0,True
NODE_6FF34CE78F7A7CE4,YISHUN MRT STATION,weekend_comparison,pt20_walk15,False,20,15,30100.0,30100.0,0,0,30100.0,4310.0,0.07294670770423867,0.07294670770423867,412630.0,332,320,12,0,3,0,0.0,True
NODE_712425661A606C76,KAKI BUKIT MRT STATION,primary_weekday_after_school,pt20_walk10_primary,True,20,10,20240.0,20240.0,0,0,20240.0,2630.0,0.04905120810411264,0.04905120810411264,412630.0,332,314,13,5,9,0,0.0,True
NODE_712425661A606C76,KAKI BUKIT MRT STATION,primary_weekday_after_school,pt15_walk10,False,15,10,5150.0,5150.0,0,0,5150.0,2630.0,0.012480915105542495,0.012480915105542495,412630.0,332,314,13,5,9,0,0.0,True
NODE_712425661A606C76,KAKI BUKIT MRT STATION,primary_weekday_after_school,pt25_walk10,False,25,10,22000.0,22000.0,0,0,22000.0,2630.0,0.05331653054794853,0.05331653054794853,412630.0,332,314,13,5,9,0,0.0,True
NODE_712425661A606C76,KAKI BUKIT MRT STATION,primary_weekday_after_school,pt20_walk5,False,20,5,20240.0,20240.0,0,0,20240.0,2630.0,0.04905120810411264,0.04905120810411264,412630.0,332,314,13,5,9,0,0.0,True
NODE_712425661A606C76,KAKI BUKIT MRT STATION,primary_weekday_after_school,pt20_walk15,False,20,15,20240.0,20240.0,0,0,20240.0,2630.0,0.04905120810411264,0.04905120810411264,412630.0,332,314,13,5,9,0,0.0,True
NODE_712425661A606C76,KAKI BUKIT MRT STATION,weekend_comparison,pt20_walk10_primary,True,20,10,20240.0,20240.0,0,0,20240.0,2630.0,0.04905120810411264,0.04905120810411264,412630.0,332,317,13,2,6,0,0.0,True
NODE_712425661A606C76,KAKI BUKIT MRT STATION,weekend_comparison,pt15_walk10,False,15,10,5150.0,5150.0,0,0,5150.0,2630.0,0.012480915105542495,0.012480915105542495,412630.0,332,317,13,2,6,0,0.0,True
NODE_712425661A606C76,KAKI BUKIT MRT STATION,weekend_comparison,pt25_walk10,False,25,10,31530.0,31530.0,0,0,31530.0,2630.0,0.07641228218985532,0.07641228218985532,412630.0,332,317,13,2,6,0,0.0,True
NODE_712425661A606C76,KAKI BUKIT MRT STATION,weekend_comparison,pt20_walk5,False,20,5,20240.0,20240.0,0,0,20240.0,2630.0,0.04905120810411264,0.04905120810411264,412630.0,332,317,13,2,6,0,0.0,True
NODE_712425661A606C76,KAKI BUKIT MRT STATION,weekend_comparison,pt20_walk15,False,20,15,20240.0,20240.0,0,0,20240.0,2630.0,0.04905120810411264,0.04905120810411264,412630.0,332,317,13,2,6,0,0.0,True
NODE_71AA38A6F68679B2,CHINESE GARDEN MRT STATION,primary_weekday_after_school,pt20_walk10_primary,True,20,10,13410.0,13410.0,0,0,13410.0,3140.0,0.032498848847635896,0.032498848847635896,412630.0,332,318,13,1,5,0,0.0,True
NODE_71AA38A6F68679B2,CHINESE GARDEN MRT STATION,primary_weekday_after_school,pt15_walk10,False,15,10,7820.0,7820.0,0,0,7820.0,3140.0,0.01895160313113443,0.01895160313113443,412630.0,332,318,13,1,5,0,0.0,True
NODE_71AA38A6F68679B2,CHINESE GARDEN MRT STATION,primary_weekday_after_school,pt25_walk10,False,25,10,42670.0,42670.0,0,0,42670.0,3140.0,0.10340983447640743,0.10340983447640743,412630.0,332,318,13,1,5,0,0.0,True
NODE_71AA38A6F68679B2,CHINESE GARDEN MRT STATION,primary_weekday_after_school,pt20_walk5,False,20,5,13410.0,13410.0,0,0,13410.0,3140.0,0.032498848847635896,0.032498848847635896,412630.0,332,318,13,1,5,0,0.0,True
NODE_71AA38A6F68679B2,CHINESE GARDEN MRT STATION,primary_weekday_after_school,pt20_walk15,False,20,15,13410.0,13410.0,0,0,13410.0,3140.0,0.032498848847635896,0.032498848847635896,412630.0,332,318,13,1,5,0,0.0,True
NODE_71AA38A6F68679B2,CHINESE GARDEN MRT STATION,weekend_comparison,pt20_walk10_primary,True,20,10,13410.0,13410.0,0,0,13410.0,3140.0,0.032498848847635896,0.032498848847635896,412630.0,332,319,13,0,4,0,0.0,True
NODE_71AA38A6F68679B2,CHINESE GARDEN MRT STATION,weekend_comparison,pt15_walk10,False,15,10,7820.0,7820.0,0,0,7820.0,3140.0,0.01895160313113443,0.01895160313113443,412630.0,332,319,13,0,4,0,0.0,True
NODE_71AA38A6F68679B2,CHINESE GARDEN MRT STATION,weekend_comparison,pt25_walk10,False,25,10,41700.0,41700.0,0,0,41700.0,3140.0,0.10105906017497517,0.10105906017497517,412630.0,332,319,13,0,4,0,0.0,True
NODE_71AA38A6F68679B2,CHINESE GARDEN MRT STATION,weekend_comparison,pt20_walk5,False,20,5,13410.0,13410.0,0,0,13410.0,3140.0,0.032498848847635896,0.032498848847635896,412630.0,332,319,13,0,4,0,0.0,True
NODE_71AA38A6F68679B2,CHINESE GARDEN MRT STATION,weekend_comparison,pt20_walk15,False,20,15,13410.0,13410.0,0,0,13410.0,3140.0,0.032498848847635896,0.032498848847635896,412630.0,332,319,13,0,4,0,0.0,True
NODE_72F0C15A992380FF,STADIUM MRT STATION,primary_weekday_after_school,pt20_walk10_primary,True,20,10,8370.0,8370.0,0,0,8370.0,1360.0,0.020284516394833144,0.020284516394833144,412630.0,332,319,12,1,4,0,0.0,True
NODE_72F0C15A992380FF,STADIUM MRT STATION,primary_weekday_after_school,pt15_walk10,False,15,10,1320.0,1320.0,0,0,1320.0,1360.0,0.0031989918328769115,0.0031989918328769115,412630.0,332,319,12,1,4,0,0.0,True
NODE_72F0C15A992380FF,STADIUM MRT STATION,primary_weekday_after_school,pt25_walk10,False,25,10,23600.0,23600.0,0,0,23600.0,1360.0,0.057194096405981144,0.057194096405981144,412630.0,332,319,12,1,4,0,0.0,True
NODE_72F0C15A992380FF,STADIUM MRT STATION,primary_weekday_after_school,pt20_walk5,False,20,5,8370.0,8370.0,0,0,8370.0,1360.0,0.020284516394833144,0.020284516394833144,412630.0,332,319,12,1,4,0,0.0,True
NODE_72F0C15A992380FF,STADIUM MRT STATION,primary_weekday_after_school,pt20_walk15,False,20,15,8370.0,8370.0,0,0,8370.0,1360.0,0.020284516394833144,0.020284516394833144,412630.0,332,319,12,1,4,0,0.0,True
NODE_72F0C15A992380FF,STADIUM MRT STATION,weekend_comparison,pt20_walk10_primary,True,20,10,8330.0,8330.0,0,0,8330.0,1360.0,0.020187577248382327,0.020187577248382327,412630.0,332,319,12,1,4,0,0.0,True
NODE_72F0C15A992380FF,STADIUM MRT STATION,weekend_comparison,pt15_walk10,False,15,10,1320.0,1320.0,0,0,1320.0,1360.0,0.0031989918328769115,0.0031989918328769115,412630.0,332,319,12,1,4,0,0.0,True
NODE_72F0C15A992380FF,STADIUM MRT STATION,weekend_comparison,pt25_walk10,False,25,10,23450.0,23450.0,0,0,23450.0,1360.0,0.056830574606790585,0.056830574606790585,412630.0,332,319,12,1,4,0,0.0,True
NODE_72F0C15A992380FF,STADIUM MRT STATION,weekend_comparison,pt20_walk5,False,20,5,8330.0,8330.0,0,0,8330.0,1360.0,0.020187577248382327,0.020187577248382327,412630.0,332,319,12,1,4,0,0.0,True
NODE_72F0C15A992380FF,STADIUM MRT STATION,weekend_comparison,pt20_walk15,False,20,15,8330.0,8330.0,0,0,8330.0,1360.0,0.020187577248382327,0.020187577248382327,412630.0,332,319,12,1,4,0,0.0,True
NODE_78D9924BFB85448C,TELOK BLANGAH MRT STATION,primary_weekday_after_school,pt20_walk10_primary,True,20,10,6040.0,6040.0,0,0,6040.0,2250.0,0.01463781111407314,0.01463781111407314,412630.0,332,319,12,1,4,0,0.0,True
NODE_78D9924BFB85448C,TELOK BLANGAH MRT STATION,primary_weekday_after_school,pt15_walk10,False,15,10,3190.0,3190.0,0,0,3190.0,2250.0,0.007730896929452536,0.007730896929452536,412630.0,332,319,12,1,4,0,0.0,True
NODE_78D9924BFB85448C,TELOK BLANGAH MRT STATION,primary_weekday_after_school,pt25_walk10,False,25,10,17890.0,17890.0,0,0,17890.0,2250.0,0.043356033250127234,0.043356033250127234,412630.0,332,319,12,1,4,0,0.0,True
NODE_78D9924BFB85448C,TELOK BLANGAH MRT STATION,primary_weekday_after_school,pt20_walk5,False,20,5,6040.0,6040.0,0,0,6040.0,2250.0,0.01463781111407314,0.01463781111407314,412630.0,332,319,12,1,4,0,0.0,True
NODE_78D9924BFB85448C,TELOK BLANGAH MRT STATION,primary_weekday_after_school,pt20_walk15,False,20,15,6040.0,6040.0,0,0,6040.0,2250.0,0.01463781111407314,0.01463781111407314,412630.0,332,319,12,1,4,0,0.0,True
NODE_78D9924BFB85448C,TELOK BLANGAH MRT STATION,weekend_comparison,pt20_walk10_primary,True,20,10,5400.0,5400.0,0,0,5400.0,2250.0,0.013086784770860093,0.013086784770860093,412630.0,332,318,12,2,5,0,0.0,True
NODE_78D9924BFB85448C,TELOK BLANGAH MRT STATION,weekend_comparison,pt15_walk10,False,15,10,3190.0,3190.0,0,0,3190.0,2250.0,0.007730896929452536,0.007730896929452536,412630.0,332,318,12,2,5,0,0.0,True
NODE_78D9924BFB85448C,TELOK BLANGAH MRT STATION,weekend_comparison,pt25_walk10,False,25,10,18020.0,18020.0,0,0,18020.0,2250.0,0.043671085476092386,0.043671085476092386,412630.0,332,318,12,2,5,0,0.0,True
NODE_78D9924BFB85448C,TELOK BLANGAH MRT STATION,weekend_comparison,pt20_walk5,False,20,5,5400.0,5400.0,0,0,5400.0,2250.0,0.013086784770860093,0.013086784770860093,412630.0,332,318,12,2,5,0,0.0,True
NODE_78D9924BFB85448C,TELOK BLANGAH MRT STATION,weekend_comparison,pt20_walk15,False,20,15,5400.0,5400.0,0,0,5400.0,2250.0,0.013086784770860093,0.013086784770860093,412630.0,332,318,12,2,5,0,0.0,True
NODE_7AF1F758D718FF8F,BOON LAY MRT STATION,primary_weekday_after_school,pt20_walk10_primary,True,20,10,24310.0,24310.0,0,0,24310.0,6650.0,0.05891476625548312,0.05891476625548312,412630.0,332,319,13,0,4,0,0.0,True
NODE_7AF1F758D718FF8F,BOON LAY MRT STATION,primary_weekday_after_school,pt15_walk10,False,15,10,6740.0,6740.0,0,0,6740.0,6650.0,0.01633424617696241,0.01633424617696241,412630.0,332,319,13,0,4,0,0.0,True
NODE_7AF1F758D718FF8F,BOON LAY MRT STATION,primary_weekday_after_school,pt25_walk10,False,25,10,36350.0,36350.0,0,0,36350.0,6650.0,0.08809344933717858,0.08809344933717858,412630.0,332,319,13,0,4,0,0.0,True
NODE_7AF1F758D718FF8F,BOON LAY MRT STATION,primary_weekday_after_school,pt20_walk5,False,20,5,24310.0,24310.0,0,0,24310.0,6650.0,0.05891476625548312,0.05891476625548312,412630.0,332,319,13,0,4,0,0.0,True
NODE_7AF1F758D718FF8F,BOON LAY MRT STATION,primary_weekday_after_school,pt20_walk15,False,20,15,24310.0,24310.0,0,0,24310.0,6650.0,0.05891476625548312,0.05891476625548312,412630.0,332,319,13,0,4,0,0.0,True
NODE_7AF1F758D718FF8F,BOON LAY MRT STATION,weekend_comparison,pt20_walk10_primary,True,20,10,24310.0,24310.0,0,0,24310.0,6650.0,0.05891476625548312,0.05891476625548312,412630.0,332,319,13,0,4,0,0.0,True
NODE_7AF1F758D718FF8F,BOON LAY MRT STATION,weekend_comparison,pt15_walk10,False,15,10,6740.0,6740.0,0,0,6740.0,6650.0,0.01633424617696241,0.01633424617696241,412630.0,332,319,13,0,4,0,0.0,True
NODE_7AF1F758D718FF8F,BOON LAY MRT STATION,weekend_comparison,pt25_walk10,False,25,10,36350.0,36350.0,0,0,36350.0,6650.0,0.08809344933717858,0.08809344933717858,412630.0,332,319,13,0,4,0,0.0,True
NODE_7AF1F758D718FF8F,BOON LAY MRT STATION,weekend_comparison,pt20_walk5,False,20,5,24310.0,24310.0,0,0,24310.0,6650.0,0.05891476625548312,0.05891476625548312,412630.0,332,319,13,0,4,0,0.0,True
NODE_7AF1F758D718FF8F,BOON LAY MRT STATION,weekend_comparison,pt20_walk15,False,20,15,24310.0,24310.0,0,0,24310.0,6650.0,0.05891476625548312,0.05891476625548312,412630.0,332,319,13,0,4,0,0.0,True
NODE_7C19E6A8B9ED491B,JALAN BESAR MRT STATION,primary_weekday_after_school,pt20_walk10_primary,True,20,10,12220.0,12220.0,0,0,12220.0,1570.0,0.029614909240724137,0.029614909240724137,412630.0,332,319,12,1,4,0,0.0,True
NODE_7C19E6A8B9ED491B,JALAN BESAR MRT STATION,primary_weekday_after_school,pt15_walk10,False,15,10,8170.0,8170.0,0,0,8170.0,1570.0,0.019799820662579067,0.019799820662579067,412630.0,332,319,12,1,4,0,0.0,True
NODE_7C19E6A8B9ED491B,JALAN BESAR MRT STATION,primary_weekday_after_school,pt25_walk10,False,25,10,29910.0,29910.0,0,0,29910.0,1570.0,0.07248624675859729,0.07248624675859729,412630.0,332,319,12,1,4,0,0.0,True
NODE_7C19E6A8B9ED491B,JALAN BESAR MRT STATION,primary_weekday_after_school,pt20_walk5,False,20,5,12220.0,12220.0,0,0,12220.0,1570.0,0.029614909240724137,0.029614909240724137,412630.0,332,319,12,1,4,0,0.0,True
NODE_7C19E6A8B9ED491B,JALAN BESAR MRT STATION,primary_weekday_after_school,pt20_walk15,False,20,15,12220.0,12220.0,0,0,12220.0,1570.0,0.029614909240724137,0.029614909240724137,412630.0,332,319,12,1,4,0,0.0,True
NODE_7C19E6A8B9ED491B,JALAN BESAR MRT STATION,weekend_comparison,pt20_walk10_primary,True,20,10,12360.0,12360.0,0,0,12360.0,1570.0,0.02995419625330199,0.02995419625330199,412630.0,332,317,12,3,6,0,0.0,True
NODE_7C19E6A8B9ED491B,JALAN BESAR MRT STATION,weekend_comparison,pt15_walk10,False,15,10,8170.0,8170.0,0,0,8170.0,1570.0,0.019799820662579067,0.019799820662579067,412630.0,332,317,12,3,6,0,0.0,True
NODE_7C19E6A8B9ED491B,JALAN BESAR MRT STATION,weekend_comparison,pt25_walk10,False,25,10,30170.0,30170.0,0,0,30170.0,1570.0,0.07311635121052759,0.07311635121052759,412630.0,332,317,12,3,6,0,0.0,True
NODE_7C19E6A8B9ED491B,JALAN BESAR MRT STATION,weekend_comparison,pt20_walk5,False,20,5,12360.0,12360.0,0,0,12360.0,1570.0,0.02995419625330199,0.02995419625330199,412630.0,332,317,12,3,6,0,0.0,True
NODE_7C19E6A8B9ED491B,JALAN BESAR MRT STATION,weekend_comparison,pt20_walk15,False,20,15,12360.0,12360.0,0,0,12360.0,1570.0,0.02995419625330199,0.02995419625330199,412630.0,332,317,12,3,6,0,0.0,True
NODE_7C210228429B4D5D,ADMIRALTY MRT STATION,primary_weekday_after_school,pt20_walk10_primary,True,20,10,29970.0,29970.0,0,0,29970.0,10530.0,0.07263165547827351,0.07263165547827351,412630.0,332,320,12,0,3,0,0.0,True
NODE_7C210228429B4D5D,ADMIRALTY MRT STATION,primary_weekday_after_school,pt15_walk10,False,15,10,14370.0,14370.0,0,0,14370.0,10530.0,0.03482538836245547,0.03482538836245547,412630.0,332,320,12,0,3,0,0.0,True
NODE_7C210228429B4D5D,ADMIRALTY MRT STATION,primary_weekday_after_school,pt25_walk10,False,25,10,49410.0,49410.0,0,0,49410.0,10530.0,0.11974408065336985,0.11974408065336985,412630.0,332,320,12,0,3,0,0.0,True
NODE_7C210228429B4D5D,ADMIRALTY MRT STATION,primary_weekday_after_school,pt20_walk5,False,20,5,29970.0,29970.0,0,0,29970.0,10530.0,0.07263165547827351,0.07263165547827351,412630.0,332,320,12,0,3,0,0.0,True
NODE_7C210228429B4D5D,ADMIRALTY MRT STATION,primary_weekday_after_school,pt20_walk15,False,20,15,29970.0,29970.0,0,0,29970.0,10530.0,0.07263165547827351,0.07263165547827351,412630.0,332,320,12,0,3,0,0.0,True
NODE_7C210228429B4D5D,ADMIRALTY MRT STATION,weekend_comparison,pt20_walk10_primary,True,20,10,29530.0,29530.0,0,0,29530.0,10530.0,0.07156532486731454,0.07156532486731454,412630.0,332,318,13,1,5,0,0.0,True
NODE_7C210228429B4D5D,ADMIRALTY MRT STATION,weekend_comparison,pt15_walk10,False,15,10,14370.0,14370.0,0,0,14370.0,10530.0,0.03482538836245547,0.03482538836245547,412630.0,332,318,13,1,5,0,0.0,True
NODE_7C210228429B4D5D,ADMIRALTY MRT STATION,weekend_comparison,pt25_walk10,False,25,10,55650.0,55650.0,0,0,55650.0,10530.0,0.13486658749969707,0.13486658749969707,412630.0,332,318,13,1,5,0,0.0,True
NODE_7C210228429B4D5D,ADMIRALTY MRT STATION,weekend_comparison,pt20_walk5,False,20,5,29530.0,29530.0,0,0,29530.0,10530.0,0.07156532486731454,0.07156532486731454,412630.0,332,318,13,1,5,0,0.0,True
NODE_7C210228429B4D5D,ADMIRALTY MRT STATION,weekend_comparison,pt20_walk15,False,20,15,29530.0,29530.0,0,0,29530.0,10530.0,0.07156532486731454,0.07156532486731454,412630.0,332,318,13,1,5,0,0.0,True
NODE_7DA5BD20596ED3CC,HAW PAR VILLA MRT STATION,primary_weekday_after_school,pt20_walk10_primary,True,20,10,7140.0,7140.0,0,0,7140.0,500.0,0.017303637641470568,0.017303637641470568,412630.0,332,319,12,1,4,0,0.0,True
NODE_7DA5BD20596ED3CC,HAW PAR VILLA MRT STATION,primary_weekday_after_school,pt15_walk10,False,15,10,1740.0,1740.0,0,0,1740.0,500.0,0.0042168528706104744,0.0042168528706104744,412630.0,332,319,12,1,4,0,0.0,True
NODE_7DA5BD20596ED3CC,HAW PAR VILLA MRT STATION,primary_weekday_after_school,pt25_walk10,False,25,10,19060.0,19060.0,0,0,19060.0,500.0,0.046191503283813586,0.046191503283813586,412630.0,332,319,12,1,4,0,0.0,True
NODE_7DA5BD20596ED3CC,HAW PAR VILLA MRT STATION,primary_weekday_after_school,pt20_walk5,False,20,5,7140.0,7140.0,0,0,7140.0,500.0,0.017303637641470568,0.017303637641470568,412630.0,332,319,12,1,4,0,0.0,True
NODE_7DA5BD20596ED3CC,HAW PAR VILLA MRT STATION,primary_weekday_after_school,pt20_walk15,False,20,15,7140.0,7140.0,0,0,7140.0,500.0,0.017303637641470568,0.017303637641470568,412630.0,332,319,12,1,4,0,0.0,True
NODE_7DA5BD20596ED3CC,HAW PAR VILLA MRT STATION,weekend_comparison,pt20_walk10_primary,True,20,10,7220.0,7220.0,0,0,7220.0,500.0,0.0174975159343722,0.0174975159343722,412630.0,332,317,12,3,6,0,0.0,True
NODE_7DA5BD20596ED3CC,HAW PAR VILLA MRT STATION,weekend_comparison,pt15_walk10,False,15,10,2960.0,2960.0,0,0,2960.0,500.0,0.007173496837360347,0.007173496837360347,412630.0,332,317,12,3,6,0,0.0,True
NODE_7DA5BD20596ED3CC,HAW PAR VILLA MRT STATION,weekend_comparison,pt25_walk10,False,25,10,19470.0,19470.0,0,0,19470.0,500.0,0.04718512953493444,0.04718512953493444,412630.0,332,317,12,3,6,0,0.0,True
NODE_7DA5BD20596ED3CC,HAW PAR VILLA MRT STATION,weekend_comparison,pt20_walk5,False,20,5,7220.0,7220.0,0,0,7220.0,500.0,0.0174975159343722,0.0174975159343722,412630.0,332,317,12,3,6,0,0.0,True
NODE_7DA5BD20596ED3CC,HAW PAR VILLA MRT STATION,weekend_comparison,pt20_walk15,False,20,15,7220.0,7220.0,0,0,7220.0,500.0,0.0174975159343722,0.0174975159343722,412630.0,332,317,12,3,6,0,0.0,True
NODE_7EA46B95BAA54D78,TAMPINES EAST MRT STATION,primary_weekday_after_school,pt20_walk10_primary,True,20,10,25300.0,25300.0,0,0,25300.0,11290.0,0.0613140101301408,0.0613140101301408,412630.0,332,314,14,4,9,0,0.0,True
NODE_7EA46B95BAA54D78,TAMPINES EAST MRT STATION,primary_weekday_after_school,pt15_walk10,False,15,10,14920.0,14920.0,0,0,14920.0,11290.0,0.03615830162615418,0.03615830162615418,412630.0,332,314,14,4,9,0,0.0,True
NODE_7EA46B95BAA54D78,TAMPINES EAST MRT STATION,primary_weekday_after_school,pt25_walk10,False,25,10,49040.0,49040.0,0,0,49040.0,11290.0,0.1188473935486998,0.1188473935486998,412630.0,332,314,14,4,9,0,0.0,True
NODE_7EA46B95BAA54D78,TAMPINES EAST MRT STATION,primary_weekday_after_school,pt20_walk5,False,20,5,25300.0,25300.0,0,0,25300.0,11290.0,0.0613140101301408,0.0613140101301408,412630.0,332,314,14,4,9,0,0.0,True
NODE_7EA46B95BAA54D78,TAMPINES EAST MRT STATION,primary_weekday_after_school,pt20_walk15,False,20,15,25300.0,25300.0,0,0,25300.0,11290.0,0.0613140101301408,0.0613140101301408,412630.0,332,314,14,4,9,0,0.0,True
NODE_7EA46B95BAA54D78,TAMPINES EAST MRT STATION,weekend_comparison,pt20_walk10_primary,True,20,10,31090.0,31090.0,0,0,31090.0,11290.0,0.07534595157889634,0.07534595157889634,412630.0,332,317,13,2,6,0,0.0,True
NODE_7EA46B95BAA54D78,TAMPINES EAST MRT STATION,weekend_comparison,pt15_walk10,False,15,10,14920.0,14920.0,0,0,14920.0,11290.0,0.03615830162615418,0.03615830162615418,412630.0,332,317,13,2,6,0,0.0,True
NODE_7EA46B95BAA54D78,TAMPINES EAST MRT STATION,weekend_comparison,pt25_walk10,False,25,10,53070.0,53070.0,0,0,53070.0,11290.0,0.12861401255361946,0.12861401255361946,412630.0,332,317,13,2,6,0,0.0,True
NODE_7EA46B95BAA54D78,TAMPINES EAST MRT STATION,weekend_comparison,pt20_walk5,False,20,5,31090.0,31090.0,0,0,31090.0,11290.0,0.07534595157889634,0.07534595157889634,412630.0,332,317,13,2,6,0,0.0,True
NODE_7EA46B95BAA54D78,TAMPINES EAST MRT STATION,weekend_comparison,pt20_walk15,False,20,15,31090.0,31090.0,0,0,31090.0,11290.0,0.07534595157889634,0.07534595157889634,412630.0,332,317,13,2,6,0,0.0,True
NODE_7EB536EC1C3EBFD9,FORT CANNING MRT STATION,primary_weekday_after_school,pt20_walk10_primary,True,20,10,10860.0,10860.0,0,0,10860.0,750.0,0.026318978261396408,0.026318978261396408,412630.0,332,317,12,3,6,0,0.0,True
NODE_7EB536EC1C3EBFD9,FORT CANNING MRT STATION,primary_weekday_after_school,pt15_walk10,False,15,10,3540.0,3540.0,0,0,3540.0,750.0,0.008579114460897172,0.008579114460897172,412630.0,332,317,12,3,6,0,0.0,True
NODE_7EB536EC1C3EBFD9,FORT CANNING MRT STATION,primary_weekday_after_school,pt25_walk10,False,25,10,27400.0,27400.0,0,0,27400.0,750.0,0.06640331531880862,0.06640331531880862,412630.0,332,317,12,3,6,0,0.0,True
NODE_7EB536EC1C3EBFD9,FORT CANNING MRT STATION,primary_weekday_after_school,pt20_walk5,False,20,5,10860.0,10860.0,0,0,10860.0,750.0,0.026318978261396408,0.026318978261396408,412630.0,332,317,12,3,6,0,0.0,True
NODE_7EB536EC1C3EBFD9,FORT CANNING MRT STATION,primary_weekday_after_school,pt20_walk15,False,20,15,10860.0,10860.0,0,0,10860.0,750.0,0.026318978261396408,0.026318978261396408,412630.0,332,317,12,3,6,0,0.0,True
NODE_7EB536EC1C3EBFD9,FORT CANNING MRT STATION,weekend_comparison,pt20_walk10_primary,True,20,10,10920.0,10920.0,0,0,10920.0,750.0,0.026464386981072632,0.026464386981072632,412630.0,332,316,12,4,7,0,0.0,True
NODE_7EB536EC1C3EBFD9,FORT CANNING MRT STATION,weekend_comparison,pt15_walk10,False,15,10,3560.0,3560.0,0,0,3560.0,750.0,0.00862758403412258,0.00862758403412258,412630.0,332,316,12,4,7,0,0.0,True
NODE_7EB536EC1C3EBFD9,FORT CANNING MRT STATION,weekend_comparison,pt25_walk10,False,25,10,27990.0,27990.0,0,0,27990.0,750.0,0.06783316772895814,0.06783316772895814,412630.0,332,316,12,4,7,0,0.0,True
NODE_7EB536EC1C3EBFD9,FORT CANNING MRT STATION,weekend_comparison,pt20_walk5,False,20,5,10920.0,10920.0,0,0,10920.0,750.0,0.026464386981072632,0.026464386981072632,412630.0,332,316,12,4,7,0,0.0,True
NODE_7EB536EC1C3EBFD9,FORT CANNING MRT STATION,weekend_comparison,pt20_walk15,False,20,15,10920.0,10920.0,0,0,10920.0,750.0,0.026464386981072632,0.026464386981072632,412630.0,332,316,12,4,7,0,0.0,True
NODE_7F25B27A3F5118AA,QUEENSTOWN MRT STATION,primary_weekday_after_school,pt20_walk10_primary,True,20,10,16880.0,16880.0,0,0,16880.0,3570.0,0.040908319802244145,0.040908319802244145,412630.0,332,318,12,2,5,0,0.0,True
NODE_7F25B27A3F5118AA,QUEENSTOWN MRT STATION,primary_weekday_after_school,pt15_walk10,False,15,10,6620.0,6620.0,0,0,6620.0,3570.0,0.016043428737609965,0.016043428737609965,412630.0,332,318,12,2,5,0,0.0,True
NODE_7F25B27A3F5118AA,QUEENSTOWN MRT STATION,primary_weekday_after_school,pt25_walk10,False,25,10,29230.0,29230.0,0,0,29230.0,3570.0,0.07083828126893342,0.07083828126893342,412630.0,332,318,12,2,5,0,0.0,True
NODE_7F25B27A3F5118AA,QUEENSTOWN MRT STATION,primary_weekday_after_school,pt20_walk5,False,20,5,16880.0,16880.0,0,0,16880.0,3570.0,0.040908319802244145,0.040908319802244145,412630.0,332,318,12,2,5,0,0.0,True
NODE_7F25B27A3F5118AA,QUEENSTOWN MRT STATION,primary_weekday_after_school,pt20_walk15,False,20,15,16880.0,16880.0,0,0,16880.0,3570.0,0.040908319802244145,0.040908319802244145,412630.0,332,318,12,2,5,0,0.0,True
NODE_7F25B27A3F5118AA,QUEENSTOWN MRT STATION,weekend_comparison,pt20_walk10_primary,True,20,10,16750.0,16750.0,0,0,16750.0,3570.0,0.04059326757627899,0.04059326757627899,412630.0,332,320,12,0,3,0,0.0,True
NODE_7F25B27A3F5118AA,QUEENSTOWN MRT STATION,weekend_comparison,pt15_walk10,False,15,10,6620.0,6620.0,0,0,6620.0,3570.0,0.016043428737609965,0.016043428737609965,412630.0,332,320,12,0,3,0,0.0,True
NODE_7F25B27A3F5118AA,QUEENSTOWN MRT STATION,weekend_comparison,pt25_walk10,False,25,10,26110.0,26110.0,0,0,26110.0,3570.0,0.06327702784576981,0.06327702784576981,412630.0,332,320,12,0,3,0,0.0,True
NODE_7F25B27A3F5118AA,QUEENSTOWN MRT STATION,weekend_comparison,pt20_walk5,False,20,5,16750.0,16750.0,0,0,16750.0,3570.0,0.04059326757627899,0.04059326757627899,412630.0,332,320,12,0,3,0,0.0,True
NODE_7F25B27A3F5118AA,QUEENSTOWN MRT STATION,weekend_comparison,pt20_walk15,False,20,15,16750.0,16750.0,0,0,16750.0,3570.0,0.04059326757627899,0.04059326757627899,412630.0,332,320,12,0,3,0,0.0,True
NODE_8000C9A71C8BE65C,KEPPEL MRT STATION,primary_weekday_after_school,pt20_walk10_primary,True,20,10,3890.0,3890.0,0,0,3890.0,1240.0,0.009427331992341808,0.009427331992341808,412630.0,332,320,12,0,3,0,0.0,True
NODE_8000C9A71C8BE65C,KEPPEL MRT STATION,primary_weekday_after_school,pt15_walk10,False,15,10,1700.0,1700.0,0,0,1700.0,1240.0,0.004119913724159659,0.004119913724159659,412630.0,332,320,12,0,3,0,0.0,True
NODE_8000C9A71C8BE65C,KEPPEL MRT STATION,primary_weekday_after_school,pt25_walk10,False,25,10,8890.0,8890.0,0,0,8890.0,1240.0,0.021544725298693744,0.021544725298693744,412630.0,332,320,12,0,3,0,0.0,True
NODE_8000C9A71C8BE65C,KEPPEL MRT STATION,primary_weekday_after_school,pt20_walk5,False,20,5,3890.0,3890.0,0,0,3890.0,1240.0,0.009427331992341808,0.009427331992341808,412630.0,332,320,12,0,3,0,0.0,True
NODE_8000C9A71C8BE65C,KEPPEL MRT STATION,primary_weekday_after_school,pt20_walk15,False,20,15,3890.0,3890.0,0,0,3890.0,1240.0,0.009427331992341808,0.009427331992341808,412630.0,332,320,12,0,3,0,0.0,True
NODE_8000C9A71C8BE65C,KEPPEL MRT STATION,weekend_comparison,pt20_walk10_primary,True,20,10,3890.0,3890.0,0,0,3890.0,1240.0,0.009427331992341808,0.009427331992341808,412630.0,332,319,12,1,4,0,0.0,True
NODE_8000C9A71C8BE65C,KEPPEL MRT STATION,weekend_comparison,pt15_walk10,False,15,10,1700.0,1700.0,0,0,1700.0,1240.0,0.004119913724159659,0.004119913724159659,412630.0,332,319,12,1,4,0,0.0,True
NODE_8000C9A71C8BE65C,KEPPEL MRT STATION,weekend_comparison,pt25_walk10,False,25,10,8890.0,8890.0,0,0,8890.0,1240.0,0.021544725298693744,0.021544725298693744,412630.0,332,319,12,1,4,0,0.0,True
NODE_8000C9A71C8BE65C,KEPPEL MRT STATION,weekend_comparison,pt20_walk5,False,20,5,3890.0,3890.0,0,0,3890.0,1240.0,0.009427331992341808,0.009427331992341808,412630.0,332,319,12,1,4,0,0.0,True
NODE_8000C9A71C8BE65C,KEPPEL MRT STATION,weekend_comparison,pt20_walk15,False,20,15,3890.0,3890.0,0,0,3890.0,1240.0,0.009427331992341808,0.009427331992341808,412630.0,332,319,12,1,4,0,0.0,True
NODE_800942F75137DCFA,MAXWELL MRT STATION,primary_weekday_after_school,pt20_walk10_primary,True,20,10,3880.0,3880.0,0,0,3880.0,1330.0,0.009403097205729103,0.009403097205729103,412630.0,332,318,12,2,5,0,0.0,True
NODE_800942F75137DCFA,MAXWELL MRT STATION,primary_weekday_after_school,pt15_walk10,False,15,10,2940.0,2940.0,0,0,2940.0,1330.0,0.0071250272641349395,0.0071250272641349395,412630.0,332,318,12,2,5,0,0.0,True
NODE_800942F75137DCFA,MAXWELL MRT STATION,primary_weekday_after_school,pt25_walk10,False,25,10,18410.0,18410.0,0,0,18410.0,1330.0,0.04461624215398784,0.04461624215398784,412630.0,332,318,12,2,5,0,0.0,True
NODE_800942F75137DCFA,MAXWELL MRT STATION,primary_weekday_after_school,pt20_walk5,False,20,5,3880.0,3880.0,0,0,3880.0,1330.0,0.009403097205729103,0.009403097205729103,412630.0,332,318,12,2,5,0,0.0,True
NODE_800942F75137DCFA,MAXWELL MRT STATION,primary_weekday_after_school,pt20_walk15,False,20,15,3880.0,3880.0,0,0,3880.0,1330.0,0.009403097205729103,0.009403097205729103,412630.0,332,318,12,2,5,0,0.0,True
NODE_800942F75137DCFA,MAXWELL MRT STATION,weekend_comparison,pt20_walk10_primary,True,20,10,4070.0,4070.0,0,0,4070.0,1330.0,0.009863558151370477,0.009863558151370477,412630.0,332,320,12,0,3,0,0.0,True
NODE_800942F75137DCFA,MAXWELL MRT STATION,weekend_comparison,pt15_walk10,False,15,10,2940.0,2940.0,0,0,2940.0,1330.0,0.0071250272641349395,0.0071250272641349395,412630.0,332,320,12,0,3,0,0.0,True
NODE_800942F75137DCFA,MAXWELL MRT STATION,weekend_comparison,pt25_walk10,False,25,10,14100.0,14100.0,0,0,14100.0,1330.0,0.034171049123912466,0.034171049123912466,412630.0,332,320,12,0,3,0,0.0,True
NODE_800942F75137DCFA,MAXWELL MRT STATION,weekend_comparison,pt20_walk5,False,20,5,4070.0,4070.0,0,0,4070.0,1330.0,0.009863558151370477,0.009863558151370477,412630.0,332,320,12,0,3,0,0.0,True
NODE_800942F75137DCFA,MAXWELL MRT STATION,weekend_comparison,pt20_walk15,False,20,15,4070.0,4070.0,0,0,4070.0,1330.0,0.009863558151370477,0.009863558151370477,412630.0,332,320,12,0,3,0,0.0,True
NODE_80B55383A8E530D6,REDHILL MRT STATION,primary_weekday_after_school,pt20_walk10_primary,True,20,10,15540.0,15540.0,0,0,15540.0,2390.0,0.03766085839614182,0.03766085839614182,412630.0,332,317,12,3,6,0,0.0,True
NODE_80B55383A8E530D6,REDHILL MRT STATION,primary_weekday_after_school,pt15_walk10,False,15,10,10290.0,10290.0,0,0,10290.0,2390.0,0.024937595424472287,0.024937595424472287,412630.0,332,317,12,3,6,0,0.0,True
NODE_80B55383A8E530D6,REDHILL MRT STATION,primary_weekday_after_school,pt25_walk10,False,25,10,26250.0,26250.0,0,0,26250.0,2390.0,0.06361631485834768,0.06361631485834768,412630.0,332,317,12,3,6,0,0.0,True
NODE_80B55383A8E530D6,REDHILL MRT STATION,primary_weekday_after_school,pt20_walk5,False,20,5,15540.0,15540.0,0,0,15540.0,2390.0,0.03766085839614182,0.03766085839614182,412630.0,332,317,12,3,6,0,0.0,True
NODE_80B55383A8E530D6,REDHILL MRT STATION,primary_weekday_after_school,pt20_walk15,False,20,15,15540.0,15540.0,0,0,15540.0,2390.0,0.03766085839614182,0.03766085839614182,412630.0,332,317,12,3,6,0,0.0,True
NODE_80B55383A8E530D6,REDHILL MRT STATION,weekend_comparison,pt20_walk10_primary,True,20,10,14930.0,14930.0,0,0,14930.0,2390.0,0.036182536412766884,0.036182536412766884,412630.0,332,320,12,0,3,0,0.0,True
NODE_80B55383A8E530D6,REDHILL MRT STATION,weekend_comparison,pt15_walk10,False,15,10,10290.0,10290.0,0,0,10290.0,2390.0,0.024937595424472287,0.024937595424472287,412630.0,332,320,12,0,3,0,0.0,True
NODE_80B55383A8E530D6,REDHILL MRT STATION,weekend_comparison,pt25_walk10,False,25,10,25150.0,25150.0,0,0,25150.0,2390.0,0.060950488330950243,0.060950488330950243,412630.0,332,320,12,0,3,0,0.0,True
NODE_80B55383A8E530D6,REDHILL MRT STATION,weekend_comparison,pt20_walk5,False,20,5,14930.0,14930.0,0,0,14930.0,2390.0,0.036182536412766884,0.036182536412766884,412630.0,332,320,12,0,3,0,0.0,True
NODE_80B55383A8E530D6,REDHILL MRT STATION,weekend_comparison,pt20_walk15,False,20,15,14930.0,14930.0,0,0,14930.0,2390.0,0.036182536412766884,0.036182536412766884,412630.0,332,320,12,0,3,0,0.0,True
NODE_8274E1550C9D50B0,TOA PAYOH MRT STATION,primary_weekday_after_school,pt20_walk10_primary,True,20,10,25290.0,25290.0,0,0,25290.0,3820.0,0.0612897753435281,0.0612897753435281,412630.0,332,320,12,0,3,0,0.0,True
NODE_8274E1550C9D50B0,TOA PAYOH MRT STATION,primary_weekday_after_school,pt15_walk10,False,15,10,7810.0,7810.0,0,0,7810.0,3820.0,0.018927368344521727,0.018927368344521727,412630.0,332,320,12,0,3,0,0.0,True
NODE_8274E1550C9D50B0,TOA PAYOH MRT STATION,primary_weekday_after_school,pt25_walk10,False,25,10,40480.0,40480.0,0,0,40480.0,3820.0,0.09810241620822528,0.09810241620822528,412630.0,332,320,12,0,3,0,0.0,True
NODE_8274E1550C9D50B0,TOA PAYOH MRT STATION,primary_weekday_after_school,pt20_walk5,False,20,5,25290.0,25290.0,0,0,25290.0,3820.0,0.0612897753435281,0.0612897753435281,412630.0,332,320,12,0,3,0,0.0,True
NODE_8274E1550C9D50B0,TOA PAYOH MRT STATION,primary_weekday_after_school,pt20_walk15,False,20,15,25290.0,25290.0,0,0,25290.0,3820.0,0.0612897753435281,0.0612897753435281,412630.0,332,320,12,0,3,0,0.0,True
NODE_8274E1550C9D50B0,TOA PAYOH MRT STATION,weekend_comparison,pt20_walk10_primary,True,20,10,25290.0,25290.0,0,0,25290.0,3820.0,0.0612897753435281,0.0612897753435281,412630.0,332,320,12,0,3,0,0.0,True
NODE_8274E1550C9D50B0,TOA PAYOH MRT STATION,weekend_comparison,pt15_walk10,False,15,10,7810.0,7810.0,0,0,7810.0,3820.0,0.018927368344521727,0.018927368344521727,412630.0,332,320,12,0,3,0,0.0,True
NODE_8274E1550C9D50B0,TOA PAYOH MRT STATION,weekend_comparison,pt25_walk10,False,25,10,38020.0,38020.0,0,0,38020.0,3820.0,0.09214065870150014,0.09214065870150014,412630.0,332,320,12,0,3,0,0.0,True
NODE_8274E1550C9D50B0,TOA PAYOH MRT STATION,weekend_comparison,pt20_walk5,False,20,5,25290.0,25290.0,0,0,25290.0,3820.0,0.0612897753435281,0.0612897753435281,412630.0,332,320,12,0,3,0,0.0,True
NODE_8274E1550C9D50B0,TOA PAYOH MRT STATION,weekend_comparison,pt20_walk15,False,20,15,25290.0,25290.0,0,0,25290.0,3820.0,0.0612897753435281,0.0612897753435281,412630.0,332,320,12,0,3,0,0.0,True
NODE_851910964CFB2F80,MATTAR MRT STATION,primary_weekday_after_school,pt20_walk10_primary,True,20,10,20060.0,20060.0,0,0,20060.0,1850.0,0.04861498194508397,0.04861498194508397,412630.0,332,316,13,3,7,0,0.0,True
NODE_851910964CFB2F80,MATTAR MRT STATION,primary_weekday_after_school,pt15_walk10,False,15,10,6340.0,6340.0,0,0,6340.0,1850.0,0.015364854712454256,0.015364854712454256,412630.0,332,316,13,3,7,0,0.0,True
NODE_851910964CFB2F80,MATTAR MRT STATION,primary_weekday_after_school,pt25_walk10,False,25,10,46770.0,46770.0,0,0,46770.0,1850.0,0.11334609698761602,0.11334609698761602,412630.0,332,316,13,3,7,0,0.0,True
NODE_851910964CFB2F80,MATTAR MRT STATION,primary_weekday_after_school,pt20_walk5,False,20,5,20060.0,20060.0,0,0,20060.0,1850.0,0.04861498194508397,0.04861498194508397,412630.0,332,316,13,3,7,0,0.0,True
NODE_851910964CFB2F80,MATTAR MRT STATION,primary_weekday_after_school,pt20_walk15,False,20,15,20060.0,20060.0,0,0,20060.0,1850.0,0.04861498194508397,0.04861498194508397,412630.0,332,316,13,3,7,0,0.0,True
NODE_851910964CFB2F80,MATTAR MRT STATION,weekend_comparison,pt20_walk10_primary,True,20,10,19880.0,19880.0,0,0,19880.0,1850.0,0.0481787557860553,0.0481787557860553,412630.0,332,315,13,4,8,0,0.0,True
NODE_851910964CFB2F80,MATTAR MRT STATION,weekend_comparison,pt15_walk10,False,15,10,6340.0,6340.0,0,0,6340.0,1850.0,0.015364854712454256,0.015364854712454256,412630.0,332,315,13,4,8,0,0.0,True
NODE_851910964CFB2F80,MATTAR MRT STATION,weekend_comparison,pt25_walk10,False,25,10,37750.0,37750.0,0,0,37750.0,1850.0,0.09148631946295713,0.09148631946295713,412630.0,332,315,13,4,8,0,0.0,True
NODE_851910964CFB2F80,MATTAR MRT STATION,weekend_comparison,pt20_walk5,False,20,5,19880.0,19880.0,0,0,19880.0,1850.0,0.0481787557860553,0.0481787557860553,412630.0,332,315,13,4,8,0,0.0,True
NODE_851910964CFB2F80,MATTAR MRT STATION,weekend_comparison,pt20_walk15,False,20,15,19880.0,19880.0,0,0,19880.0,1850.0,0.0481787557860553,0.0481787557860553,412630.0,332,315,13,4,8,0,0.0,True
NODE_88A40D6577952082,BEDOK MRT STATION,primary_weekday_after_school,pt20_walk10_primary,True,20,10,25530.0,25530.0,0,0,25530.0,0,0.06187141022223299,0.06187141022223299,412630.0,332,317,13,2,6,0,0.0,True
NODE_88A40D6577952082,BEDOK MRT STATION,primary_weekday_after_school,pt15_walk10,False,15,10,6550.0,6550.0,0,0,6550.0,0,0.015873785231321037,0.015873785231321037,412630.0,332,317,13,2,6,0,0.0,True
NODE_88A40D6577952082,BEDOK MRT STATION,primary_weekday_after_school,pt25_walk10,False,25,10,48360.0,48360.0,0,0,48360.0,0,0.11719942805903594,0.11719942805903594,412630.0,332,317,13,2,6,0,0.0,True
NODE_88A40D6577952082,BEDOK MRT STATION,primary_weekday_after_school,pt20_walk5,False,20,5,25530.0,25530.0,0,0,25530.0,0,0.06187141022223299,0.06187141022223299,412630.0,332,317,13,2,6,0,0.0,True
NODE_88A40D6577952082,BEDOK MRT STATION,primary_weekday_after_school,pt20_walk15,False,20,15,25530.0,25530.0,0,0,25530.0,0,0.06187141022223299,0.06187141022223299,412630.0,332,317,13,2,6,0,0.0,True
NODE_88A40D6577952082,BEDOK MRT STATION,weekend_comparison,pt20_walk10_primary,True,20,10,25530.0,25530.0,0,0,25530.0,0,0.06187141022223299,0.06187141022223299,412630.0,332,319,13,0,4,0,0.0,True
NODE_88A40D6577952082,BEDOK MRT STATION,weekend_comparison,pt15_walk10,False,15,10,6550.0,6550.0,0,0,6550.0,0,0.015873785231321037,0.015873785231321037,412630.0,332,319,13,0,4,0,0.0,True
NODE_88A40D6577952082,BEDOK MRT STATION,weekend_comparison,pt25_walk10,False,25,10,50210.0,50210.0,0,0,50210.0,0,0.12168286358238616,0.12168286358238616,412630.0,332,319,13,0,4,0,0.0,True
NODE_88A40D6577952082,BEDOK MRT STATION,weekend_comparison,pt20_walk5,False,20,5,25530.0,25530.0,0,0,25530.0,0,0.06187141022223299,0.06187141022223299,412630.0,332,319,13,0,4,0,0.0,True
NODE_88A40D6577952082,BEDOK MRT STATION,weekend_comparison,pt20_walk15,False,20,15,25530.0,25530.0,0,0,25530.0,0,0.06187141022223299,0.06187141022223299,412630.0,332,319,13,0,4,0,0.0,True
NODE_8AA587D6F81B4538,EUNOS MRT STATION,primary_weekday_after_school,pt20_walk10_primary,True,20,10,26470.0,26470.0,0,0,26470.0,3030.0,0.06414948016382716,0.06414948016382716,412630.0,332,317,13,2,6,0,0.0,True
NODE_8AA587D6F81B4538,EUNOS MRT STATION,primary_weekday_after_school,pt15_walk10,False,15,10,8450.0,8450.0,0,0,8450.0,3030.0,0.020478394687734776,0.020478394687734776,412630.0,332,317,13,2,6,0,0.0,True
NODE_8AA587D6F81B4538,EUNOS MRT STATION,primary_weekday_after_school,pt25_walk10,False,25,10,55630.0,55630.0,0,0,55630.0,3030.0,0.13481811792647166,0.13481811792647166,412630.0,332,317,13,2,6,0,0.0,True
NODE_8AA587D6F81B4538,EUNOS MRT STATION,primary_weekday_after_school,pt20_walk5,False,20,5,26470.0,26470.0,0,0,26470.0,3030.0,0.06414948016382716,0.06414948016382716,412630.0,332,317,13,2,6,0,0.0,True
NODE_8AA587D6F81B4538,EUNOS MRT STATION,primary_weekday_after_school,pt20_walk15,False,20,15,26470.0,26470.0,0,0,26470.0,3030.0,0.06414948016382716,0.06414948016382716,412630.0,332,317,13,2,6,0,0.0,True
NODE_8AA587D6F81B4538,EUNOS MRT STATION,weekend_comparison,pt20_walk10_primary,True,20,10,29450.0,29450.0,0,0,29450.0,3030.0,0.07137144657441291,0.07137144657441291,412630.0,332,319,13,0,4,0,0.0,True
NODE_8AA587D6F81B4538,EUNOS MRT STATION,weekend_comparison,pt15_walk10,False,15,10,8450.0,8450.0,0,0,8450.0,3030.0,0.020478394687734776,0.020478394687734776,412630.0,332,319,13,0,4,0,0.0,True
NODE_8AA587D6F81B4538,EUNOS MRT STATION,weekend_comparison,pt25_walk10,False,25,10,44930.0,44930.0,0,0,44930.0,3030.0,0.10888689625087851,0.10888689625087851,412630.0,332,319,13,0,4,0,0.0,True
NODE_8AA587D6F81B4538,EUNOS MRT STATION,weekend_comparison,pt20_walk5,False,20,5,29450.0,29450.0,0,0,29450.0,3030.0,0.07137144657441291,0.07137144657441291,412630.0,332,319,13,0,4,0,0.0,True
NODE_8AA587D6F81B4538,EUNOS MRT STATION,weekend_comparison,pt20_walk15,False,20,15,29450.0,29450.0,0,0,29450.0,3030.0,0.07137144657441291,0.07137144657441291,412630.0,332,319,13,0,4,0,0.0,True
NODE_8B563D9F6EE87039,HAVELOCK MRT STATION,primary_weekday_after_school,pt20_walk10_primary,True,20,10,9490.0,9490.0,0,0,9490.0,3450.0,0.02299881249545598,0.02299881249545598,412630.0,332,320,12,0,3,0,0.0,True
NODE_8B563D9F6EE87039,HAVELOCK MRT STATION,primary_weekday_after_school,pt15_walk10,False,15,10,6340.0,6340.0,0,0,6340.0,3450.0,0.015364854712454256,0.015364854712454256,412630.0,332,320,12,0,3,0,0.0,True
NODE_8B563D9F6EE87039,HAVELOCK MRT STATION,primary_weekday_after_school,pt25_walk10,False,25,10,16650.0,16650.0,0,0,16650.0,3450.0,0.04035091971015195,0.04035091971015195,412630.0,332,320,12,0,3,0,0.0,True
NODE_8B563D9F6EE87039,HAVELOCK MRT STATION,primary_weekday_after_school,pt20_walk5,False,20,5,9490.0,9490.0,0,0,9490.0,3450.0,0.02299881249545598,0.02299881249545598,412630.0,332,320,12,0,3,0,0.0,True
NODE_8B563D9F6EE87039,HAVELOCK MRT STATION,primary_weekday_after_school,pt20_walk15,False,20,15,10740.0,9490.0,1250.0,0,10740.0,3450.0,0.026028160822043962,0.026028160822043962,412630.0,332,320,12,0,3,0,0.0,True
NODE_8B563D9F6EE87039,HAVELOCK MRT STATION,weekend_comparison,pt20_walk10_primary,True,20,10,10250.0,10250.0,0,0,10250.0,3450.0,0.024840656278021473,0.024840656278021473,412630.0,332,320,12,0,3,0,0.0,True
NODE_8B563D9F6EE87039,HAVELOCK MRT STATION,weekend_comparison,pt15_walk10,False,15,10,6260.0,6260.0,0,0,6260.0,3450.0,0.015170976419552626,0.015170976419552626,412630.0,332,320,12,0,3,0,0.0,True
NODE_8B563D9F6EE87039,HAVELOCK MRT STATION,weekend_comparison,pt25_walk10,False,25,10,17810.0,17810.0,0,0,17810.0,3450.0,0.0431621549572256,0.0431621549572256,412630.0,332,320,12,0,3,0,0.0,True
NODE_8B563D9F6EE87039,HAVELOCK MRT STATION,weekend_comparison,pt20_walk5,False,20,5,10250.0,10250.0,0,0,10250.0,3450.0,0.024840656278021473,0.024840656278021473,412630.0,332,320,12,0,3,0,0.0,True
NODE_8B563D9F6EE87039,HAVELOCK MRT STATION,weekend_comparison,pt20_walk15,False,20,15,11500.0,10250.0,1250.0,0,11500.0,3450.0,0.027870004604609457,0.027870004604609457,412630.0,332,320,12,0,3,0,0.0,True
NODE_8B6C8B651F78538A,TANJONG PAGAR MRT STATION,primary_weekday_after_school,pt20_walk10_primary,True,20,10,5900.0,5900.0,0,0,5900.0,1130.0,0.014298524101495286,0.014298524101495286,412630.0,332,318,12,2,5,0,0.0,True
NODE_8B6C8B651F78538A,TANJONG PAGAR MRT STATION,primary_weekday_after_school,pt15_walk10,False,15,10,2480.0,2480.0,0,0,2480.0,1130.0,0.006010227079950561,0.006010227079950561,412630.0,332,318,12,2,5,0,0.0,True
NODE_8B6C8B651F78538A,TANJONG PAGAR MRT STATION,primary_weekday_after_school,pt25_walk10,False,25,10,21420.0,21420.0,0,0,21420.0,1130.0,0.0519109129244117,0.0519109129244117,412630.0,332,318,12,2,5,0,0.0,True
NODE_8B6C8B651F78538A,TANJONG PAGAR MRT STATION,primary_weekday_after_school,pt20_walk5,False,20,5,5900.0,5900.0,0,0,5900.0,1130.0,0.014298524101495286,0.014298524101495286,412630.0,332,318,12,2,5,0,0.0,True
NODE_8B6C8B651F78538A,TANJONG PAGAR MRT STATION,primary_weekday_after_school,pt20_walk15,False,20,15,5900.0,5900.0,0,0,5900.0,1130.0,0.014298524101495286,0.014298524101495286,412630.0,332,318,12,2,5,0,0.0,True
NODE_8B6C8B651F78538A,TANJONG PAGAR MRT STATION,weekend_comparison,pt20_walk10_primary,True,20,10,6080.0,6080.0,0,0,6080.0,1130.0,0.014734750260523956,0.014734750260523956,412630.0,332,316,12,4,7,0,0.0,True
NODE_8B6C8B651F78538A,TANJONG PAGAR MRT STATION,weekend_comparison,pt15_walk10,False,15,10,2480.0,2480.0,0,0,2480.0,1130.0,0.006010227079950561,0.006010227079950561,412630.0,332,316,12,4,7,0,0.0,True
NODE_8B6C8B651F78538A,TANJONG PAGAR MRT STATION,weekend_comparison,pt25_walk10,False,25,10,20720.0,20720.0,0,0,20720.0,1130.0,0.05021447786152243,0.05021447786152243,412630.0,332,316,12,4,7,0,0.0,True
NODE_8B6C8B651F78538A,TANJONG PAGAR MRT STATION,weekend_comparison,pt20_walk5,False,20,5,6080.0,6080.0,0,0,6080.0,1130.0,0.014734750260523956,0.014734750260523956,412630.0,332,316,12,4,7,0,0.0,True
NODE_8B6C8B651F78538A,TANJONG PAGAR MRT STATION,weekend_comparison,pt20_walk15,False,20,15,6080.0,6080.0,0,0,6080.0,1130.0,0.014734750260523956,0.014734750260523956,412630.0,332,316,12,4,7,0,0.0,True
NODE_8C25A4CDA31580DF,ONE-NORTH MRT STATION,primary_weekday_after_school,pt20_walk10_primary,True,20,10,9870.0,9870.0,0,0,9870.0,210.0,0.023919734386738726,0.023919734386738726,412630.0,332,319,12,1,4,0,0.0,True
NODE_8C25A4CDA31580DF,ONE-NORTH MRT STATION,primary_weekday_after_school,pt15_walk10,False,15,10,2870.0,2870.0,0,0,2870.0,210.0,0.006955383757846012,0.006955383757846012,412630.0,332,319,12,1,4,0,0.0,True
NODE_8C25A4CDA31580DF,ONE-NORTH MRT STATION,primary_weekday_after_school,pt25_walk10,False,25,10,19260.0,19260.0,0,0,19260.0,210.0,0.04667619901606766,0.04667619901606766,412630.0,332,319,12,1,4,0,0.0,True
NODE_8C25A4CDA31580DF,ONE-NORTH MRT STATION,primary_weekday_after_school,pt20_walk5,False,20,5,9870.0,9870.0,0,0,9870.0,210.0,0.023919734386738726,0.023919734386738726,412630.0,332,319,12,1,4,0,0.0,True
NODE_8C25A4CDA31580DF,ONE-NORTH MRT STATION,primary_weekday_after_school,pt20_walk15,False,20,15,9870.0,9870.0,0,0,9870.0,210.0,0.023919734386738726,0.023919734386738726,412630.0,332,319,12,1,4,0,0.0,True
NODE_8C25A4CDA31580DF,ONE-NORTH MRT STATION,weekend_comparison,pt20_walk10_primary,True,20,10,12480.0,12480.0,0,0,12480.0,210.0,0.030245013692654435,0.030245013692654435,412630.0,332,320,12,0,3,0,0.0,True
NODE_8C25A4CDA31580DF,ONE-NORTH MRT STATION,weekend_comparison,pt15_walk10,False,15,10,2870.0,2870.0,0,0,2870.0,210.0,0.006955383757846012,0.006955383757846012,412630.0,332,320,12,0,3,0,0.0,True
NODE_8C25A4CDA31580DF,ONE-NORTH MRT STATION,weekend_comparison,pt25_walk10,False,25,10,21080.0,21080.0,0,0,21080.0,210.0,0.05108693017957977,0.05108693017957977,412630.0,332,320,12,0,3,0,0.0,True
NODE_8C25A4CDA31580DF,ONE-NORTH MRT STATION,weekend_comparison,pt20_walk5,False,20,5,12480.0,12480.0,0,0,12480.0,210.0,0.030245013692654435,0.030245013692654435,412630.0,332,320,12,0,3,0,0.0,True
NODE_8C25A4CDA31580DF,ONE-NORTH MRT STATION,weekend_comparison,pt20_walk15,False,20,15,12480.0,12480.0,0,0,12480.0,210.0,0.030245013692654435,0.030245013692654435,412630.0,332,320,12,0,3,0,0.0,True
NODE_8C9B296C3FE59EF1,BISHAN MRT STATION,primary_weekday_after_school,pt20_walk10_primary,True,20,10,20040.0,20040.0,0,0,20040.0,4880.0,0.048566512371858564,0.048566512371858564,412630.0,332,320,12,0,3,0,0.0,True
NODE_8C9B296C3FE59EF1,BISHAN MRT STATION,primary_weekday_after_school,pt15_walk10,False,15,10,11520.0,11520.0,0,0,11520.0,4880.0,0.027918474177834864,0.027918474177834864,412630.0,332,320,12,0,3,0,0.0,True
NODE_8C9B296C3FE59EF1,BISHAN MRT STATION,primary_weekday_after_school,pt25_walk10,False,25,10,60500.0,60500.0,0,0,60500.0,4880.0,0.14662045900685844,0.14662045900685844,412630.0,332,320,12,0,3,0,0.0,True
NODE_8C9B296C3FE59EF1,BISHAN MRT STATION,primary_weekday_after_school,pt20_walk5,False,20,5,20040.0,20040.0,0,0,20040.0,4880.0,0.048566512371858564,0.048566512371858564,412630.0,332,320,12,0,3,0,0.0,True
NODE_8C9B296C3FE59EF1,BISHAN MRT STATION,primary_weekday_after_school,pt20_walk15,False,20,15,20040.0,20040.0,0,0,20040.0,4880.0,0.048566512371858564,0.048566512371858564,412630.0,332,320,12,0,3,0,0.0,True
NODE_8C9B296C3FE59EF1,BISHAN MRT STATION,weekend_comparison,pt20_walk10_primary,True,20,10,20040.0,20040.0,0,0,20040.0,4880.0,0.048566512371858564,0.048566512371858564,412630.0,332,318,12,2,5,0,0.0,True
NODE_8C9B296C3FE59EF1,BISHAN MRT STATION,weekend_comparison,pt15_walk10,False,15,10,11520.0,11520.0,0,0,11520.0,4880.0,0.027918474177834864,0.027918474177834864,412630.0,332,318,12,2,5,0,0.0,True
NODE_8C9B296C3FE59EF1,BISHAN MRT STATION,weekend_comparison,pt25_walk10,False,25,10,59540.0,59540.0,0,0,59540.0,4880.0,0.14429391949203887,0.14429391949203887,412630.0,332,318,12,2,5,0,0.0,True
NODE_8C9B296C3FE59EF1,BISHAN MRT STATION,weekend_comparison,pt20_walk5,False,20,5,20040.0,20040.0,0,0,20040.0,4880.0,0.048566512371858564,0.048566512371858564,412630.0,332,318,12,2,5,0,0.0,True
NODE_8C9B296C3FE59EF1,BISHAN MRT STATION,weekend_comparison,pt20_walk15,False,20,15,20040.0,20040.0,0,0,20040.0,4880.0,0.048566512371858564,0.048566512371858564,412630.0,332,318,12,2,5,0,0.0,True
NODE_8CB3FF6160F6D312,PUNGGOL COAST MRT STATION,primary_weekday_after_school,pt20_walk10_primary,True,20,10,49360.0,49360.0,0,0,49360.0,2240.0,0.11962290672030633,0.11962290672030633,412630.0,332,317,12,3,6,0,0.0,True
NODE_8CB3FF6160F6D312,PUNGGOL COAST MRT STATION,primary_weekday_after_school,pt15_walk10,False,15,10,16830.0,16830.0,0,0,16830.0,2240.0,0.04078714586918062,0.04078714586918062,412630.0,332,317,12,3,6,0,0.0,True
NODE_8CB3FF6160F6D312,PUNGGOL COAST MRT STATION,primary_weekday_after_school,pt25_walk10,False,25,10,65930.0,65930.0,0,0,65930.0,2240.0,0.15977994813755664,0.15977994813755664,412630.0,332,317,12,3,6,0,0.0,True
NODE_8CB3FF6160F6D312,PUNGGOL COAST MRT STATION,primary_weekday_after_school,pt20_walk5,False,20,5,49360.0,49360.0,0,0,49360.0,2240.0,0.11962290672030633,0.11962290672030633,412630.0,332,317,12,3,6,0,0.0,True
NODE_8CB3FF6160F6D312,PUNGGOL COAST MRT STATION,primary_weekday_after_school,pt20_walk15,False,20,15,49360.0,49360.0,0,0,49360.0,2240.0,0.11962290672030633,0.11962290672030633,412630.0,332,317,12,3,6,0,0.0,True
NODE_8CB3FF6160F6D312,PUNGGOL COAST MRT STATION,weekend_comparison,pt20_walk10_primary,True,20,10,49360.0,49360.0,0,0,49360.0,2240.0,0.11962290672030633,0.11962290672030633,412630.0,332,320,12,0,3,0,0.0,True
NODE_8CB3FF6160F6D312,PUNGGOL COAST MRT STATION,weekend_comparison,pt15_walk10,False,15,10,16830.0,16830.0,0,0,16830.0,2240.0,0.04078714586918062,0.04078714586918062,412630.0,332,320,12,0,3,0,0.0,True
NODE_8CB3FF6160F6D312,PUNGGOL COAST MRT STATION,weekend_comparison,pt25_walk10,False,25,10,58670.0,58670.0,0,0,58670.0,2240.0,0.14218549305673364,0.14218549305673364,412630.0,332,320,12,0,3,0,0.0,True
NODE_8CB3FF6160F6D312,PUNGGOL COAST MRT STATION,weekend_comparison,pt20_walk5,False,20,5,49360.0,49360.0,0,0,49360.0,2240.0,0.11962290672030633,0.11962290672030633,412630.0,332,320,12,0,3,0,0.0,True
NODE_8CB3FF6160F6D312,PUNGGOL COAST MRT STATION,weekend_comparison,pt20_walk15,False,20,15,49360.0,49360.0,0,0,49360.0,2240.0,0.11962290672030633,0.11962290672030633,412630.0,332,320,12,0,3,0,0.0,True
NODE_8E7540828D98BBC4,CALDECOTT MRT STATION,primary_weekday_after_school,pt20_walk10_primary,True,20,10,18870.0,18870.0,0,0,18870.0,1090.0,0.04573104233817221,0.04573104233817221,412630.0,332,318,12,2,5,0,0.0,True
NODE_8E7540828D98BBC4,CALDECOTT MRT STATION,primary_weekday_after_school,pt15_walk10,False,15,10,6860.0,6860.0,0,0,6860.0,1090.0,0.01662506361631486,0.01662506361631486,412630.0,332,318,12,2,5,0,0.0,True
NODE_8E7540828D98BBC4,CALDECOTT MRT STATION,primary_weekday_after_school,pt25_walk10,False,25,10,30470.0,30470.0,0,0,30470.0,1090.0,0.07384339480890871,0.07384339480890871,412630.0,332,318,12,2,5,0,0.0,True
NODE_8E7540828D98BBC4,CALDECOTT MRT STATION,primary_weekday_after_school,pt20_walk5,False,20,5,18870.0,18870.0,0,0,18870.0,1090.0,0.04573104233817221,0.04573104233817221,412630.0,332,318,12,2,5,0,0.0,True
NODE_8E7540828D98BBC4,CALDECOTT MRT STATION,primary_weekday_after_school,pt20_walk15,False,20,15,18870.0,18870.0,0,0,18870.0,1090.0,0.04573104233817221,0.04573104233817221,412630.0,332,318,12,2,5,0,0.0,True
NODE_8E7540828D98BBC4,CALDECOTT MRT STATION,weekend_comparison,pt20_walk10_primary,True,20,10,17030.0,17030.0,0,0,17030.0,1090.0,0.0412718416014347,0.0412718416014347,412630.0,332,318,12,2,5,0,0.0,True
NODE_8E7540828D98BBC4,CALDECOTT MRT STATION,weekend_comparison,pt15_walk10,False,15,10,6860.0,6860.0,0,0,6860.0,1090.0,0.01662506361631486,0.01662506361631486,412630.0,332,318,12,2,5,0,0.0,True
NODE_8E7540828D98BBC4,CALDECOTT MRT STATION,weekend_comparison,pt25_walk10,False,25,10,28590.0,28590.0,0,0,28590.0,1090.0,0.06928725492572038,0.06928725492572038,412630.0,332,318,12,2,5,0,0.0,True
NODE_8E7540828D98BBC4,CALDECOTT MRT STATION,weekend_comparison,pt20_walk5,False,20,5,17030.0,17030.0,0,0,17030.0,1090.0,0.0412718416014347,0.0412718416014347,412630.0,332,318,12,2,5,0,0.0,True
NODE_8E7540828D98BBC4,CALDECOTT MRT STATION,weekend_comparison,pt20_walk15,False,20,15,17030.0,17030.0,0,0,17030.0,1090.0,0.0412718416014347,0.0412718416014347,412630.0,332,318,12,2,5,0,0.0,True
NODE_8EC6DD271F4C6B99,ORCHARD BOULEVARD MRT STATION,primary_weekday_after_school,pt20_walk10_primary,True,20,10,7870.0,7870.0,0,0,7870.0,1220.0,0.019072777064197948,0.019072777064197948,412630.0,332,320,12,0,3,0,0.0,True
NODE_8EC6DD271F4C6B99,ORCHARD BOULEVARD MRT STATION,primary_weekday_after_school,pt15_walk10,False,15,10,2520.0,2520.0,0,0,2520.0,1220.0,0.006107166226401377,0.006107166226401377,412630.0,332,320,12,0,3,0,0.0,True
NODE_8EC6DD271F4C6B99,ORCHARD BOULEVARD MRT STATION,primary_weekday_after_school,pt25_walk10,False,25,10,11650.0,11650.0,0,0,11650.0,1220.0,0.028233526403800016,0.028233526403800016,412630.0,332,320,12,0,3,0,0.0,True
NODE_8EC6DD271F4C6B99,ORCHARD BOULEVARD MRT STATION,primary_weekday_after_school,pt20_walk5,False,20,5,7870.0,7870.0,0,0,7870.0,1220.0,0.019072777064197948,0.019072777064197948,412630.0,332,320,12,0,3,0,0.0,True
NODE_8EC6DD271F4C6B99,ORCHARD BOULEVARD MRT STATION,primary_weekday_after_school,pt20_walk15,False,20,15,7870.0,7870.0,0,0,7870.0,1220.0,0.019072777064197948,0.019072777064197948,412630.0,332,320,12,0,3,0,0.0,True
NODE_8EC6DD271F4C6B99,ORCHARD BOULEVARD MRT STATION,weekend_comparison,pt20_walk10_primary,True,20,10,7870.0,7870.0,0,0,7870.0,1220.0,0.019072777064197948,0.019072777064197948,412630.0,332,320,12,0,3,0,0.0,True
NODE_8EC6DD271F4C6B99,ORCHARD BOULEVARD MRT STATION,weekend_comparison,pt15_walk10,False,15,10,2520.0,2520.0,0,0,2520.0,1220.0,0.006107166226401377,0.006107166226401377,412630.0,332,320,12,0,3,0,0.0,True
NODE_8EC6DD271F4C6B99,ORCHARD BOULEVARD MRT STATION,weekend_comparison,pt25_walk10,False,25,10,10430.0,10430.0,0,0,10430.0,1220.0,0.025276882437050143,0.025276882437050143,412630.0,332,320,12,0,3,0,0.0,True
NODE_8EC6DD271F4C6B99,ORCHARD BOULEVARD MRT STATION,weekend_comparison,pt20_walk5,False,20,5,7870.0,7870.0,0,0,7870.0,1220.0,0.019072777064197948,0.019072777064197948,412630.0,332,320,12,0,3,0,0.0,True
NODE_8EC6DD271F4C6B99,ORCHARD BOULEVARD MRT STATION,weekend_comparison,pt20_walk15,False,20,15,7870.0,7870.0,0,0,7870.0,1220.0,0.019072777064197948,0.019072777064197948,412630.0,332,320,12,0,3,0,0.0,True
NODE_8EF03DE379A2E0CA,BUONA VISTA MRT STATION,primary_weekday_after_school,pt20_walk10_primary,True,20,10,20830.0,20830.0,0,0,20830.0,1740.0,0.05048106051426217,0.05048106051426217,412630.0,332,318,12,2,5,0,0.0,True
NODE_8EF03DE379A2E0CA,BUONA VISTA MRT STATION,primary_weekday_after_school,pt15_walk10,False,15,10,8570.0,8570.0,0,0,8570.0,1740.0,0.02076921212708722,0.02076921212708722,412630.0,332,318,12,2,5,0,0.0,True
NODE_8EF03DE379A2E0CA,BUONA VISTA MRT STATION,primary_weekday_after_school,pt25_walk10,False,25,10,35920.0,35920.0,0,0,35920.0,1740.0,0.08705135351283232,0.08705135351283232,412630.0,332,318,12,2,5,0,0.0,True
NODE_8EF03DE379A2E0CA,BUONA VISTA MRT STATION,primary_weekday_after_school,pt20_walk5,False,20,5,20830.0,20830.0,0,0,20830.0,1740.0,0.05048106051426217,0.05048106051426217,412630.0,332,318,12,2,5,0,0.0,True
NODE_8EF03DE379A2E0CA,BUONA VISTA MRT STATION,primary_weekday_after_school,pt20_walk15,False,20,15,20830.0,20830.0,0,0,20830.0,1740.0,0.05048106051426217,0.05048106051426217,412630.0,332,318,12,2,5,0,0.0,True
NODE_8EF03DE379A2E0CA,BUONA VISTA MRT STATION,weekend_comparison,pt20_walk10_primary,True,20,10,16990.0,16990.0,0,0,16990.0,1740.0,0.04117490245498388,0.04117490245498388,412630.0,332,320,12,0,3,0,0.0,True
NODE_8EF03DE379A2E0CA,BUONA VISTA MRT STATION,weekend_comparison,pt15_walk10,False,15,10,8570.0,8570.0,0,0,8570.0,1740.0,0.02076921212708722,0.02076921212708722,412630.0,332,320,12,0,3,0,0.0,True
NODE_8EF03DE379A2E0CA,BUONA VISTA MRT STATION,weekend_comparison,pt25_walk10,False,25,10,40590.0,40590.0,0,0,40590.0,1740.0,0.09836899886096503,0.09836899886096503,412630.0,332,320,12,0,3,0,0.0,True
NODE_8EF03DE379A2E0CA,BUONA VISTA MRT STATION,weekend_comparison,pt20_walk5,False,20,5,16990.0,16990.0,0,0,16990.0,1740.0,0.04117490245498388,0.04117490245498388,412630.0,332,320,12,0,3,0,0.0,True
NODE_8EF03DE379A2E0CA,BUONA VISTA MRT STATION,weekend_comparison,pt20_walk15,False,20,15,16990.0,16990.0,0,0,16990.0,1740.0,0.04117490245498388,0.04117490245498388,412630.0,332,320,12,0,3,0,0.0,True
NODE_8F1ED11672151516,TUAS WEST ROAD MRT STATION,primary_weekday_after_school,pt20_walk10_primary,True,20,10,0.0,0.0,0,0,0.0,0.0,0.0,0.0,412630.0,332,317,13,2,6,0,0.0,True
NODE_8F1ED11672151516,TUAS WEST ROAD MRT STATION,primary_weekday_after_school,pt15_walk10,False,15,10,0.0,0.0,0,0,0.0,0.0,0.0,0.0,412630.0,332,317,13,2,6,0,0.0,True
NODE_8F1ED11672151516,TUAS WEST ROAD MRT STATION,primary_weekday_after_school,pt25_walk10,False,25,10,90.0,90.0,0,0,90.0,0.0,0.00021811307951433487,0.00021811307951433487,412630.0,332,317,13,2,6,0,0.0,True
NODE_8F1ED11672151516,TUAS WEST ROAD MRT STATION,primary_weekday_after_school,pt20_walk5,False,20,5,0.0,0.0,0,0,0.0,0.0,0.0,0.0,412630.0,332,317,13,2,6,0,0.0,True
NODE_8F1ED11672151516,TUAS WEST ROAD MRT STATION,primary_weekday_after_school,pt20_walk15,False,20,15,0.0,0.0,0,0,0.0,0.0,0.0,0.0,412630.0,332,317,13,2,6,0,0.0,True
NODE_8F1ED11672151516,TUAS WEST ROAD MRT STATION,weekend_comparison,pt20_walk10_primary,True,20,10,0.0,0.0,0,0,0.0,0.0,0.0,0.0,412630.0,332,319,13,0,4,0,0.0,True
NODE_8F1ED11672151516,TUAS WEST ROAD MRT STATION,weekend_comparison,pt15_walk10,False,15,10,0.0,0.0,0,0,0.0,0.0,0.0,0.0,412630.0,332,319,13,0,4,0,0.0,True
NODE_8F1ED11672151516,TUAS WEST ROAD MRT STATION,weekend_comparison,pt25_walk10,False,25,10,90.0,90.0,0,0,90.0,0.0,0.00021811307951433487,0.00021811307951433487,412630.0,332,319,13,0,4,0,0.0,True
NODE_8F1ED11672151516,TUAS WEST ROAD MRT STATION,weekend_comparison,pt20_walk5,False,20,5,0.0,0.0,0,0,0.0,0.0,0.0,0.0,412630.0,332,319,13,0,4,0,0.0,True
NODE_8F1ED11672151516,TUAS WEST ROAD MRT STATION,weekend_comparison,pt20_walk15,False,20,15,0.0,0.0,0,0,0.0,0.0,0.0,0.0,412630.0,332,319,13,0,4,0,0.0,True
NODE_8F776BF389C3F165,SOMERSET MRT STATION,primary_weekday_after_school,pt20_walk10_primary,True,20,10,12210.0,12210.0,0,0,12210.0,1850.0,0.02959067445411143,0.02959067445411143,412630.0,332,320,12,0,3,0,0.0,True
NODE_8F776BF389C3F165,SOMERSET MRT STATION,primary_weekday_after_school,pt15_walk10,False,15,10,7300.0,7300.0,0,0,7300.0,1850.0,0.017691394227273827,0.017691394227273827,412630.0,332,320,12,0,3,0,0.0,True
NODE_8F776BF389C3F165,SOMERSET MRT STATION,primary_weekday_after_school,pt25_walk10,False,25,10,23250.0,23250.0,0,0,23250.0,1850.0,0.05634587887453651,0.05634587887453651,412630.0,332,320,12,0,3,0,0.0,True
NODE_8F776BF389C3F165,SOMERSET MRT STATION,primary_weekday_after_school,pt20_walk5,False,20,5,12210.0,12210.0,0,0,12210.0,1850.0,0.02959067445411143,0.02959067445411143,412630.0,332,320,12,0,3,0,0.0,True
NODE_8F776BF389C3F165,SOMERSET MRT STATION,primary_weekday_after_school,pt20_walk15,False,20,15,12210.0,12210.0,0,0,12210.0,1850.0,0.02959067445411143,0.02959067445411143,412630.0,332,320,12,0,3,0,0.0,True
NODE_8F776BF389C3F165,SOMERSET MRT STATION,weekend_comparison,pt20_walk10_primary,True,20,10,13120.0,13120.0,0,0,13120.0,1850.0,0.03179604003586749,0.03179604003586749,412630.0,332,320,12,0,3,0,0.0,True
NODE_8F776BF389C3F165,SOMERSET MRT STATION,weekend_comparison,pt15_walk10,False,15,10,7300.0,7300.0,0,0,7300.0,1850.0,0.017691394227273827,0.017691394227273827,412630.0,332,320,12,0,3,0,0.0,True
NODE_8F776BF389C3F165,SOMERSET MRT STATION,weekend_comparison,pt25_walk10,False,25,10,21790.0,21790.0,0,0,21790.0,1850.0,0.05280760002908175,0.05280760002908175,412630.0,332,320,12,0,3,0,0.0,True
NODE_8F776BF389C3F165,SOMERSET MRT STATION,weekend_comparison,pt20_walk5,False,20,5,13120.0,13120.0,0,0,13120.0,1850.0,0.03179604003586749,0.03179604003586749,412630.0,332,320,12,0,3,0,0.0,True
NODE_8F776BF389C3F165,SOMERSET MRT STATION,weekend_comparison,pt20_walk15,False,20,15,13120.0,13120.0,0,0,13120.0,1850.0,0.03179604003586749,0.03179604003586749,412630.0,332,320,12,0,3,0,0.0,True
NODE_8F8AD9BDA5A118B4,FARRER PARK MRT STATION,primary_weekday_after_school,pt20_walk10_primary,True,20,10,15940.0,15940.0,0,0,15940.0,2150.0,0.03863024986064998,0.03863024986064998,412630.0,332,320,12,0,3,0,0.0,True
NODE_8F8AD9BDA5A118B4,FARRER PARK MRT STATION,primary_weekday_after_school,pt15_walk10,False,15,10,2530.0,2530.0,0,0,2530.0,2150.0,0.00613140101301408,0.00613140101301408,412630.0,332,320,12,0,3,0,0.0,True
NODE_8F8AD9BDA5A118B4,FARRER PARK MRT STATION,primary_weekday_after_school,pt25_walk10,False,25,10,28890.0,28890.0,0,0,28890.0,2150.0,0.0700142985241015,0.0700142985241015,412630.0,332,320,12,0,3,0,0.0,True
NODE_8F8AD9BDA5A118B4,FARRER PARK MRT STATION,primary_weekday_after_school,pt20_walk5,False,20,5,15940.0,15940.0,0,0,15940.0,2150.0,0.03863024986064998,0.03863024986064998,412630.0,332,320,12,0,3,0,0.0,True
NODE_8F8AD9BDA5A118B4,FARRER PARK MRT STATION,primary_weekday_after_school,pt20_walk15,False,20,15,15940.0,15940.0,0,0,15940.0,2150.0,0.03863024986064998,0.03863024986064998,412630.0,332,320,12,0,3,0,0.0,True
NODE_8F8AD9BDA5A118B4,FARRER PARK MRT STATION,weekend_comparison,pt20_walk10_primary,True,20,10,14660.0,14660.0,0,0,14660.0,2150.0,0.03552819717422388,0.03552819717422388,412630.0,332,318,12,2,5,0,0.0,True
NODE_8F8AD9BDA5A118B4,FARRER PARK MRT STATION,weekend_comparison,pt15_walk10,False,15,10,2530.0,2530.0,0,0,2530.0,2150.0,0.00613140101301408,0.00613140101301408,412630.0,332,318,12,2,5,0,0.0,True
NODE_8F8AD9BDA5A118B4,FARRER PARK MRT STATION,weekend_comparison,pt25_walk10,False,25,10,28260.0,28260.0,0,0,28260.0,2150.0,0.06848750696750115,0.06848750696750115,412630.0,332,318,12,2,5,0,0.0,True
NODE_8F8AD9BDA5A118B4,FARRER PARK MRT STATION,weekend_comparison,pt20_walk5,False,20,5,14660.0,14660.0,0,0,14660.0,2150.0,0.03552819717422388,0.03552819717422388,412630.0,332,318,12,2,5,0,0.0,True
NODE_8F8AD9BDA5A118B4,FARRER PARK MRT STATION,weekend_comparison,pt20_walk15,False,20,15,14660.0,14660.0,0,0,14660.0,2150.0,0.03552819717422388,0.03552819717422388,412630.0,332,318,12,2,5,0,0.0,True
NODE_92938F07E358380B,PASIR PANJANG MRT STATION,primary_weekday_after_school,pt20_walk10_primary,True,20,10,5020.0,5020.0,0,0,5020.0,360.0,0.012165862879577344,0.012165862879577344,412630.0,332,319,12,1,4,0,0.0,True
NODE_92938F07E358380B,PASIR PANJANG MRT STATION,primary_weekday_after_school,pt15_walk10,False,15,10,1530.0,1530.0,0,0,1530.0,360.0,0.003707922351743693,0.003707922351743693,412630.0,332,319,12,1,4,0,0.0,True
NODE_92938F07E358380B,PASIR PANJANG MRT STATION,primary_weekday_after_school,pt25_walk10,False,25,10,10640.0,10640.0,0,0,10640.0,360.0,0.025785812955916924,0.025785812955916924,412630.0,332,319,12,1,4,0,0.0,True
NODE_92938F07E358380B,PASIR PANJANG MRT STATION,primary_weekday_after_school,pt20_walk5,False,20,5,5020.0,5020.0,0,0,5020.0,360.0,0.012165862879577344,0.012165862879577344,412630.0,332,319,12,1,4,0,0.0,True
NODE_92938F07E358380B,PASIR PANJANG MRT STATION,primary_weekday_after_school,pt20_walk15,False,20,15,5020.0,5020.0,0,0,5020.0,360.0,0.012165862879577344,0.012165862879577344,412630.0,332,319,12,1,4,0,0.0,True
NODE_92938F07E358380B,PASIR PANJANG MRT STATION,weekend_comparison,pt20_walk10_primary,True,20,10,5360.0,5360.0,0,0,5360.0,360.0,0.012989845624409278,0.012989845624409278,412630.0,332,317,12,3,6,0,0.0,True
NODE_92938F07E358380B,PASIR PANJANG MRT STATION,weekend_comparison,pt15_walk10,False,15,10,1530.0,1530.0,0,0,1530.0,360.0,0.003707922351743693,0.003707922351743693,412630.0,332,317,12,3,6,0,0.0,True
NODE_92938F07E358380B,PASIR PANJANG MRT STATION,weekend_comparison,pt25_walk10,False,25,10,11390.0,11390.0,0,0,11390.0,360.0,0.027603421951869715,0.027603421951869715,412630.0,332,317,12,3,6,0,0.0,True
NODE_92938F07E358380B,PASIR PANJANG MRT STATION,weekend_comparison,pt20_walk5,False,20,5,5360.0,5360.0,0,0,5360.0,360.0,0.012989845624409278,0.012989845624409278,412630.0,332,317,12,3,6,0,0.0,True
NODE_92938F07E358380B,PASIR PANJANG MRT STATION,weekend_comparison,pt20_walk15,False,20,15,5360.0,5360.0,0,0,5360.0,360.0,0.012989845624409278,0.012989845624409278,412630.0,332,317,12,3,6,0,0.0,True
NODE_96B8559671B5A65F,LAVENDER MRT STATION,primary_weekday_after_school,pt20_walk10_primary,True,20,10,10960.0,10960.0,0,0,10960.0,1350.0,0.026561326127523446,0.026561326127523446,412630.0,332,318,12,2,5,0,0.0,True
NODE_96B8559671B5A65F,LAVENDER MRT STATION,primary_weekday_after_school,pt15_walk10,False,15,10,6210.0,6210.0,0,0,6210.0,1350.0,0.015049802486489107,0.015049802486489107,412630.0,332,318,12,2,5,0,0.0,True
NODE_96B8559671B5A65F,LAVENDER MRT STATION,primary_weekday_after_school,pt25_walk10,False,25,10,34970.0,34970.0,0,0,34970.0,1350.0,0.08474904878462546,0.08474904878462546,412630.0,332,318,12,2,5,0,0.0,True
NODE_96B8559671B5A65F,LAVENDER MRT STATION,primary_weekday_after_school,pt20_walk5,False,20,5,10960.0,10960.0,0,0,10960.0,1350.0,0.026561326127523446,0.026561326127523446,412630.0,332,318,12,2,5,0,0.0,True
NODE_96B8559671B5A65F,LAVENDER MRT STATION,primary_weekday_after_school,pt20_walk15,False,20,15,10960.0,10960.0,0,0,10960.0,1350.0,0.026561326127523446,0.026561326127523446,412630.0,332,318,12,2,5,0,0.0,True
NODE_96B8559671B5A65F,LAVENDER MRT STATION,weekend_comparison,pt20_walk10_primary,True,20,10,12810.0,12810.0,0,0,12810.0,1350.0,0.031044761650873665,0.031044761650873665,412630.0,332,320,12,0,3,0,0.0,True
NODE_96B8559671B5A65F,LAVENDER MRT STATION,weekend_comparison,pt15_walk10,False,15,10,5620.0,5620.0,0,0,5620.0,1350.0,0.013619950076339577,0.013619950076339577,412630.0,332,320,12,0,3,0,0.0,True
NODE_96B8559671B5A65F,LAVENDER MRT STATION,weekend_comparison,pt25_walk10,False,25,10,42050.0,42050.0,0,0,42050.0,1350.0,0.10190727770641979,0.10190727770641979,412630.0,332,320,12,0,3,0,0.0,True
NODE_96B8559671B5A65F,LAVENDER MRT STATION,weekend_comparison,pt20_walk5,False,20,5,12810.0,12810.0,0,0,12810.0,1350.0,0.031044761650873665,0.031044761650873665,412630.0,332,320,12,0,3,0,0.0,True
NODE_96B8559671B5A65F,LAVENDER MRT STATION,weekend_comparison,pt20_walk15,False,20,15,12810.0,12810.0,0,0,12810.0,1350.0,0.031044761650873665,0.031044761650873665,412630.0,332,320,12,0,3,0,0.0,True
NODE_9907418DA96ADF8C,ESPLANADE MRT STATION,primary_weekday_after_school,pt20_walk10_primary,True,20,10,3200.0,3200.0,0,0,3200.0,170.0,0.00775513171606524,0.00775513171606524,412630.0,332,318,12,2,5,0,0.0,True
NODE_9907418DA96ADF8C,ESPLANADE MRT STATION,primary_weekday_after_school,pt15_walk10,False,15,10,1900.0,1900.0,0,0,1900.0,170.0,0.004604609456413737,0.004604609456413737,412630.0,332,318,12,2,5,0,0.0,True
NODE_9907418DA96ADF8C,ESPLANADE MRT STATION,primary_weekday_after_school,pt25_walk10,False,25,10,25530.0,25530.0,0,0,25530.0,170.0,0.06187141022223299,0.06187141022223299,412630.0,332,318,12,2,5,0,0.0,True
NODE_9907418DA96ADF8C,ESPLANADE MRT STATION,primary_weekday_after_school,pt20_walk5,False,20,5,3200.0,3200.0,0,0,3200.0,170.0,0.00775513171606524,0.00775513171606524,412630.0,332,318,12,2,5,0,0.0,True
NODE_9907418DA96ADF8C,ESPLANADE MRT STATION,primary_weekday_after_school,pt20_walk15,False,20,15,3200.0,3200.0,0,0,3200.0,170.0,0.00775513171606524,0.00775513171606524,412630.0,332,318,12,2,5,0,0.0,True
NODE_9907418DA96ADF8C,ESPLANADE MRT STATION,weekend_comparison,pt20_walk10_primary,True,20,10,5220.0,5220.0,0,0,5220.0,170.0,0.012650558611831423,0.012650558611831423,412630.0,332,320,12,0,3,0,0.0,True
NODE_9907418DA96ADF8C,ESPLANADE MRT STATION,weekend_comparison,pt15_walk10,False,15,10,1760.0,1760.0,0,0,1760.0,170.0,0.004265322443835882,0.004265322443835882,412630.0,332,320,12,0,3,0,0.0,True
NODE_9907418DA96ADF8C,ESPLANADE MRT STATION,weekend_comparison,pt25_walk10,False,25,10,26590.0,26590.0,0,0,26590.0,170.0,0.0644402976031796,0.0644402976031796,412630.0,332,320,12,0,3,0,0.0,True
NODE_9907418DA96ADF8C,ESPLANADE MRT STATION,weekend_comparison,pt20_walk5,False,20,5,5220.0,5220.0,0,0,5220.0,170.0,0.012650558611831423,0.012650558611831423,412630.0,332,320,12,0,3,0,0.0,True
NODE_9907418DA96ADF8C,ESPLANADE MRT STATION,weekend_comparison,pt20_walk15,False,20,15,5220.0,5220.0,0,0,5220.0,170.0,0.012650558611831423,0.012650558611831423,412630.0,332,320,12,0,3,0,0.0,True
NODE_990F7527815E4647,UPPER THOMSON MRT STATION,primary_weekday_after_school,pt20_walk10_primary,True,20,10,12160.0,12160.0,0,0,12160.0,3160.0,0.029469500521047912,0.029469500521047912,412630.0,332,318,12,2,5,0,0.0,True
NODE_990F7527815E4647,UPPER THOMSON MRT STATION,primary_weekday_after_school,pt15_walk10,False,15,10,4250.0,4250.0,0,0,4250.0,3160.0,0.010299784310399147,0.010299784310399147,412630.0,332,318,12,2,5,0,0.0,True
NODE_990F7527815E4647,UPPER THOMSON MRT STATION,primary_weekday_after_school,pt25_walk10,False,25,10,26770.0,26770.0,0,0,26770.0,3160.0,0.06487652376220827,0.06487652376220827,412630.0,332,318,12,2,5,0,0.0,True
NODE_990F7527815E4647,UPPER THOMSON MRT STATION,primary_weekday_after_school,pt20_walk5,False,20,5,12160.0,12160.0,0,0,12160.0,3160.0,0.029469500521047912,0.029469500521047912,412630.0,332,318,12,2,5,0,0.0,True
NODE_990F7527815E4647,UPPER THOMSON MRT STATION,primary_weekday_after_school,pt20_walk15,False,20,15,12160.0,12160.0,0,0,12160.0,3160.0,0.029469500521047912,0.029469500521047912,412630.0,332,318,12,2,5,0,0.0,True
NODE_990F7527815E4647,UPPER THOMSON MRT STATION,weekend_comparison,pt20_walk10_primary,True,20,10,9550.0,9550.0,0,0,9550.0,3160.0,0.0231442212151322,0.0231442212151322,412630.0,332,318,12,2,5,0,0.0,True
NODE_990F7527815E4647,UPPER THOMSON MRT STATION,weekend_comparison,pt15_walk10,False,15,10,4250.0,4250.0,0,0,4250.0,3160.0,0.010299784310399147,0.010299784310399147,412630.0,332,318,12,2,5,0,0.0,True
NODE_990F7527815E4647,UPPER THOMSON MRT STATION,weekend_comparison,pt25_walk10,False,25,10,22510.0,22510.0,0,0,22510.0,3160.0,0.05455250466519642,0.05455250466519642,412630.0,332,318,12,2,5,0,0.0,True
NODE_990F7527815E4647,UPPER THOMSON MRT STATION,weekend_comparison,pt20_walk5,False,20,5,9550.0,9550.0,0,0,9550.0,3160.0,0.0231442212151322,0.0231442212151322,412630.0,332,318,12,2,5,0,0.0,True
NODE_990F7527815E4647,UPPER THOMSON MRT STATION,weekend_comparison,pt20_walk15,False,20,15,9550.0,9550.0,0,0,9550.0,3160.0,0.0231442212151322,0.0231442212151322,412630.0,332,318,12,2,5,0,0.0,True
NODE_9A9CEAAC0371080F,CASHEW MRT STATION,primary_weekday_after_school,pt20_walk10_primary,True,20,10,12410.0,12410.0,0,0,12410.0,3330.0,0.03007537018636551,0.03007537018636551,412630.0,332,318,13,1,5,0,0.0,True
NODE_9A9CEAAC0371080F,CASHEW MRT STATION,primary_weekday_after_school,pt15_walk10,False,15,10,3990.0,3990.0,0,0,3990.0,3330.0,0.009669679858468847,0.009669679858468847,412630.0,332,318,13,1,5,0,0.0,True
NODE_9A9CEAAC0371080F,CASHEW MRT STATION,primary_weekday_after_school,pt25_walk10,False,25,10,23780.0,23780.0,0,0,23780.0,3330.0,0.057630322565009814,0.057630322565009814,412630.0,332,318,13,1,5,0,0.0,True
NODE_9A9CEAAC0371080F,CASHEW MRT STATION,primary_weekday_after_school,pt20_walk5,False,20,5,12410.0,12410.0,0,0,12410.0,3330.0,0.03007537018636551,0.03007537018636551,412630.0,332,318,13,1,5,0,0.0,True
NODE_9A9CEAAC0371080F,CASHEW MRT STATION,primary_weekday_after_school,pt20_walk15,False,20,15,12410.0,12410.0,0,0,12410.0,3330.0,0.03007537018636551,0.03007537018636551,412630.0,332,318,13,1,5,0,0.0,True
NODE_9A9CEAAC0371080F,CASHEW MRT STATION,weekend_comparison,pt20_walk10_primary,True,20,10,12410.0,12410.0,0,0,12410.0,3330.0,0.03007537018636551,0.03007537018636551,412630.0,332,318,13,1,5,0,0.0,True
NODE_9A9CEAAC0371080F,CASHEW MRT STATION,weekend_comparison,pt15_walk10,False,15,10,3990.0,3990.0,0,0,3990.0,3330.0,0.009669679858468847,0.009669679858468847,412630.0,332,318,13,1,5,0,0.0,True
NODE_9A9CEAAC0371080F,CASHEW MRT STATION,weekend_comparison,pt25_walk10,False,25,10,23780.0,23780.0,0,0,23780.0,3330.0,0.057630322565009814,0.057630322565009814,412630.0,332,318,13,1,5,0,0.0,True
NODE_9A9CEAAC0371080F,CASHEW MRT STATION,weekend_comparison,pt20_walk5,False,20,5,12410.0,12410.0,0,0,12410.0,3330.0,0.03007537018636551,0.03007537018636551,412630.0,332,318,13,1,5,0,0.0,True
NODE_9A9CEAAC0371080F,CASHEW MRT STATION,weekend_comparison,pt20_walk15,False,20,15,12410.0,12410.0,0,0,12410.0,3330.0,0.03007537018636551,0.03007537018636551,412630.0,332,318,13,1,5,0,0.0,True
NODE_9B9F1BA40A1694BF,LORONG CHUAN MRT STATION,primary_weekday_after_school,pt20_walk10_primary,True,20,10,17890.0,17890.0,0,0,17890.0,2380.0,0.043356033250127234,0.043356033250127234,412630.0,332,319,13,0,4,0,0.0,True
NODE_9B9F1BA40A1694BF,LORONG CHUAN MRT STATION,primary_weekday_after_school,pt15_walk10,False,15,10,4570.0,4570.0,0,0,4570.0,2380.0,0.011075297482005671,0.011075297482005671,412630.0,332,319,13,0,4,0,0.0,True
NODE_9B9F1BA40A1694BF,LORONG CHUAN MRT STATION,primary_weekday_after_school,pt25_walk10,False,25,10,57690.0,57690.0,0,0,57690.0,2380.0,0.13981048396868864,0.13981048396868864,412630.0,332,319,13,0,4,0,0.0,True
NODE_9B9F1BA40A1694BF,LORONG CHUAN MRT STATION,primary_weekday_after_school,pt20_walk5,False,20,5,17890.0,17890.0,0,0,17890.0,2380.0,0.043356033250127234,0.043356033250127234,412630.0,332,319,13,0,4,0,0.0,True
NODE_9B9F1BA40A1694BF,LORONG CHUAN MRT STATION,primary_weekday_after_school,pt20_walk15,False,20,15,17890.0,17890.0,0,0,17890.0,2380.0,0.043356033250127234,0.043356033250127234,412630.0,332,319,13,0,4,0,0.0,True
NODE_9B9F1BA40A1694BF,LORONG CHUAN MRT STATION,weekend_comparison,pt20_walk10_primary,True,20,10,15160.0,15160.0,0,0,15160.0,2380.0,0.03673993650485907,0.03673993650485907,412630.0,332,318,12,2,5,0,0.0,True
NODE_9B9F1BA40A1694BF,LORONG CHUAN MRT STATION,weekend_comparison,pt15_walk10,False,15,10,4570.0,4570.0,0,0,4570.0,2380.0,0.011075297482005671,0.011075297482005671,412630.0,332,318,12,2,5,0,0.0,True
NODE_9B9F1BA40A1694BF,LORONG CHUAN MRT STATION,weekend_comparison,pt25_walk10,False,25,10,60000.0,60000.0,0,0,60000.0,2380.0,0.14540871967622326,0.14540871967622326,412630.0,332,318,12,2,5,0,0.0,True
NODE_9B9F1BA40A1694BF,LORONG CHUAN MRT STATION,weekend_comparison,pt20_walk5,False,20,5,15160.0,15160.0,0,0,15160.0,2380.0,0.03673993650485907,0.03673993650485907,412630.0,332,318,12,2,5,0,0.0,True
NODE_9B9F1BA40A1694BF,LORONG CHUAN MRT STATION,weekend_comparison,pt20_walk15,False,20,15,15160.0,15160.0,0,0,15160.0,2380.0,0.03673993650485907,0.03673993650485907,412630.0,332,318,12,2,5,0,0.0,True
NODE_A81D7BFC3A36F6C0,WOODLANDS NORTH MRT STATION,primary_weekday_after_school,pt20_walk10_primary,True,20,10,6720.0,6720.0,0,0,6720.0,720.0,0.016285776603737003,0.016285776603737003,412630.0,332,318,12,2,5,0,0.0,True
NODE_A81D7BFC3A36F6C0,WOODLANDS NORTH MRT STATION,primary_weekday_after_school,pt15_walk10,False,15,10,0.0,0.0,0,0,0.0,720.0,0.0,0.0,412630.0,332,318,12,2,5,0,0.0,True
NODE_A81D7BFC3A36F6C0,WOODLANDS NORTH MRT STATION,primary_weekday_after_school,pt25_walk10,False,25,10,13240.0,13240.0,0,0,13240.0,720.0,0.03208685747521993,0.03208685747521993,412630.0,332,318,12,2,5,0,0.0,True
NODE_A81D7BFC3A36F6C0,WOODLANDS NORTH MRT STATION,primary_weekday_after_school,pt20_walk5,False,20,5,6720.0,6720.0,0,0,6720.0,720.0,0.016285776603737003,0.016285776603737003,412630.0,332,318,12,2,5,0,0.0,True
NODE_A81D7BFC3A36F6C0,WOODLANDS NORTH MRT STATION,primary_weekday_after_school,pt20_walk15,False,20,15,6720.0,6720.0,0,0,6720.0,720.0,0.016285776603737003,0.016285776603737003,412630.0,332,318,12,2,5,0,0.0,True
NODE_A81D7BFC3A36F6C0,WOODLANDS NORTH MRT STATION,weekend_comparison,pt20_walk10_primary,True,20,10,6720.0,6720.0,0,0,6720.0,720.0,0.016285776603737003,0.016285776603737003,412630.0,332,319,12,1,4,0,0.0,True
NODE_A81D7BFC3A36F6C0,WOODLANDS NORTH MRT STATION,weekend_comparison,pt15_walk10,False,15,10,0.0,0.0,0,0,0.0,720.0,0.0,0.0,412630.0,332,319,12,1,4,0,0.0,True
NODE_A81D7BFC3A36F6C0,WOODLANDS NORTH MRT STATION,weekend_comparison,pt25_walk10,False,25,10,8370.0,8370.0,0,0,8370.0,720.0,0.020284516394833144,0.020284516394833144,412630.0,332,319,12,1,4,0,0.0,True
NODE_A81D7BFC3A36F6C0,WOODLANDS NORTH MRT STATION,weekend_comparison,pt20_walk5,False,20,5,6720.0,6720.0,0,0,6720.0,720.0,0.016285776603737003,0.016285776603737003,412630.0,332,319,12,1,4,0,0.0,True
NODE_A81D7BFC3A36F6C0,WOODLANDS NORTH MRT STATION,weekend_comparison,pt20_walk15,False,20,15,6720.0,6720.0,0,0,6720.0,720.0,0.016285776603737003,0.016285776603737003,412630.0,332,319,12,1,4,0,0.0,True
NODE_A92A6967C319951D,GARDENS BY THE BAY MRT STATION,primary_weekday_after_school,pt20_walk10_primary,True,20,10,5280.0,5280.0,0,0,5280.0,0.0,0.012795967331507646,0.012795967331507646,412630.0,332,317,12,3,6,0,0.0,True
NODE_A92A6967C319951D,GARDENS BY THE BAY MRT STATION,primary_weekday_after_school,pt15_walk10,False,15,10,1010.0,1010.0,0,0,1010.0,0.0,0.0024477134478830915,0.0024477134478830915,412630.0,332,317,12,3,6,0,0.0,True
NODE_A92A6967C319951D,GARDENS BY THE BAY MRT STATION,primary_weekday_after_school,pt25_walk10,False,25,10,9130.0,9130.0,0,0,9130.0,0.0,0.02212636017739864,0.02212636017739864,412630.0,332,317,12,3,6,0,0.0,True
NODE_A92A6967C319951D,GARDENS BY THE BAY MRT STATION,primary_weekday_after_school,pt20_walk5,False,20,5,5280.0,5280.0,0,0,5280.0,0.0,0.012795967331507646,0.012795967331507646,412630.0,332,317,12,3,6,0,0.0,True
NODE_A92A6967C319951D,GARDENS BY THE BAY MRT STATION,primary_weekday_after_school,pt20_walk15,False,20,15,5280.0,5280.0,0,0,5280.0,0.0,0.012795967331507646,0.012795967331507646,412630.0,332,317,12,3,6,0,0.0,True
NODE_A92A6967C319951D,GARDENS BY THE BAY MRT STATION,weekend_comparison,pt20_walk10_primary,True,20,10,5580.0,5580.0,0,0,5580.0,0.0,0.013523010929888762,0.013523010929888762,412630.0,332,316,13,3,7,0,0.0,True
NODE_A92A6967C319951D,GARDENS BY THE BAY MRT STATION,weekend_comparison,pt15_walk10,False,15,10,1010.0,1010.0,0,0,1010.0,0.0,0.0024477134478830915,0.0024477134478830915,412630.0,332,316,13,3,7,0,0.0,True
NODE_A92A6967C319951D,GARDENS BY THE BAY MRT STATION,weekend_comparison,pt25_walk10,False,25,10,9650.0,9650.0,0,0,9650.0,0.0,0.02338656908125924,0.02338656908125924,412630.0,332,316,13,3,7,0,0.0,True
NODE_A92A6967C319951D,GARDENS BY THE BAY MRT STATION,weekend_comparison,pt20_walk5,False,20,5,5580.0,5580.0,0,0,5580.0,0.0,0.013523010929888762,0.013523010929888762,412630.0,332,316,13,3,7,0,0.0,True
NODE_A92A6967C319951D,GARDENS BY THE BAY MRT STATION,weekend_comparison,pt20_walk15,False,20,15,5580.0,5580.0,0,0,5580.0,0.0,0.013523010929888762,0.013523010929888762,412630.0,332,316,13,3,7,0,0.0,True
NODE_A9481C2CB0BB8018,BAYFRONT MRT STATION,primary_weekday_after_school,pt20_walk10_primary,True,20,10,3050.0,3050.0,0,0,3050.0,0.0,0.007391609916874682,0.007391609916874682,412630.0,332,317,12,3,6,0,0.0,True
NODE_A9481C2CB0BB8018,BAYFRONT MRT STATION,primary_weekday_after_school,pt15_walk10,False,15,10,1490.0,1490.0,0,0,1490.0,0.0,0.0036109832052928772,0.0036109832052928772,412630.0,332,317,12,3,6,0,0.0,True
NODE_A9481C2CB0BB8018,BAYFRONT MRT STATION,primary_weekday_after_school,pt25_walk10,False,25,10,10640.0,10640.0,0,0,10640.0,0.0,0.025785812955916924,0.025785812955916924,412630.0,332,317,12,3,6,0,0.0,True
NODE_A9481C2CB0BB8018,BAYFRONT MRT STATION,primary_weekday_after_school,pt20_walk5,False,20,5,3050.0,3050.0,0,0,3050.0,0.0,0.007391609916874682,0.007391609916874682,412630.0,332,317,12,3,6,0,0.0,True
NODE_A9481C2CB0BB8018,BAYFRONT MRT STATION,primary_weekday_after_school,pt20_walk15,False,20,15,3050.0,3050.0,0,0,3050.0,0.0,0.007391609916874682,0.007391609916874682,412630.0,332,317,12,3,6,0,0.0,True
NODE_A9481C2CB0BB8018,BAYFRONT MRT STATION,weekend_comparison,pt20_walk10_primary,True,20,10,2380.0,2380.0,0,0,2380.0,0.0,0.005767879213823522,0.005767879213823522,412630.0,332,313,12,7,10,0,0.0,True
NODE_A9481C2CB0BB8018,BAYFRONT MRT STATION,weekend_comparison,pt15_walk10,False,15,10,1490.0,1490.0,0,0,1490.0,0.0,0.0036109832052928772,0.0036109832052928772,412630.0,332,313,12,7,10,0,0.0,True
NODE_A9481C2CB0BB8018,BAYFRONT MRT STATION,weekend_comparison,pt25_walk10,False,25,10,11150.0,11150.0,0,0,11150.0,0.0,0.02702178707316482,0.02702178707316482,412630.0,332,313,12,7,10,0,0.0,True
NODE_A9481C2CB0BB8018,BAYFRONT MRT STATION,weekend_comparison,pt20_walk5,False,20,5,2380.0,2380.0,0,0,2380.0,0.0,0.005767879213823522,0.005767879213823522,412630.0,332,313,12,7,10,0,0.0,True
NODE_A9481C2CB0BB8018,BAYFRONT MRT STATION,weekend_comparison,pt20_walk15,False,20,15,2380.0,2380.0,0,0,2380.0,0.0,0.005767879213823522,0.005767879213823522,412630.0,332,313,12,7,10,0,0.0,True
NODE_AAE79EF702E59084,BENDEMEER MRT STATION,primary_weekday_after_school,pt20_walk10_primary,True,20,10,22570.0,22570.0,0,0,22570.0,860.0,0.05469791338487265,0.05469791338487265,412630.0,332,317,12,3,6,0,0.0,True
NODE_AAE79EF702E59084,BENDEMEER MRT STATION,primary_weekday_after_school,pt15_walk10,False,15,10,7680.0,7680.0,0,0,7680.0,860.0,0.018612316118556575,0.018612316118556575,412630.0,332,317,12,3,6,0,0.0,True
NODE_AAE79EF702E59084,BENDEMEER MRT STATION,primary_weekday_after_school,pt25_walk10,False,25,10,35690.0,35690.0,0,0,35690.0,860.0,0.08649395342074014,0.08649395342074014,412630.0,332,317,12,3,6,0,0.0,True
NODE_AAE79EF702E59084,BENDEMEER MRT STATION,primary_weekday_after_school,pt20_walk5,False,20,5,22570.0,22570.0,0,0,22570.0,860.0,0.05469791338487265,0.05469791338487265,412630.0,332,317,12,3,6,0,0.0,True
NODE_AAE79EF702E59084,BENDEMEER MRT STATION,primary_weekday_after_school,pt20_walk15,False,20,15,22570.0,22570.0,0,0,22570.0,860.0,0.05469791338487265,0.05469791338487265,412630.0,332,317,12,3,6,0,0.0,True
NODE_AAE79EF702E59084,BENDEMEER MRT STATION,weekend_comparison,pt20_walk10_primary,True,20,10,22750.0,22750.0,0,0,22750.0,860.0,0.05513413954390132,0.05513413954390132,412630.0,332,318,12,2,5,0,0.0,True
NODE_AAE79EF702E59084,BENDEMEER MRT STATION,weekend_comparison,pt15_walk10,False,15,10,6600.0,6600.0,0,0,6600.0,860.0,0.015994959164384558,0.015994959164384558,412630.0,332,318,12,2,5,0,0.0,True
NODE_AAE79EF702E59084,BENDEMEER MRT STATION,weekend_comparison,pt25_walk10,False,25,10,37420.0,37420.0,0,0,37420.0,860.0,0.0906865715047379,0.0906865715047379,412630.0,332,318,12,2,5,0,0.0,True
NODE_AAE79EF702E59084,BENDEMEER MRT STATION,weekend_comparison,pt20_walk5,False,20,5,22750.0,22750.0,0,0,22750.0,860.0,0.05513413954390132,0.05513413954390132,412630.0,332,318,12,2,5,0,0.0,True
NODE_AAE79EF702E59084,BENDEMEER MRT STATION,weekend_comparison,pt20_walk15,False,20,15,22750.0,22750.0,0,0,22750.0,860.0,0.05513413954390132,0.05513413954390132,412630.0,332,318,12,2,5,0,0.0,True
NODE_AD32EA29BACC67AC,MOUNTBATTEN MRT STATION,primary_weekday_after_school,pt20_walk10_primary,True,20,10,12770.0,12770.0,0,0,12770.0,0,0.030947822504422847,0.030947822504422847,412630.0,332,319,12,1,4,0,0.0,True
NODE_AD32EA29BACC67AC,MOUNTBATTEN MRT STATION,primary_weekday_after_school,pt15_walk10,False,15,10,6390.0,6390.0,0,0,6390.0,0,0.015486028645517777,0.015486028645517777,412630.0,332,319,12,1,4,0,0.0,True
NODE_AD32EA29BACC67AC,MOUNTBATTEN MRT STATION,primary_weekday_after_school,pt25_walk10,False,25,10,15800.0,15800.0,0,0,15800.0,0,0.038290962848072124,0.038290962848072124,412630.0,332,319,12,1,4,0,0.0,True
NODE_AD32EA29BACC67AC,MOUNTBATTEN MRT STATION,primary_weekday_after_school,pt20_walk5,False,20,5,12770.0,12770.0,0,0,12770.0,0,0.030947822504422847,0.030947822504422847,412630.0,332,319,12,1,4,0,0.0,True
NODE_AD32EA29BACC67AC,MOUNTBATTEN MRT STATION,primary_weekday_after_school,pt20_walk15,False,20,15,12770.0,12770.0,0,0,12770.0,0,0.030947822504422847,0.030947822504422847,412630.0,332,319,12,1,4,0,0.0,True
NODE_AD32EA29BACC67AC,MOUNTBATTEN MRT STATION,weekend_comparison,pt20_walk10_primary,True,20,10,12770.0,12770.0,0,0,12770.0,0,0.030947822504422847,0.030947822504422847,412630.0,332,320,12,0,3,0,0.0,True
NODE_AD32EA29BACC67AC,MOUNTBATTEN MRT STATION,weekend_comparison,pt15_walk10,False,15,10,6390.0,6390.0,0,0,6390.0,0,0.015486028645517777,0.015486028645517777,412630.0,332,320,12,0,3,0,0.0,True
NODE_AD32EA29BACC67AC,MOUNTBATTEN MRT STATION,weekend_comparison,pt25_walk10,False,25,10,16020.0,16020.0,0,0,16020.0,0,0.03882412815355161,0.03882412815355161,412630.0,332,320,12,0,3,0,0.0,True
NODE_AD32EA29BACC67AC,MOUNTBATTEN MRT STATION,weekend_comparison,pt20_walk5,False,20,5,12770.0,12770.0,0,0,12770.0,0,0.030947822504422847,0.030947822504422847,412630.0,332,320,12,0,3,0,0.0,True
NODE_AD32EA29BACC67AC,MOUNTBATTEN MRT STATION,weekend_comparison,pt20_walk15,False,20,15,12770.0,12770.0,0,0,12770.0,0,0.030947822504422847,0.030947822504422847,412630.0,332,320,12,0,3,0,0.0,True
NODE_AF50EA7BD5A9B213,TIONG BAHRU MRT STATION,primary_weekday_after_school,pt20_walk10_primary,True,20,10,16800.0,15550.0,1250.0,0,16800.0,4050.0,0.04071444150934251,0.04071444150934251,412630.0,332,318,12,2,5,0,0.0,True
NODE_AF50EA7BD5A9B213,TIONG BAHRU MRT STATION,primary_weekday_after_school,pt15_walk10,False,15,10,9820.0,8570.0,1250.0,0,9820.0,4050.0,0.023798560453675205,0.023798560453675205,412630.0,332,318,12,2,5,0,0.0,True
NODE_AF50EA7BD5A9B213,TIONG BAHRU MRT STATION,primary_weekday_after_school,pt25_walk10,False,25,10,29790.0,28540.0,1250.0,0,29790.0,4050.0,0.07219542931924484,0.07219542931924484,412630.0,332,318,12,2,5,0,0.0,True
NODE_AF50EA7BD5A9B213,TIONG BAHRU MRT STATION,primary_weekday_after_school,pt20_walk5,False,20,5,16800.0,15550.0,1250.0,0,16800.0,4050.0,0.04071444150934251,0.04071444150934251,412630.0,332,318,12,2,5,0,0.0,True
NODE_AF50EA7BD5A9B213,TIONG BAHRU MRT STATION,primary_weekday_after_school,pt20_walk15,False,20,15,16800.0,15550.0,1250.0,0,16800.0,4050.0,0.04071444150934251,0.04071444150934251,412630.0,332,318,12,2,5,0,0.0,True
NODE_AF50EA7BD5A9B213,TIONG BAHRU MRT STATION,weekend_comparison,pt20_walk10_primary,True,20,10,16740.0,15490.0,1250.0,0,16740.0,4050.0,0.04056903278966629,0.04056903278966629,412630.0,332,320,12,0,3,0,0.0,True
NODE_AF50EA7BD5A9B213,TIONG BAHRU MRT STATION,weekend_comparison,pt15_walk10,False,15,10,10320.0,9070.0,1250.0,0,10320.0,4050.0,0.025010299784310398,0.025010299784310398,412630.0,332,320,12,0,3,0,0.0,True
NODE_AF50EA7BD5A9B213,TIONG BAHRU MRT STATION,weekend_comparison,pt25_walk10,False,25,10,28390.0,27140.0,1250.0,0,28390.0,4050.0,0.0688025591934663,0.0688025591934663,412630.0,332,320,12,0,3,0,0.0,True
NODE_AF50EA7BD5A9B213,TIONG BAHRU MRT STATION,weekend_comparison,pt20_walk5,False,20,5,16740.0,15490.0,1250.0,0,16740.0,4050.0,0.04056903278966629,0.04056903278966629,412630.0,332,320,12,0,3,0,0.0,True
NODE_AF50EA7BD5A9B213,TIONG BAHRU MRT STATION,weekend_comparison,pt20_walk15,False,20,15,16740.0,15490.0,1250.0,0,16740.0,4050.0,0.04056903278966629,0.04056903278966629,412630.0,332,320,12,0,3,0,0.0,True
NODE_AFD3B8FF59D1D590,GEYLANG BAHRU MRT STATION,primary_weekday_after_school,pt20_walk10_primary,True,20,10,13370.0,13370.0,0,0,13370.0,1410.0,0.03240190970118508,0.03240190970118508,412630.0,332,316,12,4,7,0,0.0,True
NODE_AFD3B8FF59D1D590,GEYLANG BAHRU MRT STATION,primary_weekday_after_school,pt15_walk10,False,15,10,7900.0,7900.0,0,0,7900.0,1410.0,0.019145481424036062,0.019145481424036062,412630.0,332,316,12,4,7,0,0.0,True
NODE_AFD3B8FF59D1D590,GEYLANG BAHRU MRT STATION,primary_weekday_after_school,pt25_walk10,False,25,10,36000.0,36000.0,0,0,36000.0,1410.0,0.08724523180573394,0.08724523180573394,412630.0,332,316,12,4,7,0,0.0,True
NODE_AFD3B8FF59D1D590,GEYLANG BAHRU MRT STATION,primary_weekday_after_school,pt20_walk5,False,20,5,13370.0,13370.0,0,0,13370.0,1410.0,0.03240190970118508,0.03240190970118508,412630.0,332,316,12,4,7,0,0.0,True
NODE_AFD3B8FF59D1D590,GEYLANG BAHRU MRT STATION,primary_weekday_after_school,pt20_walk15,False,20,15,13370.0,13370.0,0,0,13370.0,1410.0,0.03240190970118508,0.03240190970118508,412630.0,332,316,12,4,7,0,0.0,True
NODE_AFD3B8FF59D1D590,GEYLANG BAHRU MRT STATION,weekend_comparison,pt20_walk10_primary,True,20,10,15850.0,15850.0,0,0,15850.0,1410.0,0.03841213678113564,0.03841213678113564,412630.0,332,318,12,2,5,0,0.0,True
NODE_AFD3B8FF59D1D590,GEYLANG BAHRU MRT STATION,weekend_comparison,pt15_walk10,False,15,10,8250.0,8250.0,0,0,8250.0,1410.0,0.019993698955480695,0.019993698955480695,412630.0,332,318,12,2,5,0,0.0,True
NODE_AFD3B8FF59D1D590,GEYLANG BAHRU MRT STATION,weekend_comparison,pt25_walk10,False,25,10,33690.0,33690.0,0,0,33690.0,1410.0,0.08164699609819935,0.08164699609819935,412630.0,332,318,12,2,5,0,0.0,True
NODE_AFD3B8FF59D1D590,GEYLANG BAHRU MRT STATION,weekend_comparison,pt20_walk5,False,20,5,15850.0,15850.0,0,0,15850.0,1410.0,0.03841213678113564,0.03841213678113564,412630.0,332,318,12,2,5,0,0.0,True
NODE_AFD3B8FF59D1D590,GEYLANG BAHRU MRT STATION,weekend_comparison,pt20_walk15,False,20,15,15850.0,15850.0,0,0,15850.0,1410.0,0.03841213678113564,0.03841213678113564,412630.0,332,318,12,2,5,0,0.0,True
NODE_B33BD861BCFC8C90,PROMENADE MRT STATION,primary_weekday_after_school,pt20_walk10_primary,True,20,10,3440.0,3440.0,0,0,3440.0,90.0,0.008336766594770133,0.008336766594770133,412630.0,332,319,12,1,4,0,0.0,True
NODE_B33BD861BCFC8C90,PROMENADE MRT STATION,primary_weekday_after_school,pt15_walk10,False,15,10,1890.0,1890.0,0,0,1890.0,90.0,0.004580374669801032,0.004580374669801032,412630.0,332,319,12,1,4,0,0.0,True
NODE_B33BD861BCFC8C90,PROMENADE MRT STATION,primary_weekday_after_school,pt25_walk10,False,25,10,23380.0,23380.0,0,0,23380.0,90.0,0.05666093110050166,0.05666093110050166,412630.0,332,319,12,1,4,0,0.0,True
NODE_B33BD861BCFC8C90,PROMENADE MRT STATION,primary_weekday_after_school,pt20_walk5,False,20,5,3440.0,3440.0,0,0,3440.0,90.0,0.008336766594770133,0.008336766594770133,412630.0,332,319,12,1,4,0,0.0,True
NODE_B33BD861BCFC8C90,PROMENADE MRT STATION,primary_weekday_after_school,pt20_walk15,False,20,15,3440.0,3440.0,0,0,3440.0,90.0,0.008336766594770133,0.008336766594770133,412630.0,332,319,12,1,4,0,0.0,True
NODE_B33BD861BCFC8C90,PROMENADE MRT STATION,weekend_comparison,pt20_walk10_primary,True,20,10,3460.0,3460.0,0,0,3460.0,90.0,0.00838523616799554,0.00838523616799554,412630.0,332,316,12,4,7,0,0.0,True
NODE_B33BD861BCFC8C90,PROMENADE MRT STATION,weekend_comparison,pt15_walk10,False,15,10,1890.0,1890.0,0,0,1890.0,90.0,0.004580374669801032,0.004580374669801032,412630.0,332,316,12,4,7,0,0.0,True
NODE_B33BD861BCFC8C90,PROMENADE MRT STATION,weekend_comparison,pt25_walk10,False,25,10,26390.0,26390.0,0,0,26390.0,90.0,0.06395560187092553,0.06395560187092553,412630.0,332,316,12,4,7,0,0.0,True
NODE_B33BD861BCFC8C90,PROMENADE MRT STATION,weekend_comparison,pt20_walk5,False,20,5,3460.0,3460.0,0,0,3460.0,90.0,0.00838523616799554,0.00838523616799554,412630.0,332,316,12,4,7,0,0.0,True
NODE_B33BD861BCFC8C90,PROMENADE MRT STATION,weekend_comparison,pt20_walk15,False,20,15,3460.0,3460.0,0,0,3460.0,90.0,0.00838523616799554,0.00838523616799554,412630.0,332,316,12,4,7,0,0.0,True
NODE_B72375B484CBB08C,NAPIER MRT STATION,primary_weekday_after_school,pt20_walk10_primary,True,20,10,9720.0,9720.0,0,0,9720.0,100.0,0.023556212587548166,0.023556212587548166,412630.0,332,319,12,1,4,0,0.0,True
NODE_B72375B484CBB08C,NAPIER MRT STATION,primary_weekday_after_school,pt15_walk10,False,15,10,1890.0,1890.0,0,0,1890.0,100.0,0.004580374669801032,0.004580374669801032,412630.0,332,319,12,1,4,0,0.0,True
NODE_B72375B484CBB08C,NAPIER MRT STATION,primary_weekday_after_school,pt25_walk10,False,25,10,15970.0,15970.0,0,0,15970.0,100.0,0.03870295422048809,0.03870295422048809,412630.0,332,319,12,1,4,0,0.0,True
NODE_B72375B484CBB08C,NAPIER MRT STATION,primary_weekday_after_school,pt20_walk5,False,20,5,9720.0,9720.0,0,0,9720.0,100.0,0.023556212587548166,0.023556212587548166,412630.0,332,319,12,1,4,0,0.0,True
NODE_B72375B484CBB08C,NAPIER MRT STATION,primary_weekday_after_school,pt20_walk15,False,20,15,9720.0,9720.0,0,0,9720.0,100.0,0.023556212587548166,0.023556212587548166,412630.0,332,319,12,1,4,0,0.0,True
NODE_B72375B484CBB08C,NAPIER MRT STATION,weekend_comparison,pt20_walk10_primary,True,20,10,9720.0,9720.0,0,0,9720.0,100.0,0.023556212587548166,0.023556212587548166,412630.0,332,318,12,2,5,0,0.0,True
NODE_B72375B484CBB08C,NAPIER MRT STATION,weekend_comparison,pt15_walk10,False,15,10,1890.0,1890.0,0,0,1890.0,100.0,0.004580374669801032,0.004580374669801032,412630.0,332,318,12,2,5,0,0.0,True
NODE_B72375B484CBB08C,NAPIER MRT STATION,weekend_comparison,pt25_walk10,False,25,10,13360.0,13360.0,0,0,13360.0,100.0,0.03237767491457238,0.03237767491457238,412630.0,332,318,12,2,5,0,0.0,True
NODE_B72375B484CBB08C,NAPIER MRT STATION,weekend_comparison,pt20_walk5,False,20,5,9720.0,9720.0,0,0,9720.0,100.0,0.023556212587548166,0.023556212587548166,412630.0,332,318,12,2,5,0,0.0,True
NODE_B72375B484CBB08C,NAPIER MRT STATION,weekend_comparison,pt20_walk15,False,20,15,9720.0,9720.0,0,0,9720.0,100.0,0.023556212587548166,0.023556212587548166,412630.0,332,318,12,2,5,0,0.0,True
NODE_B8A0F18B025E7123,KING ALBERT PARK MRT STATION,primary_weekday_after_school,pt20_walk10_primary,True,20,10,2290.0,2290.0,0,0,2290.0,0,0.005549766134309187,0.005549766134309187,412630.0,332,318,12,2,5,0,0.0,True
NODE_B8A0F18B025E7123,KING ALBERT PARK MRT STATION,primary_weekday_after_school,pt15_walk10,False,15,10,0,0,0,0,0,0,0.0,0.0,412630.0,332,318,12,2,5,0,0.0,True
NODE_B8A0F18B025E7123,KING ALBERT PARK MRT STATION,primary_weekday_after_school,pt25_walk10,False,25,10,23150.0,23150.0,0,0,23150.0,0,0.05610353100840947,0.05610353100840947,412630.0,332,318,12,2,5,0,0.0,True
NODE_B8A0F18B025E7123,KING ALBERT PARK MRT STATION,primary_weekday_after_school,pt20_walk5,False,20,5,2290.0,2290.0,0,0,2290.0,0,0.005549766134309187,0.005549766134309187,412630.0,332,318,12,2,5,0,0.0,True
NODE_B8A0F18B025E7123,KING ALBERT PARK MRT STATION,primary_weekday_after_school,pt20_walk15,False,20,15,2290.0,2290.0,0,0,2290.0,0,0.005549766134309187,0.005549766134309187,412630.0,332,318,12,2,5,0,0.0,True
NODE_B8A0F18B025E7123,KING ALBERT PARK MRT STATION,weekend_comparison,pt20_walk10_primary,True,20,10,4310.0,4310.0,0,0,4310.0,0,0.01044519303007537,0.01044519303007537,412630.0,332,319,12,1,4,0,0.0,True
NODE_B8A0F18B025E7123,KING ALBERT PARK MRT STATION,weekend_comparison,pt15_walk10,False,15,10,0,0,0,0,0,0,0.0,0.0,412630.0,332,319,12,1,4,0,0.0,True
NODE_B8A0F18B025E7123,KING ALBERT PARK MRT STATION,weekend_comparison,pt25_walk10,False,25,10,16730.0,16730.0,0,0,16730.0,0,0.040544798003053585,0.040544798003053585,412630.0,332,319,12,1,4,0,0.0,True
NODE_B8A0F18B025E7123,KING ALBERT PARK MRT STATION,weekend_comparison,pt20_walk5,False,20,5,4310.0,4310.0,0,0,4310.0,0,0.01044519303007537,0.01044519303007537,412630.0,332,319,12,1,4,0,0.0,True
NODE_B8A0F18B025E7123,KING ALBERT PARK MRT STATION,weekend_comparison,pt20_walk15,False,20,15,4310.0,4310.0,0,0,4310.0,0,0.01044519303007537,0.01044519303007537,412630.0,332,319,12,1,4,0,0.0,True
NODE_B8F210180D005C64,LAKESIDE MRT STATION,primary_weekday_after_school,pt20_walk10_primary,True,20,10,15080.0,15080.0,0,0,15080.0,4590.0,0.036546058211957444,0.036546058211957444,412630.0,332,319,13,0,4,0,0.0,True
NODE_B8F210180D005C64,LAKESIDE MRT STATION,primary_weekday_after_school,pt15_walk10,False,15,10,4680.0,4680.0,0,0,4680.0,4590.0,0.011341880134745413,0.011341880134745413,412630.0,332,319,13,0,4,0,0.0,True
NODE_B8F210180D005C64,LAKESIDE MRT STATION,primary_weekday_after_school,pt25_walk10,False,25,10,33870.0,33870.0,0,0,33870.0,4590.0,0.08208322225722803,0.08208322225722803,412630.0,332,319,13,0,4,0,0.0,True
NODE_B8F210180D005C64,LAKESIDE MRT STATION,primary_weekday_after_school,pt20_walk5,False,20,5,15080.0,15080.0,0,0,15080.0,4590.0,0.036546058211957444,0.036546058211957444,412630.0,332,319,13,0,4,0,0.0,True
NODE_B8F210180D005C64,LAKESIDE MRT STATION,primary_weekday_after_school,pt20_walk15,False,20,15,15080.0,15080.0,0,0,15080.0,4590.0,0.036546058211957444,0.036546058211957444,412630.0,332,319,13,0,4,0,0.0,True
NODE_B8F210180D005C64,LAKESIDE MRT STATION,weekend_comparison,pt20_walk10_primary,True,20,10,21110.0,21110.0,0,0,21110.0,4590.0,0.05115963453941788,0.05115963453941788,412630.0,332,319,13,0,4,0,0.0,True
NODE_B8F210180D005C64,LAKESIDE MRT STATION,weekend_comparison,pt15_walk10,False,15,10,4680.0,4680.0,0,0,4680.0,4590.0,0.011341880134745413,0.011341880134745413,412630.0,332,319,13,0,4,0,0.0,True
NODE_B8F210180D005C64,LAKESIDE MRT STATION,weekend_comparison,pt25_walk10,False,25,10,33870.0,33870.0,0,0,33870.0,4590.0,0.08208322225722803,0.08208322225722803,412630.0,332,319,13,0,4,0,0.0,True
NODE_B8F210180D005C64,LAKESIDE MRT STATION,weekend_comparison,pt20_walk5,False,20,5,21110.0,21110.0,0,0,21110.0,4590.0,0.05115963453941788,0.05115963453941788,412630.0,332,319,13,0,4,0,0.0,True
NODE_B8F210180D005C64,LAKESIDE MRT STATION,weekend_comparison,pt20_walk15,False,20,15,21110.0,21110.0,0,0,21110.0,4590.0,0.05115963453941788,0.05115963453941788,412630.0,332,319,13,0,4,0,0.0,True
NODE_BBA37FD22F767087,CANBERRA MRT STATION,primary_weekday_after_school,pt20_walk10_primary,True,20,10,17970.0,17970.0,0,0,17970.0,4130.0,0.04354991154302886,0.04354991154302886,412630.0,332,320,12,0,3,0,0.0,True
NODE_BBA37FD22F767087,CANBERRA MRT STATION,primary_weekday_after_school,pt15_walk10,False,15,10,2990.0,2990.0,0,0,2990.0,4130.0,0.007246201197198459,0.007246201197198459,412630.0,332,320,12,0,3,0,0.0,True
NODE_BBA37FD22F767087,CANBERRA MRT STATION,primary_weekday_after_school,pt25_walk10,False,25,10,48670.0,48670.0,0,0,48670.0,4130.0,0.11795070644402976,0.11795070644402976,412630.0,332,320,12,0,3,0,0.0,True
NODE_BBA37FD22F767087,CANBERRA MRT STATION,primary_weekday_after_school,pt20_walk5,False,20,5,17970.0,17970.0,0,0,17970.0,4130.0,0.04354991154302886,0.04354991154302886,412630.0,332,320,12,0,3,0,0.0,True
NODE_BBA37FD22F767087,CANBERRA MRT STATION,primary_weekday_after_school,pt20_walk15,False,20,15,17970.0,17970.0,0,0,17970.0,4130.0,0.04354991154302886,0.04354991154302886,412630.0,332,320,12,0,3,0,0.0,True
NODE_BBA37FD22F767087,CANBERRA MRT STATION,weekend_comparison,pt20_walk10_primary,True,20,10,26720.0,26720.0,0,0,26720.0,4130.0,0.06475534982914476,0.06475534982914476,412630.0,332,320,12,0,3,0,0.0,True
NODE_BBA37FD22F767087,CANBERRA MRT STATION,weekend_comparison,pt15_walk10,False,15,10,2990.0,2990.0,0,0,2990.0,4130.0,0.007246201197198459,0.007246201197198459,412630.0,332,320,12,0,3,0,0.0,True
NODE_BBA37FD22F767087,CANBERRA MRT STATION,weekend_comparison,pt25_walk10,False,25,10,41090.0,41090.0,0,0,41090.0,4130.0,0.09958073819160022,0.09958073819160022,412630.0,332,320,12,0,3,0,0.0,True
NODE_BBA37FD22F767087,CANBERRA MRT STATION,weekend_comparison,pt20_walk5,False,20,5,26720.0,26720.0,0,0,26720.0,4130.0,0.06475534982914476,0.06475534982914476,412630.0,332,320,12,0,3,0,0.0,True
NODE_BBA37FD22F767087,CANBERRA MRT STATION,weekend_comparison,pt20_walk15,False,20,15,26720.0,26720.0,0,0,26720.0,4130.0,0.06475534982914476,0.06475534982914476,412630.0,332,320,12,0,3,0,0.0,True
NODE_BDCD9B8B115B8110,WOODLANDS MRT STATION,primary_weekday_after_school,pt20_walk10_primary,True,20,10,10870.0,10870.0,0,0,10870.0,8160.0,0.02634321304800911,0.02634321304800911,412630.0,332,318,12,2,5,0,0.0,True
NODE_BDCD9B8B115B8110,WOODLANDS MRT STATION,primary_weekday_after_school,pt15_walk10,False,15,10,8160.0,8160.0,0,0,8160.0,8160.0,0.019775585875966364,0.019775585875966364,412630.0,332,318,12,2,5,0,0.0,True
NODE_BDCD9B8B115B8110,WOODLANDS MRT STATION,primary_weekday_after_school,pt25_walk10,False,25,10,29080.0,29080.0,0,0,29080.0,8160.0,0.07047475946974287,0.07047475946974287,412630.0,332,318,12,2,5,0,0.0,True
NODE_BDCD9B8B115B8110,WOODLANDS MRT STATION,primary_weekday_after_school,pt20_walk5,False,20,5,10870.0,10870.0,0,0,10870.0,8160.0,0.02634321304800911,0.02634321304800911,412630.0,332,318,12,2,5,0,0.0,True
NODE_BDCD9B8B115B8110,WOODLANDS MRT STATION,primary_weekday_after_school,pt20_walk15,False,20,15,10870.0,10870.0,0,0,10870.0,8160.0,0.02634321304800911,0.02634321304800911,412630.0,332,318,12,2,5,0,0.0,True
NODE_BDCD9B8B115B8110,WOODLANDS MRT STATION,weekend_comparison,pt20_walk10_primary,True,20,10,10870.0,10870.0,0,0,10870.0,8160.0,0.02634321304800911,0.02634321304800911,412630.0,332,319,12,1,4,0,0.0,True
NODE_BDCD9B8B115B8110,WOODLANDS MRT STATION,weekend_comparison,pt15_walk10,False,15,10,8160.0,8160.0,0,0,8160.0,8160.0,0.019775585875966364,0.019775585875966364,412630.0,332,319,12,1,4,0,0.0,True
NODE_BDCD9B8B115B8110,WOODLANDS MRT STATION,weekend_comparison,pt25_walk10,False,25,10,25240.0,25240.0,0,0,25240.0,8160.0,0.06116860141046458,0.06116860141046458,412630.0,332,319,12,1,4,0,0.0,True
NODE_BDCD9B8B115B8110,WOODLANDS MRT STATION,weekend_comparison,pt20_walk5,False,20,5,10870.0,10870.0,0,0,10870.0,8160.0,0.02634321304800911,0.02634321304800911,412630.0,332,319,12,1,4,0,0.0,True
NODE_BDCD9B8B115B8110,WOODLANDS MRT STATION,weekend_comparison,pt20_walk15,False,20,15,10870.0,10870.0,0,0,10870.0,8160.0,0.02634321304800911,0.02634321304800911,412630.0,332,319,12,1,4,0,0.0,True
NODE_BE3506E4DDD906F9,SERANGOON MRT STATION,primary_weekday_after_school,pt20_walk10_primary,True,20,10,32570.0,32570.0,0,0,32570.0,3210.0,0.07893269999757652,0.07893269999757652,412630.0,332,319,12,1,4,0,0.0,True
NODE_BE3506E4DDD906F9,SERANGOON MRT STATION,primary_weekday_after_school,pt15_walk10,False,15,10,5560.0,5560.0,0,0,5560.0,3210.0,0.013474541356663355,0.013474541356663355,412630.0,332,319,12,1,4,0,0.0,True
NODE_BE3506E4DDD906F9,SERANGOON MRT STATION,primary_weekday_after_school,pt25_walk10,False,25,10,88060.0,88060.0,0,0,88060.0,3210.0,0.21341153091147033,0.21341153091147033,412630.0,332,319,12,1,4,0,0.0,True
NODE_BE3506E4DDD906F9,SERANGOON MRT STATION,primary_weekday_after_school,pt20_walk5,False,20,5,32570.0,32570.0,0,0,32570.0,3210.0,0.07893269999757652,0.07893269999757652,412630.0,332,319,12,1,4,0,0.0,True
NODE_BE3506E4DDD906F9,SERANGOON MRT STATION,primary_weekday_after_school,pt20_walk15,False,20,15,32570.0,32570.0,0,0,32570.0,3210.0,0.07893269999757652,0.07893269999757652,412630.0,332,319,12,1,4,0,0.0,True
NODE_BE3506E4DDD906F9,SERANGOON MRT STATION,weekend_comparison,pt20_walk10_primary,True,20,10,31460.0,31460.0,0,0,31460.0,3210.0,0.07624263868356639,0.07624263868356639,412630.0,332,319,12,1,4,0,0.0,True
NODE_BE3506E4DDD906F9,SERANGOON MRT STATION,weekend_comparison,pt15_walk10,False,15,10,5560.0,5560.0,0,0,5560.0,3210.0,0.013474541356663355,0.013474541356663355,412630.0,332,319,12,1,4,0,0.0,True
NODE_BE3506E4DDD906F9,SERANGOON MRT STATION,weekend_comparison,pt25_walk10,False,25,10,95450.0,95450.0,0,0,95450.0,3210.0,0.2313210382182585,0.2313210382182585,412630.0,332,319,12,1,4,0,0.0,True
NODE_BE3506E4DDD906F9,SERANGOON MRT STATION,weekend_comparison,pt20_walk5,False,20,5,31460.0,31460.0,0,0,31460.0,3210.0,0.07624263868356639,0.07624263868356639,412630.0,332,319,12,1,4,0,0.0,True
NODE_BE3506E4DDD906F9,SERANGOON MRT STATION,weekend_comparison,pt20_walk15,False,20,15,31460.0,31460.0,0,0,31460.0,3210.0,0.07624263868356639,0.07624263868356639,412630.0,332,319,12,1,4,0,0.0,True
NODE_C0AB5C92F19A7661,JURONG EAST MRT STATION,primary_weekday_after_school,pt20_walk10_primary,True,20,10,18350.0,18350.0,0,0,18350.0,2710.0,0.04447083343431161,0.04447083343431161,412630.0,332,320,12,0,3,0,0.0,True
NODE_C0AB5C92F19A7661,JURONG EAST MRT STATION,primary_weekday_after_school,pt15_walk10,False,15,10,6200.0,6200.0,0,0,6200.0,2710.0,0.015025567699876403,0.015025567699876403,412630.0,332,320,12,0,3,0,0.0,True
NODE_C0AB5C92F19A7661,JURONG EAST MRT STATION,primary_weekday_after_school,pt25_walk10,False,25,10,46870.0,46870.0,0,0,46870.0,2710.0,0.11358844485374306,0.11358844485374306,412630.0,332,320,12,0,3,0,0.0,True
NODE_C0AB5C92F19A7661,JURONG EAST MRT STATION,primary_weekday_after_school,pt20_walk5,False,20,5,18350.0,18350.0,0,0,18350.0,2710.0,0.04447083343431161,0.04447083343431161,412630.0,332,320,12,0,3,0,0.0,True
NODE_C0AB5C92F19A7661,JURONG EAST MRT STATION,primary_weekday_after_school,pt20_walk15,False,20,15,18350.0,18350.0,0,0,18350.0,2710.0,0.04447083343431161,0.04447083343431161,412630.0,332,320,12,0,3,0,0.0,True
NODE_C0AB5C92F19A7661,JURONG EAST MRT STATION,weekend_comparison,pt20_walk10_primary,True,20,10,16330.0,16330.0,0,0,16330.0,2710.0,0.03957540653854543,0.03957540653854543,412630.0,332,319,12,1,4,0,0.0,True
NODE_C0AB5C92F19A7661,JURONG EAST MRT STATION,weekend_comparison,pt15_walk10,False,15,10,6200.0,6200.0,0,0,6200.0,2710.0,0.015025567699876403,0.015025567699876403,412630.0,332,319,12,1,4,0,0.0,True
NODE_C0AB5C92F19A7661,JURONG EAST MRT STATION,weekend_comparison,pt25_walk10,False,25,10,55200.0,55200.0,0,0,55200.0,2710.0,0.13377602210212539,0.13377602210212539,412630.0,332,319,12,1,4,0,0.0,True
NODE_C0AB5C92F19A7661,JURONG EAST MRT STATION,weekend_comparison,pt20_walk5,False,20,5,16330.0,16330.0,0,0,16330.0,2710.0,0.03957540653854543,0.03957540653854543,412630.0,332,319,12,1,4,0,0.0,True
NODE_C0AB5C92F19A7661,JURONG EAST MRT STATION,weekend_comparison,pt20_walk15,False,20,15,16330.0,16330.0,0,0,16330.0,2710.0,0.03957540653854543,0.03957540653854543,412630.0,332,319,12,1,4,0,0.0,True
NODE_C3A8C9C6D085005D,KHATIB MRT STATION,primary_weekday_after_school,pt20_walk10_primary,True,20,10,22860.0,22860.0,0,0,22860.0,4390.0,0.05540072219664106,0.05540072219664106,412630.0,332,318,13,1,5,0,0.0,True
NODE_C3A8C9C6D085005D,KHATIB MRT STATION,primary_weekday_after_school,pt15_walk10,False,15,10,16530.0,16530.0,0,0,16530.0,4390.0,0.04006010227079951,0.04006010227079951,412630.0,332,318,13,1,5,0,0.0,True
NODE_C3A8C9C6D085005D,KHATIB MRT STATION,primary_weekday_after_school,pt25_walk10,False,25,10,44600.0,44600.0,0,0,44600.0,4390.0,0.10808714829265928,0.10808714829265928,412630.0,332,318,13,1,5,0,0.0,True
NODE_C3A8C9C6D085005D,KHATIB MRT STATION,primary_weekday_after_school,pt20_walk5,False,20,5,22860.0,22860.0,0,0,22860.0,4390.0,0.05540072219664106,0.05540072219664106,412630.0,332,318,13,1,5,0,0.0,True
NODE_C3A8C9C6D085005D,KHATIB MRT STATION,primary_weekday_after_school,pt20_walk15,False,20,15,22860.0,22860.0,0,0,22860.0,4390.0,0.05540072219664106,0.05540072219664106,412630.0,332,318,13,1,5,0,0.0,True
NODE_C3A8C9C6D085005D,KHATIB MRT STATION,weekend_comparison,pt20_walk10_primary,True,20,10,22860.0,22860.0,0,0,22860.0,4390.0,0.05540072219664106,0.05540072219664106,412630.0,332,320,12,0,3,0,0.0,True
NODE_C3A8C9C6D085005D,KHATIB MRT STATION,weekend_comparison,pt15_walk10,False,15,10,16530.0,16530.0,0,0,16530.0,4390.0,0.04006010227079951,0.04006010227079951,412630.0,332,320,12,0,3,0,0.0,True
NODE_C3A8C9C6D085005D,KHATIB MRT STATION,weekend_comparison,pt25_walk10,False,25,10,46270.0,46270.0,0,0,46270.0,4390.0,0.11213435765698083,0.11213435765698083,412630.0,332,320,12,0,3,0,0.0,True
NODE_C3A8C9C6D085005D,KHATIB MRT STATION,weekend_comparison,pt20_walk5,False,20,5,22860.0,22860.0,0,0,22860.0,4390.0,0.05540072219664106,0.05540072219664106,412630.0,332,320,12,0,3,0,0.0,True
NODE_C3A8C9C6D085005D,KHATIB MRT STATION,weekend_comparison,pt20_walk15,False,20,15,22860.0,22860.0,0,0,22860.0,4390.0,0.05540072219664106,0.05540072219664106,412630.0,332,320,12,0,3,0,0.0,True
NODE_C537F8120AAB5A48,CHOA CHU KANG MRT STATION,primary_weekday_after_school,pt20_walk10_primary,True,20,10,27180.0,27180.0,0,0,27180.0,4840.0,0.06587015001332913,0.06587015001332913,412630.0,332,318,13,1,5,0,0.0,True
NODE_C537F8120AAB5A48,CHOA CHU KANG MRT STATION,primary_weekday_after_school,pt15_walk10,False,15,10,21220.0,21220.0,0,0,21220.0,4840.0,0.051426217192157626,0.051426217192157626,412630.0,332,318,13,1,5,0,0.0,True
NODE_C537F8120AAB5A48,CHOA CHU KANG MRT STATION,primary_weekday_after_school,pt25_walk10,False,25,10,34230.0,34230.0,0,0,34230.0,4840.0,0.08295567457528537,0.08295567457528537,412630.0,332,318,13,1,5,0,0.0,True
NODE_C537F8120AAB5A48,CHOA CHU KANG MRT STATION,primary_weekday_after_school,pt20_walk5,False,20,5,27180.0,27180.0,0,0,27180.0,4840.0,0.06587015001332913,0.06587015001332913,412630.0,332,318,13,1,5,0,0.0,True
NODE_C537F8120AAB5A48,CHOA CHU KANG MRT STATION,primary_weekday_after_school,pt20_walk15,False,20,15,27180.0,27180.0,0,0,27180.0,4840.0,0.06587015001332913,0.06587015001332913,412630.0,332,318,13,1,5,0,0.0,True
NODE_C537F8120AAB5A48,CHOA CHU KANG MRT STATION,weekend_comparison,pt20_walk10_primary,True,20,10,27180.0,27180.0,0,0,27180.0,4840.0,0.06587015001332913,0.06587015001332913,412630.0,332,318,13,1,5,0,0.0,True
NODE_C537F8120AAB5A48,CHOA CHU KANG MRT STATION,weekend_comparison,pt15_walk10,False,15,10,21220.0,21220.0,0,0,21220.0,4840.0,0.051426217192157626,0.051426217192157626,412630.0,332,318,13,1,5,0,0.0,True
NODE_C537F8120AAB5A48,CHOA CHU KANG MRT STATION,weekend_comparison,pt25_walk10,False,25,10,33750.0,33750.0,0,0,33750.0,4840.0,0.08179240481787557,0.08179240481787557,412630.0,332,318,13,1,5,0,0.0,True
NODE_C537F8120AAB5A48,CHOA CHU KANG MRT STATION,weekend_comparison,pt20_walk5,False,20,5,27180.0,27180.0,0,0,27180.0,4840.0,0.06587015001332913,0.06587015001332913,412630.0,332,318,13,1,5,0,0.0,True
NODE_C537F8120AAB5A48,CHOA CHU KANG MRT STATION,weekend_comparison,pt20_walk15,False,20,15,27180.0,27180.0,0,0,27180.0,4840.0,0.06587015001332913,0.06587015001332913,412630.0,332,318,13,1,5,0,0.0,True
NODE_C5E383687CDDD396,CITY HALL MRT STATION,primary_weekday_after_school,pt20_walk10_primary,True,20,10,15810.0,15810.0,0,0,15810.0,170.0,0.03831519763468483,0.03831519763468483,412630.0,332,317,12,3,6,0,0.0,True
NODE_C5E383687CDDD396,CITY HALL MRT STATION,primary_weekday_after_school,pt15_walk10,False,15,10,680.0,680.0,0,0,680.0,170.0,0.0016479654896638634,0.0016479654896638634,412630.0,332,317,12,3,6,0,0.0,True
NODE_C5E383687CDDD396,CITY HALL MRT STATION,primary_weekday_after_school,pt25_walk10,False,25,10,32480.0,32480.0,0,0,32480.0,170.0,0.07871458691806218,0.07871458691806218,412630.0,332,317,12,3,6,0,0.0,True
NODE_C5E383687CDDD396,CITY HALL MRT STATION,primary_weekday_after_school,pt20_walk5,False,20,5,15810.0,15810.0,0,0,15810.0,170.0,0.03831519763468483,0.03831519763468483,412630.0,332,317,12,3,6,0,0.0,True
NODE_C5E383687CDDD396,CITY HALL MRT STATION,primary_weekday_after_school,pt20_walk15,False,20,15,15810.0,15810.0,0,0,15810.0,170.0,0.03831519763468483,0.03831519763468483,412630.0,332,317,12,3,6,0,0.0,True
NODE_C5E383687CDDD396,CITY HALL MRT STATION,weekend_comparison,pt20_walk10_primary,True,20,10,14810.0,14810.0,0,0,14810.0,170.0,0.03589171897341444,0.03589171897341444,412630.0,332,320,12,0,3,0,0.0,True
NODE_C5E383687CDDD396,CITY HALL MRT STATION,weekend_comparison,pt15_walk10,False,15,10,680.0,680.0,0,0,680.0,170.0,0.0016479654896638634,0.0016479654896638634,412630.0,332,320,12,0,3,0,0.0,True
NODE_C5E383687CDDD396,CITY HALL MRT STATION,weekend_comparison,pt25_walk10,False,25,10,27670.0,27670.0,0,0,27670.0,170.0,0.06705765455735162,0.06705765455735162,412630.0,332,320,12,0,3,0,0.0,True
NODE_C5E383687CDDD396,CITY HALL MRT STATION,weekend_comparison,pt20_walk5,False,20,5,14810.0,14810.0,0,0,14810.0,170.0,0.03589171897341444,0.03589171897341444,412630.0,332,320,12,0,3,0,0.0,True
NODE_C5E383687CDDD396,CITY HALL MRT STATION,weekend_comparison,pt20_walk15,False,20,15,14810.0,14810.0,0,0,14810.0,170.0,0.03589171897341444,0.03589171897341444,412630.0,332,320,12,0,3,0,0.0,True
NODE_C7B368530FF438A3,BOON KENG MRT STATION,primary_weekday_after_school,pt20_walk10_primary,True,20,10,17770.0,17770.0,0,0,17770.0,3290.0,0.043065215810774785,0.043065215810774785,412630.0,332,320,12,0,3,0,0.0,True
NODE_C7B368530FF438A3,BOON KENG MRT STATION,primary_weekday_after_school,pt15_walk10,False,15,10,5940.0,5940.0,0,0,5940.0,3290.0,0.014395463247946102,0.014395463247946102,412630.0,332,320,12,0,3,0,0.0,True
NODE_C7B368530FF438A3,BOON KENG MRT STATION,primary_weekday_after_school,pt25_walk10,False,25,10,42220.0,42220.0,0,0,42220.0,3290.0,0.10231926907883576,0.10231926907883576,412630.0,332,320,12,0,3,0,0.0,True
NODE_C7B368530FF438A3,BOON KENG MRT STATION,primary_weekday_after_school,pt20_walk5,False,20,5,17770.0,17770.0,0,0,17770.0,3290.0,0.043065215810774785,0.043065215810774785,412630.0,332,320,12,0,3,0,0.0,True
NODE_C7B368530FF438A3,BOON KENG MRT STATION,primary_weekday_after_school,pt20_walk15,False,20,15,17770.0,17770.0,0,0,17770.0,3290.0,0.043065215810774785,0.043065215810774785,412630.0,332,320,12,0,3,0,0.0,True
NODE_C7B368530FF438A3,BOON KENG MRT STATION,weekend_comparison,pt20_walk10_primary,True,20,10,16000.0,16000.0,0,0,16000.0,3290.0,0.0387756585803262,0.0387756585803262,412630.0,332,320,12,0,3,0,0.0,True
NODE_C7B368530FF438A3,BOON KENG MRT STATION,weekend_comparison,pt15_walk10,False,15,10,5940.0,5940.0,0,0,5940.0,3290.0,0.014395463247946102,0.014395463247946102,412630.0,332,320,12,0,3,0,0.0,True
NODE_C7B368530FF438A3,BOON KENG MRT STATION,weekend_comparison,pt25_walk10,False,25,10,49570.0,49570.0,0,0,49570.0,3290.0,0.1201318372391731,0.1201318372391731,412630.0,332,320,12,0,3,0,0.0,True
NODE_C7B368530FF438A3,BOON KENG MRT STATION,weekend_comparison,pt20_walk5,False,20,5,16000.0,16000.0,0,0,16000.0,3290.0,0.0387756585803262,0.0387756585803262,412630.0,332,320,12,0,3,0,0.0,True
NODE_C7B368530FF438A3,BOON KENG MRT STATION,weekend_comparison,pt20_walk15,False,20,15,16000.0,16000.0,0,0,16000.0,3290.0,0.0387756585803262,0.0387756585803262,412630.0,332,320,12,0,3,0,0.0,True
NODE_C83BEA2CAFFD97E8,POTONG PASIR MRT STATION,primary_weekday_after_school,pt20_walk10_primary,True,20,10,21620.0,21620.0,0,0,21620.0,2710.0,0.05239560865666578,0.05239560865666578,412630.0,332,319,12,1,4,0,0.0,True
NODE_C83BEA2CAFFD97E8,POTONG PASIR MRT STATION,primary_weekday_after_school,pt15_walk10,False,15,10,7880.0,7880.0,0,0,7880.0,2710.0,0.019097011850810655,0.019097011850810655,412630.0,332,319,12,1,4,0,0.0,True
NODE_C83BEA2CAFFD97E8,POTONG PASIR MRT STATION,primary_weekday_after_school,pt25_walk10,False,25,10,47680.0,47680.0,0,0,47680.0,2710.0,0.11555146256937207,0.11555146256937207,412630.0,332,319,12,1,4,0,0.0,True
NODE_C83BEA2CAFFD97E8,POTONG PASIR MRT STATION,primary_weekday_after_school,pt20_walk5,False,20,5,21620.0,21620.0,0,0,21620.0,2710.0,0.05239560865666578,0.05239560865666578,412630.0,332,319,12,1,4,0,0.0,True
NODE_C83BEA2CAFFD97E8,POTONG PASIR MRT STATION,primary_weekday_after_school,pt20_walk15,False,20,15,21620.0,21620.0,0,0,21620.0,2710.0,0.05239560865666578,0.05239560865666578,412630.0,332,319,12,1,4,0,0.0,True
NODE_C83BEA2CAFFD97E8,POTONG PASIR MRT STATION,weekend_comparison,pt20_walk10_primary,True,20,10,18970.0,18970.0,0,0,18970.0,2710.0,0.045973390204299254,0.045973390204299254,412630.0,332,320,12,0,3,0,0.0,True
NODE_C83BEA2CAFFD97E8,POTONG PASIR MRT STATION,weekend_comparison,pt15_walk10,False,15,10,7880.0,7880.0,0,0,7880.0,2710.0,0.019097011850810655,0.019097011850810655,412630.0,332,320,12,0,3,0,0.0,True
NODE_C83BEA2CAFFD97E8,POTONG PASIR MRT STATION,weekend_comparison,pt25_walk10,False,25,10,47900.0,47900.0,0,0,47900.0,2710.0,0.11608462787485156,0.11608462787485156,412630.0,332,320,12,0,3,0,0.0,True
NODE_C83BEA2CAFFD97E8,POTONG PASIR MRT STATION,weekend_comparison,pt20_walk5,False,20,5,18970.0,18970.0,0,0,18970.0,2710.0,0.045973390204299254,0.045973390204299254,412630.0,332,320,12,0,3,0,0.0,True
NODE_C83BEA2CAFFD97E8,POTONG PASIR MRT STATION,weekend_comparison,pt20_walk15,False,20,15,18970.0,18970.0,0,0,18970.0,2710.0,0.045973390204299254,0.045973390204299254,412630.0,332,320,12,0,3,0,0.0,True
NODE_CC9CBDDDC2E8C808,WOODLANDS SOUTH MRT STATION,primary_weekday_after_school,pt20_walk10_primary,True,20,10,7580.0,7580.0,0,0,7580.0,4870.0,0.018369968252429536,0.018369968252429536,412630.0,332,320,12,0,3,0,0.0,True
NODE_CC9CBDDDC2E8C808,WOODLANDS SOUTH MRT STATION,primary_weekday_after_school,pt15_walk10,False,15,10,7580.0,7580.0,0,0,7580.0,4870.0,0.018369968252429536,0.018369968252429536,412630.0,332,320,12,0,3,0,0.0,True
NODE_CC9CBDDDC2E8C808,WOODLANDS SOUTH MRT STATION,primary_weekday_after_school,pt25_walk10,False,25,10,21400.0,21400.0,0,0,21400.0,4870.0,0.05186244335118629,0.05186244335118629,412630.0,332,320,12,0,3,0,0.0,True
NODE_CC9CBDDDC2E8C808,WOODLANDS SOUTH MRT STATION,primary_weekday_after_school,pt20_walk5,False,20,5,7580.0,7580.0,0,0,7580.0,4870.0,0.018369968252429536,0.018369968252429536,412630.0,332,320,12,0,3,0,0.0,True
NODE_CC9CBDDDC2E8C808,WOODLANDS SOUTH MRT STATION,primary_weekday_after_school,pt20_walk15,False,20,15,7580.0,7580.0,0,0,7580.0,4870.0,0.018369968252429536,0.018369968252429536,412630.0,332,320,12,0,3,0,0.0,True
NODE_CC9CBDDDC2E8C808,WOODLANDS SOUTH MRT STATION,weekend_comparison,pt20_walk10_primary,True,20,10,7580.0,7580.0,0,0,7580.0,4870.0,0.018369968252429536,0.018369968252429536,412630.0,332,320,12,0,3,0,0.0,True
NODE_CC9CBDDDC2E8C808,WOODLANDS SOUTH MRT STATION,weekend_comparison,pt15_walk10,False,15,10,7580.0,7580.0,0,0,7580.0,4870.0,0.018369968252429536,0.018369968252429536,412630.0,332,320,12,0,3,0,0.0,True
NODE_CC9CBDDDC2E8C808,WOODLANDS SOUTH MRT STATION,weekend_comparison,pt25_walk10,False,25,10,10870.0,10870.0,0,0,10870.0,4870.0,0.02634321304800911,0.02634321304800911,412630.0,332,320,12,0,3,0,0.0,True
NODE_CC9CBDDDC2E8C808,WOODLANDS SOUTH MRT STATION,weekend_comparison,pt20_walk5,False,20,5,7580.0,7580.0,0,0,7580.0,4870.0,0.018369968252429536,0.018369968252429536,412630.0,332,320,12,0,3,0,0.0,True
NODE_CC9CBDDDC2E8C808,WOODLANDS SOUTH MRT STATION,weekend_comparison,pt20_walk15,False,20,15,7580.0,7580.0,0,0,7580.0,4870.0,0.018369968252429536,0.018369968252429536,412630.0,332,320,12,0,3,0,0.0,True
NODE_CEEF4E1D26F51B48,HILLVIEW MRT STATION,primary_weekday_after_school,pt20_walk10_primary,True,20,10,21280.0,21280.0,0,0,21280.0,2020.0,0.05157162591183385,0.05157162591183385,412630.0,332,318,13,1,5,0,0.0,True
NODE_CEEF4E1D26F51B48,HILLVIEW MRT STATION,primary_weekday_after_school,pt15_walk10,False,15,10,7450.0,7450.0,0,0,7450.0,2020.0,0.018054916026464387,0.018054916026464387,412630.0,332,318,13,1,5,0,0.0,True
NODE_CEEF4E1D26F51B48,HILLVIEW MRT STATION,primary_weekday_after_school,pt25_walk10,False,25,10,26490.0,26490.0,0,0,26490.0,2020.0,0.06419794973705256,0.06419794973705256,412630.0,332,318,13,1,5,0,0.0,True
NODE_CEEF4E1D26F51B48,HILLVIEW MRT STATION,primary_weekday_after_school,pt20_walk5,False,20,5,21280.0,21280.0,0,0,21280.0,2020.0,0.05157162591183385,0.05157162591183385,412630.0,332,318,13,1,5,0,0.0,True
NODE_CEEF4E1D26F51B48,HILLVIEW MRT STATION,primary_weekday_after_school,pt20_walk15,False,20,15,21280.0,21280.0,0,0,21280.0,2020.0,0.05157162591183385,0.05157162591183385,412630.0,332,318,13,1,5,0,0.0,True
NODE_CEEF4E1D26F51B48,HILLVIEW MRT STATION,weekend_comparison,pt20_walk10_primary,True,20,10,17090.0,17090.0,0,0,17090.0,2020.0,0.041417250321110925,0.041417250321110925,412630.0,332,318,13,1,5,0,0.0,True
NODE_CEEF4E1D26F51B48,HILLVIEW MRT STATION,weekend_comparison,pt15_walk10,False,15,10,7450.0,7450.0,0,0,7450.0,2020.0,0.018054916026464387,0.018054916026464387,412630.0,332,318,13,1,5,0,0.0,True
NODE_CEEF4E1D26F51B48,HILLVIEW MRT STATION,weekend_comparison,pt25_walk10,False,25,10,26490.0,26490.0,0,0,26490.0,2020.0,0.06419794973705256,0.06419794973705256,412630.0,332,318,13,1,5,0,0.0,True
NODE_CEEF4E1D26F51B48,HILLVIEW MRT STATION,weekend_comparison,pt20_walk5,False,20,5,17090.0,17090.0,0,0,17090.0,2020.0,0.041417250321110925,0.041417250321110925,412630.0,332,318,13,1,5,0,0.0,True
NODE_CEEF4E1D26F51B48,HILLVIEW MRT STATION,weekend_comparison,pt20_walk15,False,20,15,17090.0,17090.0,0,0,17090.0,2020.0,0.041417250321110925,0.041417250321110925,412630.0,332,318,13,1,5,0,0.0,True
NODE_CFFC3AC353F855DE,LITTLE INDIA MRT STATION,primary_weekday_after_school,pt20_walk10_primary,True,20,10,16460.0,16460.0,0,0,16460.0,1810.0,0.03989045876451058,0.03989045876451058,412630.0,332,319,12,1,4,0,0.0,True
NODE_CFFC3AC353F855DE,LITTLE INDIA MRT STATION,primary_weekday_after_school,pt15_walk10,False,15,10,6010.0,6010.0,0,0,6010.0,1810.0,0.014565106754235028,0.014565106754235028,412630.0,332,319,12,1,4,0,0.0,True
NODE_CFFC3AC353F855DE,LITTLE INDIA MRT STATION,primary_weekday_after_school,pt25_walk10,False,25,10,32100.0,32100.0,0,0,32100.0,1810.0,0.07779366502677944,0.07779366502677944,412630.0,332,319,12,1,4,0,0.0,True
NODE_CFFC3AC353F855DE,LITTLE INDIA MRT STATION,primary_weekday_after_school,pt20_walk5,False,20,5,16460.0,16460.0,0,0,16460.0,1810.0,0.03989045876451058,0.03989045876451058,412630.0,332,319,12,1,4,0,0.0,True
NODE_CFFC3AC353F855DE,LITTLE INDIA MRT STATION,primary_weekday_after_school,pt20_walk15,False,20,15,16460.0,16460.0,0,0,16460.0,1810.0,0.03989045876451058,0.03989045876451058,412630.0,332,319,12,1,4,0,0.0,True
NODE_CFFC3AC353F855DE,LITTLE INDIA MRT STATION,weekend_comparison,pt20_walk10_primary,True,20,10,16460.0,16460.0,0,0,16460.0,1810.0,0.03989045876451058,0.03989045876451058,412630.0,332,316,12,4,7,0,0.0,True
NODE_CFFC3AC353F855DE,LITTLE INDIA MRT STATION,weekend_comparison,pt15_walk10,False,15,10,6010.0,6010.0,0,0,6010.0,1810.0,0.014565106754235028,0.014565106754235028,412630.0,332,316,12,4,7,0,0.0,True
NODE_CFFC3AC353F855DE,LITTLE INDIA MRT STATION,weekend_comparison,pt25_walk10,False,25,10,27280.0,27280.0,0,0,27280.0,1810.0,0.06611249787945617,0.06611249787945617,412630.0,332,316,12,4,7,0,0.0,True
NODE_CFFC3AC353F855DE,LITTLE INDIA MRT STATION,weekend_comparison,pt20_walk5,False,20,5,16460.0,16460.0,0,0,16460.0,1810.0,0.03989045876451058,0.03989045876451058,412630.0,332,316,12,4,7,0,0.0,True
NODE_CFFC3AC353F855DE,LITTLE INDIA MRT STATION,weekend_comparison,pt20_walk15,False,20,15,16460.0,16460.0,0,0,16460.0,1810.0,0.03989045876451058,0.03989045876451058,412630.0,332,316,12,4,7,0,0.0,True
NODE_D1C3F5E84F09A2A7,TAI SENG MRT STATION,primary_weekday_after_school,pt20_walk10_primary,True,20,10,21220.0,21220.0,0,0,21220.0,750.0,0.051426217192157626,0.051426217192157626,412630.0,332,319,13,0,4,0,0.0,True
NODE_D1C3F5E84F09A2A7,TAI SENG MRT STATION,primary_weekday_after_school,pt15_walk10,False,15,10,9270.0,9270.0,0,0,9270.0,750.0,0.02246564718997649,0.02246564718997649,412630.0,332,319,13,0,4,0,0.0,True
NODE_D1C3F5E84F09A2A7,TAI SENG MRT STATION,primary_weekday_after_school,pt25_walk10,False,25,10,38760.0,38760.0,0,0,38760.0,750.0,0.09393403291084022,0.09393403291084022,412630.0,332,319,13,0,4,0,0.0,True
NODE_D1C3F5E84F09A2A7,TAI SENG MRT STATION,primary_weekday_after_school,pt20_walk5,False,20,5,21220.0,21220.0,0,0,21220.0,750.0,0.051426217192157626,0.051426217192157626,412630.0,332,319,13,0,4,0,0.0,True
NODE_D1C3F5E84F09A2A7,TAI SENG MRT STATION,primary_weekday_after_school,pt20_walk15,False,20,15,21220.0,21220.0,0,0,21220.0,750.0,0.051426217192157626,0.051426217192157626,412630.0,332,319,13,0,4,0,0.0,True
NODE_D1C3F5E84F09A2A7,TAI SENG MRT STATION,weekend_comparison,pt20_walk10_primary,True,20,10,15460.0,15460.0,0,0,15460.0,750.0,0.03746698010324019,0.03746698010324019,412630.0,332,318,13,1,5,0,0.0,True
NODE_D1C3F5E84F09A2A7,TAI SENG MRT STATION,weekend_comparison,pt15_walk10,False,15,10,11000.0,11000.0,0,0,11000.0,750.0,0.026658265273974264,0.026658265273974264,412630.0,332,318,13,1,5,0,0.0,True
NODE_D1C3F5E84F09A2A7,TAI SENG MRT STATION,weekend_comparison,pt25_walk10,False,25,10,43200.0,43200.0,0,0,43200.0,750.0,0.10469427816688075,0.10469427816688075,412630.0,332,318,13,1,5,0,0.0,True
NODE_D1C3F5E84F09A2A7,TAI SENG MRT STATION,weekend_comparison,pt20_walk5,False,20,5,15460.0,15460.0,0,0,15460.0,750.0,0.03746698010324019,0.03746698010324019,412630.0,332,318,13,1,5,0,0.0,True
NODE_D1C3F5E84F09A2A7,TAI SENG MRT STATION,weekend_comparison,pt20_walk15,False,20,15,15460.0,15460.0,0,0,15460.0,750.0,0.03746698010324019,0.03746698010324019,412630.0,332,318,13,1,5,0,0.0,True
NODE_D35F5F5B781094AD,KRANJI MRT STATION,primary_weekday_after_school,pt20_walk10_primary,True,20,10,17340.0,17340.0,0,0,17340.0,80.0,0.04202311998642852,0.04202311998642852,412630.0,332,319,13,0,4,0,0.0,True
NODE_D35F5F5B781094AD,KRANJI MRT STATION,primary_weekday_after_school,pt15_walk10,False,15,10,9840.0,9840.0,0,0,9840.0,80.0,0.023847030026900612,0.023847030026900612,412630.0,332,319,13,0,4,0,0.0,True
NODE_D35F5F5B781094AD,KRANJI MRT STATION,primary_weekday_after_school,pt25_walk10,False,25,10,45740.0,45740.0,0,0,45740.0,80.0,0.11084991396650752,0.11084991396650752,412630.0,332,319,13,0,4,0,0.0,True
NODE_D35F5F5B781094AD,KRANJI MRT STATION,primary_weekday_after_school,pt20_walk5,False,20,5,17340.0,17340.0,0,0,17340.0,80.0,0.04202311998642852,0.04202311998642852,412630.0,332,319,13,0,4,0,0.0,True
NODE_D35F5F5B781094AD,KRANJI MRT STATION,primary_weekday_after_school,pt20_walk15,False,20,15,17340.0,17340.0,0,0,17340.0,80.0,0.04202311998642852,0.04202311998642852,412630.0,332,319,13,0,4,0,0.0,True
NODE_D35F5F5B781094AD,KRANJI MRT STATION,weekend_comparison,pt20_walk10_primary,True,20,10,19090.0,19090.0,0,0,19090.0,80.0,0.046264207643651696,0.046264207643651696,412630.0,332,318,13,1,5,0,0.0,True
NODE_D35F5F5B781094AD,KRANJI MRT STATION,weekend_comparison,pt15_walk10,False,15,10,7130.0,7130.0,0,0,7130.0,80.0,0.017279402854857864,0.017279402854857864,412630.0,332,318,13,1,5,0,0.0,True
NODE_D35F5F5B781094AD,KRANJI MRT STATION,weekend_comparison,pt25_walk10,False,25,10,46400.0,46400.0,0,0,46400.0,80.0,0.11244940988294598,0.11244940988294598,412630.0,332,318,13,1,5,0,0.0,True
NODE_D35F5F5B781094AD,KRANJI MRT STATION,weekend_comparison,pt20_walk5,False,20,5,19090.0,19090.0,0,0,19090.0,80.0,0.046264207643651696,0.046264207643651696,412630.0,332,318,13,1,5,0,0.0,True
NODE_D35F5F5B781094AD,KRANJI MRT STATION,weekend_comparison,pt20_walk15,False,20,15,19090.0,19090.0,0,0,19090.0,80.0,0.046264207643651696,0.046264207643651696,412630.0,332,318,13,1,5,0,0.0,True
NODE_D7E890F74C189D62,SEMBAWANG MRT STATION,primary_weekday_after_school,pt20_walk10_primary,True,20,10,33210.0,33210.0,0,0,33210.0,5370.0,0.08048372634078957,0.08048372634078957,412630.0,332,320,12,0,3,0,0.0,True
NODE_D7E890F74C189D62,SEMBAWANG MRT STATION,primary_weekday_after_school,pt15_walk10,False,15,10,6850.0,6850.0,0,0,6850.0,5370.0,0.016600828829702156,0.016600828829702156,412630.0,332,320,12,0,3,0,0.0,True
NODE_D7E890F74C189D62,SEMBAWANG MRT STATION,primary_weekday_after_school,pt25_walk10,False,25,10,51810.0,51810.0,0,0,51810.0,5370.0,0.12556042944041879,0.12556042944041879,412630.0,332,320,12,0,3,0,0.0,True
NODE_D7E890F74C189D62,SEMBAWANG MRT STATION,primary_weekday_after_school,pt20_walk5,False,20,5,33210.0,33210.0,0,0,33210.0,5370.0,0.08048372634078957,0.08048372634078957,412630.0,332,320,12,0,3,0,0.0,True
NODE_D7E890F74C189D62,SEMBAWANG MRT STATION,primary_weekday_after_school,pt20_walk15,False,20,15,33210.0,33210.0,0,0,33210.0,5370.0,0.08048372634078957,0.08048372634078957,412630.0,332,320,12,0,3,0,0.0,True
NODE_D7E890F74C189D62,SEMBAWANG MRT STATION,weekend_comparison,pt20_walk10_primary,True,20,10,31220.0,31220.0,0,0,31220.0,5370.0,0.0756610038048615,0.0756610038048615,412630.0,332,319,12,1,4,0,0.0,True
NODE_D7E890F74C189D62,SEMBAWANG MRT STATION,weekend_comparison,pt15_walk10,False,15,10,6850.0,6850.0,0,0,6850.0,5370.0,0.016600828829702156,0.016600828829702156,412630.0,332,319,12,1,4,0,0.0,True
NODE_D7E890F74C189D62,SEMBAWANG MRT STATION,weekend_comparison,pt25_walk10,False,25,10,51810.0,51810.0,0,0,51810.0,5370.0,0.12556042944041879,0.12556042944041879,412630.0,332,319,12,1,4,0,0.0,True
NODE_D7E890F74C189D62,SEMBAWANG MRT STATION,weekend_comparison,pt20_walk5,False,20,5,31220.0,31220.0,0,0,31220.0,5370.0,0.0756610038048615,0.0756610038048615,412630.0,332,319,12,1,4,0,0.0,True
NODE_D7E890F74C189D62,SEMBAWANG MRT STATION,weekend_comparison,pt20_walk15,False,20,15,31220.0,31220.0,0,0,31220.0,5370.0,0.0756610038048615,0.0756610038048615,412630.0,332,319,12,1,4,0,0.0,True
NODE_D94D95456EA90449,ORCHARD MRT STATION,primary_weekday_after_school,pt20_walk10_primary,True,20,10,13690.0,13690.0,0,0,13690.0,1760.0,0.03317742287279161,0.03317742287279161,412630.0,332,320,12,0,3,0,0.0,True
NODE_D94D95456EA90449,ORCHARD MRT STATION,primary_weekday_after_school,pt15_walk10,False,15,10,5470.0,5470.0,0,0,5470.0,1760.0,0.01325642827714902,0.01325642827714902,412630.0,332,320,12,0,3,0,0.0,True
NODE_D94D95456EA90449,ORCHARD MRT STATION,primary_weekday_after_school,pt25_walk10,False,25,10,28370.0,28370.0,0,0,28370.0,1760.0,0.06875408962024089,0.06875408962024089,412630.0,332,320,12,0,3,0,0.0,True
NODE_D94D95456EA90449,ORCHARD MRT STATION,primary_weekday_after_school,pt20_walk5,False,20,5,13690.0,13690.0,0,0,13690.0,1760.0,0.03317742287279161,0.03317742287279161,412630.0,332,320,12,0,3,0,0.0,True
NODE_D94D95456EA90449,ORCHARD MRT STATION,primary_weekday_after_school,pt20_walk15,False,20,15,13690.0,13690.0,0,0,13690.0,1760.0,0.03317742287279161,0.03317742287279161,412630.0,332,320,12,0,3,0,0.0,True
NODE_D94D95456EA90449,ORCHARD MRT STATION,weekend_comparison,pt20_walk10_primary,True,20,10,13220.0,13220.0,0,0,13220.0,1760.0,0.03203838790199452,0.03203838790199452,412630.0,332,320,12,0,3,0,0.0,True
NODE_D94D95456EA90449,ORCHARD MRT STATION,weekend_comparison,pt15_walk10,False,15,10,5430.0,5430.0,0,0,5430.0,1760.0,0.013159489130698204,0.013159489130698204,412630.0,332,320,12,0,3,0,0.0,True
NODE_D94D95456EA90449,ORCHARD MRT STATION,weekend_comparison,pt25_walk10,False,25,10,29020.0,29020.0,0,0,29020.0,1760.0,0.07032935075006665,0.07032935075006665,412630.0,332,320,12,0,3,0,0.0,True
NODE_D94D95456EA90449,ORCHARD MRT STATION,weekend_comparison,pt20_walk5,False,20,5,13220.0,13220.0,0,0,13220.0,1760.0,0.03203838790199452,0.03203838790199452,412630.0,332,320,12,0,3,0,0.0,True
NODE_D94D95456EA90449,ORCHARD MRT STATION,weekend_comparison,pt20_walk15,False,20,15,13220.0,13220.0,0,0,13220.0,1760.0,0.03203838790199452,0.03203838790199452,412630.0,332,320,12,0,3,0,0.0,True
NODE_DA86AC9D1118FC22,SHENTON WAY MRT STATION,primary_weekday_after_school,pt20_walk10_primary,True,20,10,6140.0,6140.0,0,0,6140.0,1130.0,0.014880158980200179,0.014880158980200179,412630.0,332,319,12,1,4,0,0.0,True
NODE_DA86AC9D1118FC22,SHENTON WAY MRT STATION,primary_weekday_after_school,pt15_walk10,False,15,10,2370.0,2370.0,0,0,2370.0,1130.0,0.005743644427210819,0.005743644427210819,412630.0,332,319,12,1,4,0,0.0,True
NODE_DA86AC9D1118FC22,SHENTON WAY MRT STATION,primary_weekday_after_school,pt25_walk10,False,25,10,19240.0,19240.0,0,0,19240.0,1130.0,0.046627729442842256,0.046627729442842256,412630.0,332,319,12,1,4,0,0.0,True
NODE_DA86AC9D1118FC22,SHENTON WAY MRT STATION,primary_weekday_after_school,pt20_walk5,False,20,5,6140.0,6140.0,0,0,6140.0,1130.0,0.014880158980200179,0.014880158980200179,412630.0,332,319,12,1,4,0,0.0,True
NODE_DA86AC9D1118FC22,SHENTON WAY MRT STATION,primary_weekday_after_school,pt20_walk15,False,20,15,6140.0,6140.0,0,0,6140.0,1130.0,0.014880158980200179,0.014880158980200179,412630.0,332,319,12,1,4,0,0.0,True
NODE_DA86AC9D1118FC22,SHENTON WAY MRT STATION,weekend_comparison,pt20_walk10_primary,True,20,10,5100.0,5100.0,0,0,5100.0,1130.0,0.012359741172478976,0.012359741172478976,412630.0,332,318,12,2,5,0,0.0,True
NODE_DA86AC9D1118FC22,SHENTON WAY MRT STATION,weekend_comparison,pt15_walk10,False,15,10,2380.0,2380.0,0,0,2380.0,1130.0,0.005767879213823522,0.005767879213823522,412630.0,332,318,12,2,5,0,0.0,True
NODE_DA86AC9D1118FC22,SHENTON WAY MRT STATION,weekend_comparison,pt25_walk10,False,25,10,15500.0,15500.0,0,0,15500.0,1130.0,0.037563919249691005,0.037563919249691005,412630.0,332,318,12,2,5,0,0.0,True
NODE_DA86AC9D1118FC22,SHENTON WAY MRT STATION,weekend_comparison,pt20_walk5,False,20,5,5100.0,5100.0,0,0,5100.0,1130.0,0.012359741172478976,0.012359741172478976,412630.0,332,318,12,2,5,0,0.0,True
NODE_DA86AC9D1118FC22,SHENTON WAY MRT STATION,weekend_comparison,pt20_walk15,False,20,15,5100.0,5100.0,0,0,5100.0,1130.0,0.012359741172478976,0.012359741172478976,412630.0,332,318,12,2,5,0,0.0,True
NODE_DBF2754E4CA2136E,TANJONG KATONG MRT STATION,primary_weekday_after_school,pt20_walk10_primary,True,20,10,9390.0,9390.0,0,0,9390.0,1170.0,0.02275646462932894,0.02275646462932894,412630.0,332,318,13,1,5,0,0.0,True
NODE_DBF2754E4CA2136E,TANJONG KATONG MRT STATION,primary_weekday_after_school,pt15_walk10,False,15,10,2210.0,2210.0,0,0,2210.0,1170.0,0.005355887841407557,0.005355887841407557,412630.0,332,318,13,1,5,0,0.0,True
NODE_DBF2754E4CA2136E,TANJONG KATONG MRT STATION,primary_weekday_after_school,pt25_walk10,False,25,10,15030.0,15030.0,0,0,15030.0,1170.0,0.036424884278893926,0.036424884278893926,412630.0,332,318,13,1,5,0,0.0,True
NODE_DBF2754E4CA2136E,TANJONG KATONG MRT STATION,primary_weekday_after_school,pt20_walk5,False,20,5,9390.0,9390.0,0,0,9390.0,1170.0,0.02275646462932894,0.02275646462932894,412630.0,332,318,13,1,5,0,0.0,True
NODE_DBF2754E4CA2136E,TANJONG KATONG MRT STATION,primary_weekday_after_school,pt20_walk15,False,20,15,9390.0,9390.0,0,0,9390.0,1170.0,0.02275646462932894,0.02275646462932894,412630.0,332,318,13,1,5,0,0.0,True
NODE_DBF2754E4CA2136E,TANJONG KATONG MRT STATION,weekend_comparison,pt20_walk10_primary,True,20,10,10620.0,10620.0,0,0,10620.0,1170.0,0.025737343382691517,0.025737343382691517,412630.0,332,319,13,0,4,0,0.0,True
NODE_DBF2754E4CA2136E,TANJONG KATONG MRT STATION,weekend_comparison,pt15_walk10,False,15,10,2210.0,2210.0,0,0,2210.0,1170.0,0.005355887841407557,0.005355887841407557,412630.0,332,319,13,0,4,0,0.0,True
NODE_DBF2754E4CA2136E,TANJONG KATONG MRT STATION,weekend_comparison,pt25_walk10,False,25,10,18110.0,18110.0,0,0,18110.0,1170.0,0.04388919855560672,0.04388919855560672,412630.0,332,319,13,0,4,0,0.0,True
NODE_DBF2754E4CA2136E,TANJONG KATONG MRT STATION,weekend_comparison,pt20_walk5,False,20,5,10620.0,10620.0,0,0,10620.0,1170.0,0.025737343382691517,0.025737343382691517,412630.0,332,319,13,0,4,0,0.0,True
NODE_DBF2754E4CA2136E,TANJONG KATONG MRT STATION,weekend_comparison,pt20_walk15,False,20,15,10620.0,10620.0,0,0,10620.0,1170.0,0.025737343382691517,0.025737343382691517,412630.0,332,319,13,0,4,0,0.0,True
NODE_DC81EF0E18C3E4AA,CANTONMENT MRT STATION,primary_weekday_after_school,pt20_walk10_primary,True,20,10,2770.0,2770.0,0,0,2770.0,470.0,0.006713035891718974,0.006713035891718974,412630.0,332,318,12,2,5,0,0.0,True
NODE_DC81EF0E18C3E4AA,CANTONMENT MRT STATION,primary_weekday_after_school,pt15_walk10,False,15,10,2090.0,2090.0,0,0,2090.0,470.0,0.00506507040205511,0.00506507040205511,412630.0,332,318,12,2,5,0,0.0,True
NODE_DC81EF0E18C3E4AA,CANTONMENT MRT STATION,primary_weekday_after_school,pt25_walk10,False,25,10,7410.0,7410.0,0,0,7410.0,470.0,0.017957976880013573,0.017957976880013573,412630.0,332,318,12,2,5,0,0.0,True
NODE_DC81EF0E18C3E4AA,CANTONMENT MRT STATION,primary_weekday_after_school,pt20_walk5,False,20,5,2770.0,2770.0,0,0,2770.0,470.0,0.006713035891718974,0.006713035891718974,412630.0,332,318,12,2,5,0,0.0,True
NODE_DC81EF0E18C3E4AA,CANTONMENT MRT STATION,primary_weekday_after_school,pt20_walk15,False,20,15,2770.0,2770.0,0,0,2770.0,470.0,0.006713035891718974,0.006713035891718974,412630.0,332,318,12,2,5,0,0.0,True
NODE_DC81EF0E18C3E4AA,CANTONMENT MRT STATION,weekend_comparison,pt20_walk10_primary,True,20,10,2850.0,2850.0,0,0,2850.0,470.0,0.0069069141846206045,0.0069069141846206045,412630.0,332,320,12,0,3,0,0.0,True
NODE_DC81EF0E18C3E4AA,CANTONMENT MRT STATION,weekend_comparison,pt15_walk10,False,15,10,1420.0,1420.0,0,0,1420.0,470.0,0.00344133969900395,0.00344133969900395,412630.0,332,320,12,0,3,0,0.0,True
NODE_DC81EF0E18C3E4AA,CANTONMENT MRT STATION,weekend_comparison,pt25_walk10,False,25,10,7410.0,7410.0,0,0,7410.0,470.0,0.017957976880013573,0.017957976880013573,412630.0,332,320,12,0,3,0,0.0,True
NODE_DC81EF0E18C3E4AA,CANTONMENT MRT STATION,weekend_comparison,pt20_walk5,False,20,5,2850.0,2850.0,0,0,2850.0,470.0,0.0069069141846206045,0.0069069141846206045,412630.0,332,320,12,0,3,0,0.0,True
NODE_DC81EF0E18C3E4AA,CANTONMENT MRT STATION,weekend_comparison,pt20_walk15,False,20,15,2850.0,2850.0,0,0,2850.0,470.0,0.0069069141846206045,0.0069069141846206045,412630.0,332,320,12,0,3,0,0.0,True
NODE_DCC0FC8F75393AA4,WOODLEIGH MRT STATION,primary_weekday_after_school,pt20_walk10_primary,True,20,10,34860.0,34860.0,0,0,34860.0,2900.0,0.0844824661318857,0.0844824661318857,412630.0,332,320,12,0,3,0,0.0,True
NODE_DCC0FC8F75393AA4,WOODLEIGH MRT STATION,primary_weekday_after_school,pt15_walk10,False,15,10,8780.0,8780.0,0,0,8780.0,2900.0,0.021278142645954002,0.021278142645954002,412630.0,332,320,12,0,3,0,0.0,True
NODE_DCC0FC8F75393AA4,WOODLEIGH MRT STATION,primary_weekday_after_school,pt25_walk10,False,25,10,66630.0,66630.0,0,0,66630.0,2900.0,0.1614763832004459,0.1614763832004459,412630.0,332,320,12,0,3,0,0.0,True
NODE_DCC0FC8F75393AA4,WOODLEIGH MRT STATION,primary_weekday_after_school,pt20_walk5,False,20,5,34860.0,34860.0,0,0,34860.0,2900.0,0.0844824661318857,0.0844824661318857,412630.0,332,320,12,0,3,0,0.0,True
NODE_DCC0FC8F75393AA4,WOODLEIGH MRT STATION,primary_weekday_after_school,pt20_walk15,False,20,15,34860.0,34860.0,0,0,34860.0,2900.0,0.0844824661318857,0.0844824661318857,412630.0,332,320,12,0,3,0,0.0,True
NODE_DCC0FC8F75393AA4,WOODLEIGH MRT STATION,weekend_comparison,pt20_walk10_primary,True,20,10,34860.0,34860.0,0,0,34860.0,2900.0,0.0844824661318857,0.0844824661318857,412630.0,332,320,12,0,3,0,0.0,True
NODE_DCC0FC8F75393AA4,WOODLEIGH MRT STATION,weekend_comparison,pt15_walk10,False,15,10,8780.0,8780.0,0,0,8780.0,2900.0,0.021278142645954002,0.021278142645954002,412630.0,332,320,12,0,3,0,0.0,True
NODE_DCC0FC8F75393AA4,WOODLEIGH MRT STATION,weekend_comparison,pt25_walk10,False,25,10,73780.0,73780.0,0,0,73780.0,2900.0,0.1788042556285292,0.1788042556285292,412630.0,332,320,12,0,3,0,0.0,True
NODE_DCC0FC8F75393AA4,WOODLEIGH MRT STATION,weekend_comparison,pt20_walk5,False,20,5,34860.0,34860.0,0,0,34860.0,2900.0,0.0844824661318857,0.0844824661318857,412630.0,332,320,12,0,3,0,0.0,True
NODE_DCC0FC8F75393AA4,WOODLEIGH MRT STATION,weekend_comparison,pt20_walk15,False,20,15,34860.0,34860.0,0,0,34860.0,2900.0,0.0844824661318857,0.0844824661318857,412630.0,332,320,12,0,3,0,0.0,True
NODE_DDE2B058BC4C5A23,BAYSHORE MRT STATION,primary_weekday_after_school,pt20_walk10_primary,True,20,10,12690.0,12690.0,0,0,12690.0,1030.0,0.03075394421152122,0.03075394421152122,412630.0,332,318,13,1,5,0,0.0,True
NODE_DDE2B058BC4C5A23,BAYSHORE MRT STATION,primary_weekday_after_school,pt15_walk10,False,15,10,4490.0,4490.0,0,0,4490.0,1030.0,0.01088141918910404,0.01088141918910404,412630.0,332,318,13,1,5,0,0.0,True
NODE_DDE2B058BC4C5A23,BAYSHORE MRT STATION,primary_weekday_after_school,pt25_walk10,False,25,10,13730.0,13730.0,0,0,13730.0,1030.0,0.03327436201924242,0.03327436201924242,412630.0,332,318,13,1,5,0,0.0,True
NODE_DDE2B058BC4C5A23,BAYSHORE MRT STATION,primary_weekday_after_school,pt20_walk5,False,20,5,12690.0,12690.0,0,0,12690.0,1030.0,0.03075394421152122,0.03075394421152122,412630.0,332,318,13,1,5,0,0.0,True
NODE_DDE2B058BC4C5A23,BAYSHORE MRT STATION,primary_weekday_after_school,pt20_walk15,False,20,15,12690.0,12690.0,0,0,12690.0,1030.0,0.03075394421152122,0.03075394421152122,412630.0,332,318,13,1,5,0,0.0,True
NODE_DDE2B058BC4C5A23,BAYSHORE MRT STATION,weekend_comparison,pt20_walk10_primary,True,20,10,12690.0,12690.0,0,0,12690.0,1030.0,0.03075394421152122,0.03075394421152122,412630.0,332,319,13,0,4,0,0.0,True
NODE_DDE2B058BC4C5A23,BAYSHORE MRT STATION,weekend_comparison,pt15_walk10,False,15,10,4490.0,4490.0,0,0,4490.0,1030.0,0.01088141918910404,0.01088141918910404,412630.0,332,319,13,0,4,0,0.0,True
NODE_DDE2B058BC4C5A23,BAYSHORE MRT STATION,weekend_comparison,pt25_walk10,False,25,10,13730.0,13730.0,0,0,13730.0,1030.0,0.03327436201924242,0.03327436201924242,412630.0,332,319,13,0,4,0,0.0,True
NODE_DDE2B058BC4C5A23,BAYSHORE MRT STATION,weekend_comparison,pt20_walk5,False,20,5,12690.0,12690.0,0,0,12690.0,1030.0,0.03075394421152122,0.03075394421152122,412630.0,332,319,13,0,4,0,0.0,True
NODE_DDE2B058BC4C5A23,BAYSHORE MRT STATION,weekend_comparison,pt20_walk15,False,20,15,12690.0,12690.0,0,0,12690.0,1030.0,0.03075394421152122,0.03075394421152122,412630.0,332,319,13,0,4,0,0.0,True
NODE_DE42F66BB02CB336,LABRADOR PARK MRT STATION,primary_weekday_after_school,pt20_walk10_primary,True,20,10,5470.0,5470.0,0,0,5470.0,0,0.01325642827714902,0.01325642827714902,412630.0,332,319,12,1,4,0,0.0,True
NODE_DE42F66BB02CB336,LABRADOR PARK MRT STATION,primary_weekday_after_school,pt15_walk10,False,15,10,2080.0,2080.0,0,0,2080.0,0,0.005040835615442406,0.005040835615442406,412630.0,332,319,12,1,4,0,0.0,True
NODE_DE42F66BB02CB336,LABRADOR PARK MRT STATION,primary_weekday_after_school,pt25_walk10,False,25,10,13870.0,13870.0,0,0,13870.0,0,0.03361364903182028,0.03361364903182028,412630.0,332,319,12,1,4,0,0.0,True
NODE_DE42F66BB02CB336,LABRADOR PARK MRT STATION,primary_weekday_after_school,pt20_walk5,False,20,5,5470.0,5470.0,0,0,5470.0,0,0.01325642827714902,0.01325642827714902,412630.0,332,319,12,1,4,0,0.0,True
NODE_DE42F66BB02CB336,LABRADOR PARK MRT STATION,primary_weekday_after_school,pt20_walk15,False,20,15,5470.0,5470.0,0,0,5470.0,0,0.01325642827714902,0.01325642827714902,412630.0,332,319,12,1,4,0,0.0,True
NODE_DE42F66BB02CB336,LABRADOR PARK MRT STATION,weekend_comparison,pt20_walk10_primary,True,20,10,6740.0,6740.0,0,0,6740.0,0,0.01633424617696241,0.01633424617696241,412630.0,332,316,13,3,7,0,0.0,True
NODE_DE42F66BB02CB336,LABRADOR PARK MRT STATION,weekend_comparison,pt15_walk10,False,15,10,2080.0,2080.0,0,0,2080.0,0,0.005040835615442406,0.005040835615442406,412630.0,332,316,13,3,7,0,0.0,True
NODE_DE42F66BB02CB336,LABRADOR PARK MRT STATION,weekend_comparison,pt25_walk10,False,25,10,13770.0,13770.0,0,0,13770.0,0,0.033371301165693236,0.033371301165693236,412630.0,332,316,13,3,7,0,0.0,True
NODE_DE42F66BB02CB336,LABRADOR PARK MRT STATION,weekend_comparison,pt20_walk5,False,20,5,6740.0,6740.0,0,0,6740.0,0,0.01633424617696241,0.01633424617696241,412630.0,332,316,13,3,7,0,0.0,True
NODE_DE42F66BB02CB336,LABRADOR PARK MRT STATION,weekend_comparison,pt20_walk15,False,20,15,6740.0,6740.0,0,0,6740.0,0,0.01633424617696241,0.01633424617696241,412630.0,332,316,13,3,7,0,0.0,True
NODE_DF93DEF352AA0C20,DHOBY GHAUT MRT STATION,primary_weekday_after_school,pt20_walk10_primary,True,20,10,19240.0,19240.0,0,0,19240.0,620.0,0.046627729442842256,0.046627729442842256,412630.0,332,319,12,1,4,0,0.0,True
NODE_DF93DEF352AA0C20,DHOBY GHAUT MRT STATION,primary_weekday_after_school,pt15_walk10,False,15,10,6860.0,6860.0,0,0,6860.0,620.0,0.01662506361631486,0.01662506361631486,412630.0,332,319,12,1,4,0,0.0,True
NODE_DF93DEF352AA0C20,DHOBY GHAUT MRT STATION,primary_weekday_after_school,pt25_walk10,False,25,10,40040.0,40040.0,0,0,40040.0,620.0,0.09703608559726631,0.09703608559726631,412630.0,332,319,12,1,4,0,0.0,True
NODE_DF93DEF352AA0C20,DHOBY GHAUT MRT STATION,primary_weekday_after_school,pt20_walk5,False,20,5,19240.0,19240.0,0,0,19240.0,620.0,0.046627729442842256,0.046627729442842256,412630.0,332,319,12,1,4,0,0.0,True
NODE_DF93DEF352AA0C20,DHOBY GHAUT MRT STATION,primary_weekday_after_school,pt20_walk15,False,20,15,19240.0,19240.0,0,0,19240.0,620.0,0.046627729442842256,0.046627729442842256,412630.0,332,319,12,1,4,0,0.0,True
NODE_DF93DEF352AA0C20,DHOBY GHAUT MRT STATION,weekend_comparison,pt20_walk10_primary,True,20,10,19240.0,19240.0,0,0,19240.0,620.0,0.046627729442842256,0.046627729442842256,412630.0,332,320,12,0,3,0,0.0,True
NODE_DF93DEF352AA0C20,DHOBY GHAUT MRT STATION,weekend_comparison,pt15_walk10,False,15,10,5950.0,5950.0,0,0,5950.0,620.0,0.014419698034558805,0.014419698034558805,412630.0,332,320,12,0,3,0,0.0,True
NODE_DF93DEF352AA0C20,DHOBY GHAUT MRT STATION,weekend_comparison,pt25_walk10,False,25,10,36630.0,36630.0,0,0,36630.0,620.0,0.08877202336233429,0.08877202336233429,412630.0,332,320,12,0,3,0,0.0,True
NODE_DF93DEF352AA0C20,DHOBY GHAUT MRT STATION,weekend_comparison,pt20_walk5,False,20,5,19240.0,19240.0,0,0,19240.0,620.0,0.046627729442842256,0.046627729442842256,412630.0,332,320,12,0,3,0,0.0,True
NODE_DF93DEF352AA0C20,DHOBY GHAUT MRT STATION,weekend_comparison,pt20_walk15,False,20,15,19240.0,19240.0,0,0,19240.0,620.0,0.046627729442842256,0.046627729442842256,412630.0,332,320,12,0,3,0,0.0,True
NODE_E0A33B44C0237FBC,SIGLAP MRT STATION,primary_weekday_after_school,pt20_walk10_primary,True,20,10,12700.0,12700.0,0,0,12700.0,650.0,0.030778178998133923,0.030778178998133923,412630.0,332,318,13,1,5,0,0.0,True
NODE_E0A33B44C0237FBC,SIGLAP MRT STATION,primary_weekday_after_school,pt15_walk10,False,15,10,650.0,650.0,0,0,650.0,650.0,0.0015752611298257518,0.0015752611298257518,412630.0,332,318,13,1,5,0,0.0,True
NODE_E0A33B44C0237FBC,SIGLAP MRT STATION,primary_weekday_after_school,pt25_walk10,False,25,10,19030.0,19030.0,0,0,19030.0,650.0,0.046118798923975475,0.046118798923975475,412630.0,332,318,13,1,5,0,0.0,True
NODE_E0A33B44C0237FBC,SIGLAP MRT STATION,primary_weekday_after_school,pt20_walk5,False,20,5,12700.0,12700.0,0,0,12700.0,650.0,0.030778178998133923,0.030778178998133923,412630.0,332,318,13,1,5,0,0.0,True
NODE_E0A33B44C0237FBC,SIGLAP MRT STATION,primary_weekday_after_school,pt20_walk15,False,20,15,12700.0,12700.0,0,0,12700.0,650.0,0.030778178998133923,0.030778178998133923,412630.0,332,318,13,1,5,0,0.0,True
NODE_E0A33B44C0237FBC,SIGLAP MRT STATION,weekend_comparison,pt20_walk10_primary,True,20,10,12700.0,12700.0,0,0,12700.0,650.0,0.030778178998133923,0.030778178998133923,412630.0,332,319,13,0,4,0,0.0,True
NODE_E0A33B44C0237FBC,SIGLAP MRT STATION,weekend_comparison,pt15_walk10,False,15,10,650.0,650.0,0,0,650.0,650.0,0.0015752611298257518,0.0015752611298257518,412630.0,332,319,13,0,4,0,0.0,True
NODE_E0A33B44C0237FBC,SIGLAP MRT STATION,weekend_comparison,pt25_walk10,False,25,10,22060.0,22060.0,0,0,22060.0,650.0,0.05346193926762475,0.05346193926762475,412630.0,332,319,13,0,4,0,0.0,True
NODE_E0A33B44C0237FBC,SIGLAP MRT STATION,weekend_comparison,pt20_walk5,False,20,5,12700.0,12700.0,0,0,12700.0,650.0,0.030778178998133923,0.030778178998133923,412630.0,332,319,13,0,4,0,0.0,True
NODE_E0A33B44C0237FBC,SIGLAP MRT STATION,weekend_comparison,pt20_walk15,False,20,15,12700.0,12700.0,0,0,12700.0,650.0,0.030778178998133923,0.030778178998133923,412630.0,332,319,13,0,4,0,0.0,True
NODE_E0C109E03C86EF62,ANG MO KIO MRT STATION,primary_weekday_after_school,pt20_walk10_primary,True,20,10,24570.0,24570.0,0,0,24570.0,3940.0,0.05954487070741342,0.05954487070741342,412630.0,332,318,13,1,5,0,0.0,True
NODE_E0C109E03C86EF62,ANG MO KIO MRT STATION,primary_weekday_after_school,pt15_walk10,False,15,10,9020.0,9020.0,0,0,9020.0,3940.0,0.021859777524658897,0.021859777524658897,412630.0,332,318,13,1,5,0,0.0,True
NODE_E0C109E03C86EF62,ANG MO KIO MRT STATION,primary_weekday_after_school,pt25_walk10,False,25,10,34440.0,34440.0,0,0,34440.0,3940.0,0.08346460509415214,0.08346460509415214,412630.0,332,318,13,1,5,0,0.0,True
NODE_E0C109E03C86EF62,ANG MO KIO MRT STATION,primary_weekday_after_school,pt20_walk5,False,20,5,24570.0,24570.0,0,0,24570.0,3940.0,0.05954487070741342,0.05954487070741342,412630.0,332,318,13,1,5,0,0.0,True
NODE_E0C109E03C86EF62,ANG MO KIO MRT STATION,primary_weekday_after_school,pt20_walk15,False,20,15,24570.0,24570.0,0,0,24570.0,3940.0,0.05954487070741342,0.05954487070741342,412630.0,332,318,13,1,5,0,0.0,True
NODE_E0C109E03C86EF62,ANG MO KIO MRT STATION,weekend_comparison,pt20_walk10_primary,True,20,10,24570.0,24570.0,0,0,24570.0,3940.0,0.05954487070741342,0.05954487070741342,412630.0,332,320,12,0,3,0,0.0,True
NODE_E0C109E03C86EF62,ANG MO KIO MRT STATION,weekend_comparison,pt15_walk10,False,15,10,9020.0,9020.0,0,0,9020.0,3940.0,0.021859777524658897,0.021859777524658897,412630.0,332,320,12,0,3,0,0.0,True
NODE_E0C109E03C86EF62,ANG MO KIO MRT STATION,weekend_comparison,pt25_walk10,False,25,10,31620.0,31620.0,0,0,31620.0,3940.0,0.07663039526936966,0.07663039526936966,412630.0,332,320,12,0,3,0,0.0,True
NODE_E0C109E03C86EF62,ANG MO KIO MRT STATION,weekend_comparison,pt20_walk5,False,20,5,24570.0,24570.0,0,0,24570.0,3940.0,0.05954487070741342,0.05954487070741342,412630.0,332,320,12,0,3,0,0.0,True
NODE_E0C109E03C86EF62,ANG MO KIO MRT STATION,weekend_comparison,pt20_walk15,False,20,15,24570.0,24570.0,0,0,24570.0,3940.0,0.05954487070741342,0.05954487070741342,412630.0,332,320,12,0,3,0,0.0,True
NODE_E1D24242FA1871CF,BRIGHT HILL MRT STATION,primary_weekday_after_school,pt20_walk10_primary,True,20,10,10160.0,10160.0,0,0,10160.0,4620.0,0.024622543198507138,0.024622543198507138,412630.0,332,318,12,2,5,0,0.0,True
NODE_E1D24242FA1871CF,BRIGHT HILL MRT STATION,primary_weekday_after_school,pt15_walk10,False,15,10,4810.0,4810.0,0,0,4810.0,4620.0,0.011656932360710564,0.011656932360710564,412630.0,332,318,12,2,5,0,0.0,True
NODE_E1D24242FA1871CF,BRIGHT HILL MRT STATION,primary_weekday_after_school,pt25_walk10,False,25,10,18290.0,18290.0,0,0,18290.0,4620.0,0.04432542471463539,0.04432542471463539,412630.0,332,318,12,2,5,0,0.0,True
NODE_E1D24242FA1871CF,BRIGHT HILL MRT STATION,primary_weekday_after_school,pt20_walk5,False,20,5,10160.0,10160.0,0,0,10160.0,4620.0,0.024622543198507138,0.024622543198507138,412630.0,332,318,12,2,5,0,0.0,True
NODE_E1D24242FA1871CF,BRIGHT HILL MRT STATION,primary_weekday_after_school,pt20_walk15,False,20,15,10160.0,10160.0,0,0,10160.0,4620.0,0.024622543198507138,0.024622543198507138,412630.0,332,318,12,2,5,0,0.0,True
NODE_E1D24242FA1871CF,BRIGHT HILL MRT STATION,weekend_comparison,pt20_walk10_primary,True,20,10,10160.0,10160.0,0,0,10160.0,4620.0,0.024622543198507138,0.024622543198507138,412630.0,332,318,12,2,5,0,0.0,True
NODE_E1D24242FA1871CF,BRIGHT HILL MRT STATION,weekend_comparison,pt15_walk10,False,15,10,4810.0,4810.0,0,0,4810.0,4620.0,0.011656932360710564,0.011656932360710564,412630.0,332,318,12,2,5,0,0.0,True
NODE_E1D24242FA1871CF,BRIGHT HILL MRT STATION,weekend_comparison,pt25_walk10,False,25,10,14470.0,14470.0,0,0,14470.0,4620.0,0.03506773622858251,0.03506773622858251,412630.0,332,318,12,2,5,0,0.0,True
NODE_E1D24242FA1871CF,BRIGHT HILL MRT STATION,weekend_comparison,pt20_walk5,False,20,5,10160.0,10160.0,0,0,10160.0,4620.0,0.024622543198507138,0.024622543198507138,412630.0,332,318,12,2,5,0,0.0,True
NODE_E1D24242FA1871CF,BRIGHT HILL MRT STATION,weekend_comparison,pt20_walk15,False,20,15,10160.0,10160.0,0,0,10160.0,4620.0,0.024622543198507138,0.024622543198507138,412630.0,332,318,12,2,5,0,0.0,True
NODE_E30E66328EE90491,MACPHERSON MRT STATION,primary_weekday_after_school,pt20_walk10_primary,True,20,10,16010.0,16010.0,0,0,16010.0,2830.0,0.038799893366938905,0.038799893366938905,412630.0,332,315,13,4,8,0,0.0,True
NODE_E30E66328EE90491,MACPHERSON MRT STATION,primary_weekday_after_school,pt15_walk10,False,15,10,9080.0,9080.0,0,0,9080.0,2830.0,0.022005186244335118,0.022005186244335118,412630.0,332,315,13,4,8,0,0.0,True
NODE_E30E66328EE90491,MACPHERSON MRT STATION,primary_weekday_after_school,pt25_walk10,False,25,10,58880.0,58880.0,0,0,58880.0,2830.0,0.14269442357560042,0.14269442357560042,412630.0,332,315,13,4,8,0,0.0,True
NODE_E30E66328EE90491,MACPHERSON MRT STATION,primary_weekday_after_school,pt20_walk5,False,20,5,16010.0,16010.0,0,0,16010.0,2830.0,0.038799893366938905,0.038799893366938905,412630.0,332,315,13,4,8,0,0.0,True
NODE_E30E66328EE90491,MACPHERSON MRT STATION,primary_weekday_after_school,pt20_walk15,False,20,15,16010.0,16010.0,0,0,16010.0,2830.0,0.038799893366938905,0.038799893366938905,412630.0,332,315,13,4,8,0,0.0,True
NODE_E30E66328EE90491,MACPHERSON MRT STATION,weekend_comparison,pt20_walk10_primary,True,20,10,17090.0,17090.0,0,0,17090.0,2830.0,0.041417250321110925,0.041417250321110925,412630.0,332,316,13,3,7,0,0.0,True
NODE_E30E66328EE90491,MACPHERSON MRT STATION,weekend_comparison,pt15_walk10,False,15,10,9080.0,9080.0,0,0,9080.0,2830.0,0.022005186244335118,0.022005186244335118,412630.0,332,316,13,3,7,0,0.0,True
NODE_E30E66328EE90491,MACPHERSON MRT STATION,weekend_comparison,pt25_walk10,False,25,10,54710.0,54710.0,0,0,54710.0,2830.0,0.13258851755810291,0.13258851755810291,412630.0,332,316,13,3,7,0,0.0,True
NODE_E30E66328EE90491,MACPHERSON MRT STATION,weekend_comparison,pt20_walk5,False,20,5,17090.0,17090.0,0,0,17090.0,2830.0,0.041417250321110925,0.041417250321110925,412630.0,332,316,13,3,7,0,0.0,True
NODE_E30E66328EE90491,MACPHERSON MRT STATION,weekend_comparison,pt20_walk15,False,20,15,17090.0,17090.0,0,0,17090.0,2830.0,0.041417250321110925,0.041417250321110925,412630.0,332,316,13,3,7,0,0.0,True
NODE_E38BFFE75BAA58C6,BRAS BASAH MRT STATION,primary_weekday_after_school,pt20_walk10_primary,True,20,10,11700.0,11700.0,0,0,11700.0,520.0,0.028354700336863534,0.028354700336863534,412630.0,332,320,11,1,3,0,0.0,True
NODE_E38BFFE75BAA58C6,BRAS BASAH MRT STATION,primary_weekday_after_school,pt15_walk10,False,15,10,2690.0,2690.0,0,0,2690.0,520.0,0.006519157598817342,0.006519157598817342,412630.0,332,320,11,1,3,0,0.0,True
NODE_E38BFFE75BAA58C6,BRAS BASAH MRT STATION,primary_weekday_after_school,pt25_walk10,False,25,10,22950.0,22950.0,0,0,22950.0,520.0,0.055618835276155396,0.055618835276155396,412630.0,332,320,11,1,3,0,0.0,True
NODE_E38BFFE75BAA58C6,BRAS BASAH MRT STATION,primary_weekday_after_school,pt20_walk5,False,20,5,11700.0,11700.0,0,0,11700.0,520.0,0.028354700336863534,0.028354700336863534,412630.0,332,320,11,1,3,0,0.0,True
NODE_E38BFFE75BAA58C6,BRAS BASAH MRT STATION,primary_weekday_after_school,pt20_walk15,False,20,15,11700.0,11700.0,0,0,11700.0,520.0,0.028354700336863534,0.028354700336863534,412630.0,332,320,11,1,3,0,0.0,True
NODE_E38BFFE75BAA58C6,BRAS BASAH MRT STATION,weekend_comparison,pt20_walk10_primary,True,20,10,10720.0,10720.0,0,0,10720.0,520.0,0.025979691248818555,0.025979691248818555,412630.0,332,321,11,0,2,0,0.0,True
NODE_E38BFFE75BAA58C6,BRAS BASAH MRT STATION,weekend_comparison,pt15_walk10,False,15,10,2590.0,2590.0,0,0,2590.0,520.0,0.006276809732690304,0.006276809732690304,412630.0,332,321,11,0,2,0,0.0,True
NODE_E38BFFE75BAA58C6,BRAS BASAH MRT STATION,weekend_comparison,pt25_walk10,False,25,10,22950.0,22950.0,0,0,22950.0,520.0,0.055618835276155396,0.055618835276155396,412630.0,332,321,11,0,2,0,0.0,True
NODE_E38BFFE75BAA58C6,BRAS BASAH MRT STATION,weekend_comparison,pt20_walk5,False,20,5,10720.0,10720.0,0,0,10720.0,520.0,0.025979691248818555,0.025979691248818555,412630.0,332,321,11,0,2,0,0.0,True
NODE_E38BFFE75BAA58C6,BRAS BASAH MRT STATION,weekend_comparison,pt20_walk15,False,20,15,10720.0,10720.0,0,0,10720.0,520.0,0.025979691248818555,0.025979691248818555,412630.0,332,321,11,0,2,0,0.0,True
NODE_E3C08F6DA6C5BF9E,MAYFLOWER MRT STATION,primary_weekday_after_school,pt20_walk10_primary,True,20,10,12660.0,12660.0,0,0,12660.0,3910.0,0.030681239851683105,0.030681239851683105,412630.0,332,318,12,2,5,0,0.0,True
NODE_E3C08F6DA6C5BF9E,MAYFLOWER MRT STATION,primary_weekday_after_school,pt15_walk10,False,15,10,5980.0,5980.0,0,0,5980.0,3910.0,0.014492402394396918,0.014492402394396918,412630.0,332,318,12,2,5,0,0.0,True
NODE_E3C08F6DA6C5BF9E,MAYFLOWER MRT STATION,primary_weekday_after_school,pt25_walk10,False,25,10,21090.0,21090.0,0,0,21090.0,3910.0,0.051111164966192474,0.051111164966192474,412630.0,332,318,12,2,5,0,0.0,True
NODE_E3C08F6DA6C5BF9E,MAYFLOWER MRT STATION,primary_weekday_after_school,pt20_walk5,False,20,5,12660.0,12660.0,0,0,12660.0,3910.0,0.030681239851683105,0.030681239851683105,412630.0,332,318,12,2,5,0,0.0,True
NODE_E3C08F6DA6C5BF9E,MAYFLOWER MRT STATION,primary_weekday_after_school,pt20_walk15,False,20,15,12660.0,12660.0,0,0,12660.0,3910.0,0.030681239851683105,0.030681239851683105,412630.0,332,318,12,2,5,0,0.0,True
NODE_E3C08F6DA6C5BF9E,MAYFLOWER MRT STATION,weekend_comparison,pt20_walk10_primary,True,20,10,12660.0,12660.0,0,0,12660.0,3910.0,0.030681239851683105,0.030681239851683105,412630.0,332,319,12,1,4,0,0.0,True
NODE_E3C08F6DA6C5BF9E,MAYFLOWER MRT STATION,weekend_comparison,pt15_walk10,False,15,10,5980.0,5980.0,0,0,5980.0,3910.0,0.014492402394396918,0.014492402394396918,412630.0,332,319,12,1,4,0,0.0,True
NODE_E3C08F6DA6C5BF9E,MAYFLOWER MRT STATION,weekend_comparison,pt25_walk10,False,25,10,18480.0,18480.0,0,0,18480.0,3910.0,0.04478588566027676,0.04478588566027676,412630.0,332,319,12,1,4,0,0.0,True
NODE_E3C08F6DA6C5BF9E,MAYFLOWER MRT STATION,weekend_comparison,pt20_walk5,False,20,5,12660.0,12660.0,0,0,12660.0,3910.0,0.030681239851683105,0.030681239851683105,412630.0,332,319,12,1,4,0,0.0,True
NODE_E3C08F6DA6C5BF9E,MAYFLOWER MRT STATION,weekend_comparison,pt20_walk15,False,20,15,12660.0,12660.0,0,0,12660.0,3910.0,0.030681239851683105,0.030681239851683105,412630.0,332,319,12,1,4,0,0.0,True
NODE_E62A238EEFE24A0E,BUKIT PANJANG MRT STATION,primary_weekday_after_school,pt20_walk10_primary,True,20,10,20080.0,20080.0,0,0,20080.0,6550.0,0.04866345151830938,0.04866345151830938,412630.0,332,318,13,1,5,0,0.0,True
NODE_E62A238EEFE24A0E,BUKIT PANJANG MRT STATION,primary_weekday_after_school,pt15_walk10,False,15,10,9070.0,9070.0,0,0,9070.0,6550.0,0.021980951457722414,0.021980951457722414,412630.0,332,318,13,1,5,0,0.0,True
NODE_E62A238EEFE24A0E,BUKIT PANJANG MRT STATION,primary_weekday_after_school,pt25_walk10,False,25,10,23760.0,23760.0,0,0,23760.0,6550.0,0.05758185299178441,0.05758185299178441,412630.0,332,318,13,1,5,0,0.0,True
NODE_E62A238EEFE24A0E,BUKIT PANJANG MRT STATION,primary_weekday_after_school,pt20_walk5,False,20,5,20080.0,20080.0,0,0,20080.0,6550.0,0.04866345151830938,0.04866345151830938,412630.0,332,318,13,1,5,0,0.0,True
NODE_E62A238EEFE24A0E,BUKIT PANJANG MRT STATION,primary_weekday_after_school,pt20_walk15,False,20,15,20080.0,20080.0,0,0,20080.0,6550.0,0.04866345151830938,0.04866345151830938,412630.0,332,318,13,1,5,0,0.0,True
NODE_E62A238EEFE24A0E,BUKIT PANJANG MRT STATION,weekend_comparison,pt20_walk10_primary,True,20,10,20080.0,20080.0,0,0,20080.0,6550.0,0.04866345151830938,0.04866345151830938,412630.0,332,318,14,0,5,0,0.0,True
NODE_E62A238EEFE24A0E,BUKIT PANJANG MRT STATION,weekend_comparison,pt15_walk10,False,15,10,9070.0,9070.0,0,0,9070.0,6550.0,0.021980951457722414,0.021980951457722414,412630.0,332,318,14,0,5,0,0.0,True
NODE_E62A238EEFE24A0E,BUKIT PANJANG MRT STATION,weekend_comparison,pt25_walk10,False,25,10,30300.0,30300.0,0,0,30300.0,6550.0,0.07343140343649274,0.07343140343649274,412630.0,332,318,14,0,5,0,0.0,True
NODE_E62A238EEFE24A0E,BUKIT PANJANG MRT STATION,weekend_comparison,pt20_walk5,False,20,5,20080.0,20080.0,0,0,20080.0,6550.0,0.04866345151830938,0.04866345151830938,412630.0,332,318,14,0,5,0,0.0,True
NODE_E62A238EEFE24A0E,BUKIT PANJANG MRT STATION,weekend_comparison,pt20_walk15,False,20,15,20080.0,20080.0,0,0,20080.0,6550.0,0.04866345151830938,0.04866345151830938,412630.0,332,318,14,0,5,0,0.0,True
NODE_E8C3D19E47931715,PRINCE EDWARD ROAD MRT STATION,primary_weekday_after_school,pt20_walk10_primary,True,20,10,4320.0,4320.0,0,0,4320.0,1090.0,0.010469427816688075,0.010469427816688075,412630.0,332,319,12,1,4,0,0.0,True
NODE_E8C3D19E47931715,PRINCE EDWARD ROAD MRT STATION,primary_weekday_after_school,pt15_walk10,False,15,10,1100.0,1100.0,0,0,1100.0,1090.0,0.002665826527397426,0.002665826527397426,412630.0,332,319,12,1,4,0,0.0,True
NODE_E8C3D19E47931715,PRINCE EDWARD ROAD MRT STATION,primary_weekday_after_school,pt25_walk10,False,25,10,9410.0,9410.0,0,0,9410.0,1090.0,0.022804934202554347,0.022804934202554347,412630.0,332,319,12,1,4,0,0.0,True
NODE_E8C3D19E47931715,PRINCE EDWARD ROAD MRT STATION,primary_weekday_after_school,pt20_walk5,False,20,5,4320.0,4320.0,0,0,4320.0,1090.0,0.010469427816688075,0.010469427816688075,412630.0,332,319,12,1,4,0,0.0,True
NODE_E8C3D19E47931715,PRINCE EDWARD ROAD MRT STATION,primary_weekday_after_school,pt20_walk15,False,20,15,4320.0,4320.0,0,0,4320.0,1090.0,0.010469427816688075,0.010469427816688075,412630.0,332,319,12,1,4,0,0.0,True
NODE_E8C3D19E47931715,PRINCE EDWARD ROAD MRT STATION,weekend_comparison,pt20_walk10_primary,True,20,10,3010.0,3010.0,0,0,3010.0,1090.0,0.007294670770423867,0.007294670770423867,412630.0,332,319,12,1,4,0,0.0,True
NODE_E8C3D19E47931715,PRINCE EDWARD ROAD MRT STATION,weekend_comparison,pt15_walk10,False,15,10,1100.0,1100.0,0,0,1100.0,1090.0,0.002665826527397426,0.002665826527397426,412630.0,332,319,12,1,4,0,0.0,True
NODE_E8C3D19E47931715,PRINCE EDWARD ROAD MRT STATION,weekend_comparison,pt25_walk10,False,25,10,8950.0,8950.0,0,0,8950.0,1090.0,0.02169013401836997,0.02169013401836997,412630.0,332,319,12,1,4,0,0.0,True
NODE_E8C3D19E47931715,PRINCE EDWARD ROAD MRT STATION,weekend_comparison,pt20_walk5,False,20,5,3010.0,3010.0,0,0,3010.0,1090.0,0.007294670770423867,0.007294670770423867,412630.0,332,319,12,1,4,0,0.0,True
NODE_E8C3D19E47931715,PRINCE EDWARD ROAD MRT STATION,weekend_comparison,pt20_walk15,False,20,15,3010.0,3010.0,0,0,3010.0,1090.0,0.007294670770423867,0.007294670770423867,412630.0,332,319,12,1,4,0,0.0,True
NODE_EC2C7494B7539964,BEAUTY WORLD MRT STATION,primary_weekday_after_school,pt20_walk10_primary,True,20,10,10540.0,10540.0,0,0,10540.0,2700.0,0.025543465089789885,0.025543465089789885,412630.0,332,318,12,2,5,0,0.0,True
NODE_EC2C7494B7539964,BEAUTY WORLD MRT STATION,primary_weekday_after_school,pt15_walk10,False,15,10,4050.0,4050.0,0,0,4050.0,2700.0,0.00981508857814507,0.00981508857814507,412630.0,332,318,12,2,5,0,0.0,True
NODE_EC2C7494B7539964,BEAUTY WORLD MRT STATION,primary_weekday_after_school,pt25_walk10,False,25,10,25970.0,25970.0,0,0,25970.0,2700.0,0.06293774083319197,0.06293774083319197,412630.0,332,318,12,2,5,0,0.0,True
NODE_EC2C7494B7539964,BEAUTY WORLD MRT STATION,primary_weekday_after_school,pt20_walk5,False,20,5,10540.0,10540.0,0,0,10540.0,2700.0,0.025543465089789885,0.025543465089789885,412630.0,332,318,12,2,5,0,0.0,True
NODE_EC2C7494B7539964,BEAUTY WORLD MRT STATION,primary_weekday_after_school,pt20_walk15,False,20,15,10540.0,10540.0,0,0,10540.0,2700.0,0.025543465089789885,0.025543465089789885,412630.0,332,318,12,2,5,0,0.0,True
NODE_EC2C7494B7539964,BEAUTY WORLD MRT STATION,weekend_comparison,pt20_walk10_primary,True,20,10,7210.0,7210.0,0,0,7210.0,2700.0,0.017473281147759492,0.017473281147759492,412630.0,332,318,12,2,5,0,0.0,True
NODE_EC2C7494B7539964,BEAUTY WORLD MRT STATION,weekend_comparison,pt15_walk10,False,15,10,4050.0,4050.0,0,0,4050.0,2700.0,0.00981508857814507,0.00981508857814507,412630.0,332,318,12,2,5,0,0.0,True
NODE_EC2C7494B7539964,BEAUTY WORLD MRT STATION,weekend_comparison,pt25_walk10,False,25,10,18610.0,18610.0,0,0,18610.0,2700.0,0.045100937886241914,0.045100937886241914,412630.0,332,318,12,2,5,0,0.0,True
NODE_EC2C7494B7539964,BEAUTY WORLD MRT STATION,weekend_comparison,pt20_walk5,False,20,5,7210.0,7210.0,0,0,7210.0,2700.0,0.017473281147759492,0.017473281147759492,412630.0,332,318,12,2,5,0,0.0,True
NODE_EC2C7494B7539964,BEAUTY WORLD MRT STATION,weekend_comparison,pt20_walk15,False,20,15,7210.0,7210.0,0,0,7210.0,2700.0,0.017473281147759492,0.017473281147759492,412630.0,332,318,12,2,5,0,0.0,True
NODE_ED21DDFBF178B6FB,STEVENS MRT STATION,primary_weekday_after_school,pt20_walk10_primary,True,20,10,10240.0,10240.0,0,0,10240.0,1520.0,0.02481642149140877,0.02481642149140877,412630.0,332,319,13,0,4,0,0.0,True
NODE_ED21DDFBF178B6FB,STEVENS MRT STATION,primary_weekday_after_school,pt15_walk10,False,15,10,2990.0,2990.0,0,0,2990.0,1520.0,0.007246201197198459,0.007246201197198459,412630.0,332,319,13,0,4,0,0.0,True
NODE_ED21DDFBF178B6FB,STEVENS MRT STATION,primary_weekday_after_school,pt25_walk10,False,25,10,22610.0,22610.0,0,0,22610.0,1520.0,0.05479485253132346,0.05479485253132346,412630.0,332,319,13,0,4,0,0.0,True
NODE_ED21DDFBF178B6FB,STEVENS MRT STATION,primary_weekday_after_school,pt20_walk5,False,20,5,10240.0,10240.0,0,0,10240.0,1520.0,0.02481642149140877,0.02481642149140877,412630.0,332,319,13,0,4,0,0.0,True
NODE_ED21DDFBF178B6FB,STEVENS MRT STATION,primary_weekday_after_school,pt20_walk15,False,20,15,10240.0,10240.0,0,0,10240.0,1520.0,0.02481642149140877,0.02481642149140877,412630.0,332,319,13,0,4,0,0.0,True
NODE_ED21DDFBF178B6FB,STEVENS MRT STATION,weekend_comparison,pt20_walk10_primary,True,20,10,6850.0,6850.0,0,0,6850.0,1520.0,0.016600828829702156,0.016600828829702156,412630.0,332,319,13,0,4,0,0.0,True
NODE_ED21DDFBF178B6FB,STEVENS MRT STATION,weekend_comparison,pt15_walk10,False,15,10,2160.0,2160.0,0,0,2160.0,1520.0,0.005234713908344037,0.005234713908344037,412630.0,332,319,13,0,4,0,0.0,True
NODE_ED21DDFBF178B6FB,STEVENS MRT STATION,weekend_comparison,pt25_walk10,False,25,10,20060.0,20060.0,0,0,20060.0,1520.0,0.04861498194508397,0.04861498194508397,412630.0,332,319,13,0,4,0,0.0,True
NODE_ED21DDFBF178B6FB,STEVENS MRT STATION,weekend_comparison,pt20_walk5,False,20,5,6850.0,6850.0,0,0,6850.0,1520.0,0.016600828829702156,0.016600828829702156,412630.0,332,319,13,0,4,0,0.0,True
NODE_ED21DDFBF178B6FB,STEVENS MRT STATION,weekend_comparison,pt20_walk15,False,20,15,6850.0,6850.0,0,0,6850.0,1520.0,0.016600828829702156,0.016600828829702156,412630.0,332,319,13,0,4,0,0.0,True
NODE_F0AC893B588B3B3B,KATONG PARK MRT STATION,primary_weekday_after_school,pt20_walk10_primary,True,20,10,6220.0,6220.0,0,0,6220.0,1170.0,0.01507403727310181,0.01507403727310181,412630.0,332,318,13,1,5,0,0.0,True
NODE_F0AC893B588B3B3B,KATONG PARK MRT STATION,primary_weekday_after_school,pt15_walk10,False,15,10,0.0,0.0,0,0,0.0,1170.0,0.0,0.0,412630.0,332,318,13,1,5,0,0.0,True
NODE_F0AC893B588B3B3B,KATONG PARK MRT STATION,primary_weekday_after_school,pt25_walk10,False,25,10,11930.0,11930.0,0,0,11930.0,1170.0,0.028912100428955725,0.028912100428955725,412630.0,332,318,13,1,5,0,0.0,True
NODE_F0AC893B588B3B3B,KATONG PARK MRT STATION,primary_weekday_after_school,pt20_walk5,False,20,5,6220.0,6220.0,0,0,6220.0,1170.0,0.01507403727310181,0.01507403727310181,412630.0,332,318,13,1,5,0,0.0,True
NODE_F0AC893B588B3B3B,KATONG PARK MRT STATION,primary_weekday_after_school,pt20_walk15,False,20,15,6220.0,6220.0,0,0,6220.0,1170.0,0.01507403727310181,0.01507403727310181,412630.0,332,318,13,1,5,0,0.0,True
NODE_F0AC893B588B3B3B,KATONG PARK MRT STATION,weekend_comparison,pt20_walk10_primary,True,20,10,6220.0,6220.0,0,0,6220.0,1170.0,0.01507403727310181,0.01507403727310181,412630.0,332,319,13,0,4,0,0.0,True
NODE_F0AC893B588B3B3B,KATONG PARK MRT STATION,weekend_comparison,pt15_walk10,False,15,10,0.0,0.0,0,0,0.0,1170.0,0.0,0.0,412630.0,332,319,13,0,4,0,0.0,True
NODE_F0AC893B588B3B3B,KATONG PARK MRT STATION,weekend_comparison,pt25_walk10,False,25,10,11970.0,11970.0,0,0,11970.0,1170.0,0.02900903957540654,0.02900903957540654,412630.0,332,319,13,0,4,0,0.0,True
NODE_F0AC893B588B3B3B,KATONG PARK MRT STATION,weekend_comparison,pt20_walk5,False,20,5,6220.0,6220.0,0,0,6220.0,1170.0,0.01507403727310181,0.01507403727310181,412630.0,332,319,13,0,4,0,0.0,True
NODE_F0AC893B588B3B3B,KATONG PARK MRT STATION,weekend_comparison,pt20_walk15,False,20,15,6220.0,6220.0,0,0,6220.0,1170.0,0.01507403727310181,0.01507403727310181,412630.0,332,319,13,0,4,0,0.0,True
NODE_F49613AD264FE740,KALLANG MRT STATION,primary_weekday_after_school,pt20_walk10_primary,True,20,10,16750.0,16750.0,0,0,16750.0,950.0,0.04059326757627899,0.04059326757627899,412630.0,332,318,12,2,5,0,0.0,True
NODE_F49613AD264FE740,KALLANG MRT STATION,primary_weekday_after_school,pt15_walk10,False,15,10,1160.0,1160.0,0,0,1160.0,950.0,0.0028112352470736493,0.0028112352470736493,412630.0,332,318,12,2,5,0,0.0,True
NODE_F49613AD264FE740,KALLANG MRT STATION,primary_weekday_after_school,pt25_walk10,False,25,10,39120.0,39120.0,0,0,39120.0,950.0,0.09480648522889756,0.09480648522889756,412630.0,332,318,12,2,5,0,0.0,True
NODE_F49613AD264FE740,KALLANG MRT STATION,primary_weekday_after_school,pt20_walk5,False,20,5,16750.0,16750.0,0,0,16750.0,950.0,0.04059326757627899,0.04059326757627899,412630.0,332,318,12,2,5,0,0.0,True
NODE_F49613AD264FE740,KALLANG MRT STATION,primary_weekday_after_school,pt20_walk15,False,20,15,16750.0,16750.0,0,0,16750.0,950.0,0.04059326757627899,0.04059326757627899,412630.0,332,318,12,2,5,0,0.0,True
NODE_F49613AD264FE740,KALLANG MRT STATION,weekend_comparison,pt20_walk10_primary,True,20,10,17790.0,17790.0,0,0,17790.0,950.0,0.04311368538400019,0.04311368538400019,412630.0,332,320,12,0,3,0,0.0,True
NODE_F49613AD264FE740,KALLANG MRT STATION,weekend_comparison,pt15_walk10,False,15,10,1160.0,1160.0,0,0,1160.0,950.0,0.0028112352470736493,0.0028112352470736493,412630.0,332,320,12,0,3,0,0.0,True
NODE_F49613AD264FE740,KALLANG MRT STATION,weekend_comparison,pt25_walk10,False,25,10,36870.0,36870.0,0,0,36870.0,950.0,0.08935365824103919,0.08935365824103919,412630.0,332,320,12,0,3,0,0.0,True
NODE_F49613AD264FE740,KALLANG MRT STATION,weekend_comparison,pt20_walk5,False,20,5,17790.0,17790.0,0,0,17790.0,950.0,0.04311368538400019,0.04311368538400019,412630.0,332,320,12,0,3,0,0.0,True
NODE_F49613AD264FE740,KALLANG MRT STATION,weekend_comparison,pt20_walk15,False,20,15,17790.0,17790.0,0,0,17790.0,950.0,0.04311368538400019,0.04311368538400019,412630.0,332,320,12,0,3,0,0.0,True
NODE_F5CC7911FED0B37A,KENT RIDGE MRT STATION,primary_weekday_after_school,pt20_walk10_primary,True,20,10,8710.0,8710.0,0,0,8710.0,0,0.021108499139665074,0.021108499139665074,412630.0,332,320,12,0,3,0,0.0,True
NODE_F5CC7911FED0B37A,KENT RIDGE MRT STATION,primary_weekday_after_school,pt15_walk10,False,15,10,500.0,500.0,0,0,500.0,0,0.0012117393306351938,0.0012117393306351938,412630.0,332,320,12,0,3,0,0.0,True
NODE_F5CC7911FED0B37A,KENT RIDGE MRT STATION,primary_weekday_after_school,pt25_walk10,False,25,10,18210.0,18210.0,0,0,18210.0,0,0.04413154642173376,0.04413154642173376,412630.0,332,320,12,0,3,0,0.0,True
NODE_F5CC7911FED0B37A,KENT RIDGE MRT STATION,primary_weekday_after_school,pt20_walk5,False,20,5,8710.0,8710.0,0,0,8710.0,0,0.021108499139665074,0.021108499139665074,412630.0,332,320,12,0,3,0,0.0,True
NODE_F5CC7911FED0B37A,KENT RIDGE MRT STATION,primary_weekday_after_school,pt20_walk15,False,20,15,8710.0,8710.0,0,0,8710.0,0,0.021108499139665074,0.021108499139665074,412630.0,332,320,12,0,3,0,0.0,True
NODE_F5CC7911FED0B37A,KENT RIDGE MRT STATION,weekend_comparison,pt20_walk10_primary,True,20,10,6790.0,6790.0,0,0,6790.0,0,0.01645542011002593,0.01645542011002593,412630.0,332,319,12,1,4,0,0.0,True
NODE_F5CC7911FED0B37A,KENT RIDGE MRT STATION,weekend_comparison,pt15_walk10,False,15,10,500.0,500.0,0,0,500.0,0,0.0012117393306351938,0.0012117393306351938,412630.0,332,319,12,1,4,0,0.0,True
NODE_F5CC7911FED0B37A,KENT RIDGE MRT STATION,weekend_comparison,pt25_walk10,False,25,10,19430.0,19430.0,0,0,19430.0,0,0.04708819038848363,0.04708819038848363,412630.0,332,319,12,1,4,0,0.0,True
NODE_F5CC7911FED0B37A,KENT RIDGE MRT STATION,weekend_comparison,pt20_walk5,False,20,5,6790.0,6790.0,0,0,6790.0,0,0.01645542011002593,0.01645542011002593,412630.0,332,319,12,1,4,0,0.0,True
NODE_F5CC7911FED0B37A,KENT RIDGE MRT STATION,weekend_comparison,pt20_walk15,False,20,15,6790.0,6790.0,0,0,6790.0,0,0.01645542011002593,0.01645542011002593,412630.0,332,319,12,1,4,0,0.0,True
NODE_FA54448135D62F7A,OUTRAM PARK MRT STATION,primary_weekday_after_school,pt20_walk10_primary,True,20,10,10590.0,10590.0,0,0,10590.0,2840.0,0.025664639022853403,0.025664639022853403,412630.0,332,318,12,2,5,0,0.0,True
NODE_FA54448135D62F7A,OUTRAM PARK MRT STATION,primary_weekday_after_school,pt15_walk10,False,15,10,6270.0,6270.0,0,0,6270.0,2840.0,0.01519521120616533,0.01519521120616533,412630.0,332,318,12,2,5,0,0.0,True
NODE_FA54448135D62F7A,OUTRAM PARK MRT STATION,primary_weekday_after_school,pt25_walk10,False,25,10,25460.0,25460.0,0,0,25460.0,2840.0,0.061701766715944066,0.061701766715944066,412630.0,332,318,12,2,5,0,0.0,True
NODE_FA54448135D62F7A,OUTRAM PARK MRT STATION,primary_weekday_after_school,pt20_walk5,False,20,5,10590.0,10590.0,0,0,10590.0,2840.0,0.025664639022853403,0.025664639022853403,412630.0,332,318,12,2,5,0,0.0,True
NODE_FA54448135D62F7A,OUTRAM PARK MRT STATION,primary_weekday_after_school,pt20_walk15,False,20,15,10590.0,10590.0,0,0,10590.0,2840.0,0.025664639022853403,0.025664639022853403,412630.0,332,318,12,2,5,0,0.0,True
NODE_FA54448135D62F7A,OUTRAM PARK MRT STATION,weekend_comparison,pt20_walk10_primary,True,20,10,10410.0,10410.0,0,0,10410.0,2840.0,0.025228412863824733,0.025228412863824733,412630.0,332,320,12,0,3,0,0.0,True
NODE_FA54448135D62F7A,OUTRAM PARK MRT STATION,weekend_comparison,pt15_walk10,False,15,10,6270.0,6270.0,0,0,6270.0,2840.0,0.01519521120616533,0.01519521120616533,412630.0,332,320,12,0,3,0,0.0,True
NODE_FA54448135D62F7A,OUTRAM PARK MRT STATION,weekend_comparison,pt25_walk10,False,25,10,23660.0,23660.0,0,0,23660.0,2840.0,0.057339505125657365,0.057339505125657365,412630.0,332,320,12,0,3,0,0.0,True
NODE_FA54448135D62F7A,OUTRAM PARK MRT STATION,weekend_comparison,pt20_walk5,False,20,5,10410.0,10410.0,0,0,10410.0,2840.0,0.025228412863824733,0.025228412863824733,412630.0,332,320,12,0,3,0,0.0,True
NODE_FA54448135D62F7A,OUTRAM PARK MRT STATION,weekend_comparison,pt20_walk15,False,20,15,10410.0,10410.0,0,0,10410.0,2840.0,0.025228412863824733,0.025228412863824733,412630.0,332,320,12,0,3,0,0.0,True
NODE_FBD766C3735845AC,HOUGANG MRT STATION,primary_weekday_after_school,pt20_walk10_primary,True,20,10,45840.0,45840.0,0,0,45840.0,9250.0,0.11109226183263457,0.11109226183263457,412630.0,332,319,12,1,4,0,0.0,True
NODE_FBD766C3735845AC,HOUGANG MRT STATION,primary_weekday_after_school,pt15_walk10,False,15,10,24910.0,24910.0,0,0,24910.0,9250.0,0.06036885345224535,0.06036885345224535,412630.0,332,319,12,1,4,0,0.0,True
NODE_FBD766C3735845AC,HOUGANG MRT STATION,primary_weekday_after_school,pt25_walk10,False,25,10,69520.0,69520.0,0,0,69520.0,9250.0,0.16848023653151734,0.16848023653151734,412630.0,332,319,12,1,4,0,0.0,True
NODE_FBD766C3735845AC,HOUGANG MRT STATION,primary_weekday_after_school,pt20_walk5,False,20,5,45840.0,45840.0,0,0,45840.0,9250.0,0.11109226183263457,0.11109226183263457,412630.0,332,319,12,1,4,0,0.0,True
NODE_FBD766C3735845AC,HOUGANG MRT STATION,primary_weekday_after_school,pt20_walk15,False,20,15,45840.0,45840.0,0,0,45840.0,9250.0,0.11109226183263457,0.11109226183263457,412630.0,332,319,12,1,4,0,0.0,True
NODE_FBD766C3735845AC,HOUGANG MRT STATION,weekend_comparison,pt20_walk10_primary,True,20,10,42930.0,42930.0,0,0,42930.0,9250.0,0.10403993892833774,0.10403993892833774,412630.0,332,320,12,0,3,0,0.0,True
NODE_FBD766C3735845AC,HOUGANG MRT STATION,weekend_comparison,pt15_walk10,False,15,10,24910.0,24910.0,0,0,24910.0,9250.0,0.06036885345224535,0.06036885345224535,412630.0,332,320,12,0,3,0,0.0,True
NODE_FBD766C3735845AC,HOUGANG MRT STATION,weekend_comparison,pt25_walk10,False,25,10,62830.0,62830.0,0,0,62830.0,9250.0,0.15226716428761844,0.15226716428761844,412630.0,332,320,12,0,3,0,0.0,True
NODE_FBD766C3735845AC,HOUGANG MRT STATION,weekend_comparison,pt20_walk5,False,20,5,42930.0,42930.0,0,0,42930.0,9250.0,0.10403993892833774,0.10403993892833774,412630.0,332,320,12,0,3,0,0.0,True
NODE_FBD766C3735845AC,HOUGANG MRT STATION,weekend_comparison,pt20_walk15,False,20,15,42930.0,42930.0,0,0,42930.0,9250.0,0.10403993892833774,0.10403993892833774,412630.0,332,320,12,0,3,0,0.0,True
NODE_FEB94D6F35655BFC,BRADDELL MRT STATION,primary_weekday_after_school,pt20_walk10_primary,True,20,10,9840.0,9840.0,0,0,9840.0,1940.0,0.023847030026900612,0.023847030026900612,412630.0,332,320,12,0,3,0,0.0,True
NODE_FEB94D6F35655BFC,BRADDELL MRT STATION,primary_weekday_after_school,pt15_walk10,False,15,10,7750.0,7750.0,0,0,7750.0,1940.0,0.018781959624845503,0.018781959624845503,412630.0,332,320,12,0,3,0,0.0,True
NODE_FEB94D6F35655BFC,BRADDELL MRT STATION,primary_weekday_after_school,pt25_walk10,False,25,10,33400.0,33400.0,0,0,33400.0,1940.0,0.08094418728643095,0.08094418728643095,412630.0,332,320,12,0,3,0,0.0,True
NODE_FEB94D6F35655BFC,BRADDELL MRT STATION,primary_weekday_after_school,pt20_walk5,False,20,5,9840.0,9840.0,0,0,9840.0,1940.0,0.023847030026900612,0.023847030026900612,412630.0,332,320,12,0,3,0,0.0,True
NODE_FEB94D6F35655BFC,BRADDELL MRT STATION,primary_weekday_after_school,pt20_walk15,False,20,15,9840.0,9840.0,0,0,9840.0,1940.0,0.023847030026900612,0.023847030026900612,412630.0,332,320,12,0,3,0,0.0,True
NODE_FEB94D6F35655BFC,BRADDELL MRT STATION,weekend_comparison,pt20_walk10_primary,True,20,10,9460.0,9460.0,0,0,9460.0,1940.0,0.022926108135617865,0.022926108135617865,412630.0,332,320,12,0,3,0,0.0,True
NODE_FEB94D6F35655BFC,BRADDELL MRT STATION,weekend_comparison,pt15_walk10,False,15,10,7750.0,7750.0,0,0,7750.0,1940.0,0.018781959624845503,0.018781959624845503,412630.0,332,320,12,0,3,0,0.0,True
NODE_FEB94D6F35655BFC,BRADDELL MRT STATION,weekend_comparison,pt25_walk10,False,25,10,29900.0,29900.0,0,0,29900.0,1940.0,0.07246201197198458,0.07246201197198458,412630.0,332,320,12,0,3,0,0.0,True
NODE_FEB94D6F35655BFC,BRADDELL MRT STATION,weekend_comparison,pt20_walk5,False,20,5,9460.0,9460.0,0,0,9460.0,1940.0,0.022926108135617865,0.022926108135617865,412630.0,332,320,12,0,3,0,0.0,True
NODE_FEB94D6F35655BFC,BRADDELL MRT STATION,weekend_comparison,pt20_walk15,False,20,15,9460.0,9460.0,0,0,9460.0,1940.0,0.022926108135617865,0.022926108135617865,412630.0,332,320,12,0,3,0,0.0,True
NODE_FEEA2CA592CBBD13,BUKIT BATOK MRT STATION,primary_weekday_after_school,pt20_walk10_primary,True,20,10,24060.0,24060.0,0,0,24060.0,5030.0,0.058308896590165527,0.058308896590165527,412630.0,332,318,13,1,5,0,0.0,True
NODE_FEEA2CA592CBBD13,BUKIT BATOK MRT STATION,primary_weekday_after_school,pt15_walk10,False,15,10,7960.0,7960.0,0,0,7960.0,5030.0,0.019290890143712283,0.019290890143712283,412630.0,332,318,13,1,5,0,0.0,True
NODE_FEEA2CA592CBBD13,BUKIT BATOK MRT STATION,primary_weekday_after_school,pt25_walk10,False,25,10,40400.0,40400.0,0,0,40400.0,5030.0,0.09790853791532365,0.09790853791532365,412630.0,332,318,13,1,5,0,0.0,True
NODE_FEEA2CA592CBBD13,BUKIT BATOK MRT STATION,primary_weekday_after_school,pt20_walk5,False,20,5,24060.0,24060.0,0,0,24060.0,5030.0,0.058308896590165527,0.058308896590165527,412630.0,332,318,13,1,5,0,0.0,True
NODE_FEEA2CA592CBBD13,BUKIT BATOK MRT STATION,primary_weekday_after_school,pt20_walk15,False,20,15,24060.0,24060.0,0,0,24060.0,5030.0,0.058308896590165527,0.058308896590165527,412630.0,332,318,13,1,5,0,0.0,True
NODE_FEEA2CA592CBBD13,BUKIT BATOK MRT STATION,weekend_comparison,pt20_walk10_primary,True,20,10,18790.0,18790.0,0,0,18790.0,5030.0,0.045537164045270584,0.045537164045270584,412630.0,332,316,13,3,7,0,0.0,True
NODE_FEEA2CA592CBBD13,BUKIT BATOK MRT STATION,weekend_comparison,pt15_walk10,False,15,10,7960.0,7960.0,0,0,7960.0,5030.0,0.019290890143712283,0.019290890143712283,412630.0,332,316,13,3,7,0,0.0,True
NODE_FEEA2CA592CBBD13,BUKIT BATOK MRT STATION,weekend_comparison,pt25_walk10,False,25,10,41870.0,41870.0,0,0,41870.0,5030.0,0.10147105154739113,0.10147105154739113,412630.0,332,316,13,3,7,0,0.0,True
NODE_FEEA2CA592CBBD13,BUKIT BATOK MRT STATION,weekend_comparison,pt20_walk5,False,20,5,18790.0,18790.0,0,0,18790.0,5030.0,0.045537164045270584,0.045537164045270584,412630.0,332,316,13,3,7,0,0.0,True
NODE_FEEA2CA592CBBD13,BUKIT BATOK MRT STATION,weekend_comparison,pt20_walk15,False,20,15,18790.0,18790.0,0,0,18790.0,5030.0,0.045537164045270584,0.045537164045270584,412630.0,332,316,13,3,7,0,0.0,True
